interval,variant,entry_mode,pattern_id,symbol,entry_date,entry_price,stop_price,target_price,target_return_pct,exit_date,exit_price,exit_reason,bars_held,pnl_per_share,return_pct,r_multiple,win,quality_win,trend_30m_pct,trend_60m_pct,trend_120m_pct,above_ema20,ema20_rising,ema20_above_ema50,above_vwap,volume_ratio
5m,early_hl_wide_3r,early-higher-low,W001,MU,2026-05-01 15:00,540.125,525.78,583.16,7.9676,2026-05-01 15:55,542.32,session_close,11,2.195,0.00406,0.15,True,False,-0.1414362675810743,0.8109616756016624,1.7184557438794767,True,True,True,True,0.7338656852706557
5m,early_hl_wide_3r,early-higher-low,W002,MU,2026-05-05 11:00,636.65,627.15,665.1501,4.4766,2026-05-05 15:00,644.28,time_exit,48,7.63,0.01198,0.8,True,True,-1.4237945152567044,0.18490932085710732,10.018226848316347,True,True,True,True,0.49215644678061476
5m,early_hl_wide_3r,early-higher-low,W003,MU,2026-05-08 10:55,709.21,699.29,738.9701,4.1962,2026-05-08 12:30,738.9701,target,19,29.7601,0.04196,3.0,True,True,-0.03522466386933765,0.48437567940144977,10.946394279409466,True,True,True,True,0.39593496062886485
5m,early_hl_wide_3r,early-higher-low,W004,MU,2026-05-08 13:05,733.0,708.78,805.66,9.9127,2026-05-08 15:55,747.07,session_close,34,14.07,0.0192,0.58,True,True,-0.7785103766538071,1.3049491460900065,2.775336591906319,True,True,True,True,0.8508626295563025
5m,early_hl_wide_3r,early-higher-low,W005,MU,2026-05-11 13:30,803.3,782.75,864.95,7.6746,2026-05-11 15:55,795.52,session_close,29,-7.78,-0.00969,-0.38,False,False,0.8409071897323317,1.6806334531332512,2.5973065407971063,True,True,True,True,0.21503186511992742
5m,early_hl_wide_3r,early-higher-low,W006,MU,2026-05-12 15:10,744.81,735.18,773.7,3.8788,2026-05-12 15:55,765.765,session_close,9,20.955,0.02813,2.18,True,True,-0.7829261964196643,0.4513177564405835,3.052754354095777,True,True,False,False,0.7947008189917767
5m,early_hl_wide_3r,early-higher-low,W007,MU,2026-05-13 15:00,799.84,790.23,828.6701,3.6045,2026-05-13 15:55,803.38,session_close,11,3.54,0.00443,0.37,True,False,-0.7453291175842924,0.5886937691464311,0.9008872329923978,False,True,True,True,0.7454352218924021
5m,early_hl_wide_3r,early-higher-low,W008,MU,2026-05-14 14:25,788.31,777.31,821.31,4.1862,2026-05-14 15:55,777.31,stop,18,-11.0,-0.01395,-1.0,False,False,-0.7929400152966282,0.2490461266309696,-0.21963368784865267,False,False,False,False,0.47680557675355945
5m,early_hl_wide_3r,early-higher-low,W009,MU,2026-05-19 13:40,722.54,706.16,771.6799,6.801,2026-05-19 14:55,706.16,stop,15,-16.38,-0.02267,-1.0,False,False,0.39320781541027916,1.0205916338929866,4.229547932836852,True,True,True,True,0.5955066462448089
5m,early_hl_wide_3r,early-higher-low,W010,MU,2026-05-20 14:40,727.8899,707.79,788.1896,8.2842,2026-05-20 15:55,732.14,session_close,15,4.2501,0.00584,0.21,True,False,-0.1591475066109127,0.3405564261806049,1.5212554898134112,True,True,True,True,0.7511859172010242
5m,early_hl_wide_3r,early-higher-low,W011,MU,2026-05-21 13:40,758.705,740.93,812.0301,7.0284,2026-05-21 15:55,761.92,session_close,27,3.215,0.00424,0.18,True,False,0.7048139018767774,0.8574293395854138,1.492901317349915,True,True,True,True,0.9943715686045872
5m,early_hl_wide_3r,early-higher-low,W012,MU,2026-05-22 12:00,765.3157,746.02,823.2027,7.5638,2026-05-22 15:55,750.79,session_close,47,-14.5257,-0.01898,-0.75,False,False,-0.23460251456093317,0.4066421880201565,1.414999589201238,True,True,True,True,0.4348050828870427
5m,early_hl_wide_3r,early-higher-low,W013,MU,2026-05-26 15:40,912.7,889.69,981.73,7.5633,2026-05-26 15:55,896.6,session_close,3,-16.1,-0.01764,-0.7,False,False,0.12945329235753977,0.861972326503091,1.9218553150049056,True,True,True,True,0.772893090553638
5m,early_hl_wide_3r,early-higher-low,W014,MU,2026-05-28 11:35,944.62,925.57,1001.77,6.0501,2026-05-28 14:45,925.57,stop,38,-19.05,-0.02017,-1.0,False,False,0.5128823935966809,1.837035912093543,1.8655898348282074,True,True,True,True,0.5145099672271026
5m,early_hl_wide_3r,early-higher-low,W015,MU,2026-05-29 10:40,962.5,941.93,1024.21,6.4114,2026-05-29 14:40,957.4,time_exit,48,-5.1,-0.0053,-0.25,False,False,-0.8894316762870891,1.0721434530645002,3.144677782519767,True,True,True,False,0.4852352167037355
5m,early_hl_wide_3r,early-higher-low,W001,SNDK,2026-05-04 15:35,1265.625,1232.29,1365.63,7.9016,2026-05-04 15:55,1256.02,session_close,4,-9.605,-0.00759,-0.29,False,False,0.6752053675678216,1.6381635289592245,2.5573934402103093,True,True,True,True,1.3052386283051935
5m,early_hl_wide_3r,early-higher-low,W002,SNDK,2026-05-05 12:40,1376.97,1354.8,1443.4799,4.8302,2026-05-05 15:55,1406.0,session_close,39,29.03,0.02108,1.31,True,True,-2.269333363608217,0.5897463435102335,0.527057893909677,False,True,True,True,1.1264791409183421
5m,early_hl_wide_3r,early-higher-low,W003,SNDK,2026-05-07 11:25,1356.17,1320.6,1462.8802,7.8685,2026-05-07 12:05,1320.6,stop,8,-35.57,-0.02623,-1.0,False,False,-0.47408033834214214,-1.7308330701115704,-3.3781294550575325,False,False,False,False,0.32510507913865855
5m,early_hl_wide_3r,early-higher-low,W004,SNDK,2026-05-08 11:00,1479.05,1434.72,1612.0402,8.9916,2026-05-08 15:00,1531.08,time_exit,48,52.0299,0.03518,1.17,True,True,0.6186444590360773,1.850079195213583,14.090906223599632,True,True,True,True,0.6069902669398891
5m,early_hl_wide_3r,early-higher-low,W007,SNDK,2026-05-11 15:10,1577.99,1552.7,1653.86,4.808,2026-05-11 15:25,1552.7,stop,3,-25.29,-0.01603,-1.0,False,False,-0.04750142430824944,0.9370018812959735,0.7385558786615176,True,True,True,True,1.066910407045491
5m,early_hl_wide_3r,early-higher-low,W008,SNDK,2026-05-15 11:05,1397.1401,1343.13,1559.1705,11.5973,2026-05-15 15:05,1407.5001,time_exit,48,10.36,0.00742,0.19,True,False,0.4031874581510442,3.0811624914665936,0.8725459589864037,True,True,False,True,0.43342794870778256
5m,early_hl_wide_3r,early-higher-low,W009,SNDK,2026-05-19 14:05,1389.37,1358.72,1481.32,6.6181,2026-05-19 15:55,1383.85,session_close,22,-5.52,-0.00397,-0.18,False,False,0.3141273107675202,0.8944343196093163,4.015994219018659,True,True,True,True,0.8133830242582848
5m,early_hl_wide_3r,early-higher-low,W010,SNDK,2026-05-22 14:25,1519.4999,1501.45,1573.6495,3.5636,2026-05-22 15:05,1501.45,stop,8,-18.0499,-0.01188,-1.0,False,False,0.07711203094906693,0.2641135688346008,0.6719202468395968,True,True,True,True,0.7521406418692442
5m,early_hl_wide_3r,early-higher-low,W011,SNDK,2026-05-26 11:25,1591.92,1552.21,1711.0502,7.4834,2026-05-26 15:25,1614.4,time_exit,48,22.48,0.01412,0.57,True,True,-0.6073459841193674,-0.5710225012989567,6.939836269505184,True,True,True,True,0.37029092807935987
5m,early_hl_wide_3r,early-higher-low,W012,SNDK,2026-05-27 15:25,1588.6342,1545.23,1718.8466,8.1965,2026-05-27 15:55,1588.9,session_close,6,0.2659,0.00017,0.01,True,False,-0.10094280332628713,-0.3453817284893912,1.010175501788546,True,False,True,True,1.1888482426224274
5m,early_hl_wide_3r,early-higher-low,W001,GLW,2026-05-07 14:40,180.405,177.11,190.29,5.4793,2026-05-07 15:55,182.44,session_close,15,2.035,0.01128,0.62,True,True,-1.6763872163901627,-1.7353152855511311,-0.02134108277701552,False,False,False,False,0.5510944629388098
5m,early_hl_wide_3r,early-higher-low,W002,GLW,2026-05-11 10:45,200.79,194.94,218.34,8.7405,2026-05-11 14:45,208.14,time_exit,48,7.35,0.03661,1.26,True,True,0.14970959263016503,-0.029886704156290023,6.030912118884957,True,True,True,True,0.3344083676889674
5m,early_hl_wide_3r,early-higher-low,W005,GLW,2026-05-12 15:00,196.39,191.99,209.59,6.7213,2026-05-12 15:55,198.3,session_close,11,1.91,0.00973,0.43,True,False,-0.47131963310856895,0.061137776825526124,2.8650750435597283,True,True,True,True,1.2126255104358088
5m,early_hl_wide_3r,early-higher-low,W006,GLW,2026-05-13 15:10,207.365,201.48,225.02,8.514,2026-05-13 15:55,206.55,session_close,9,-0.815,-0.00393,-0.14,False,False,-1.0047545105213773,-0.786913959611435,1.3635664326329344,False,False,True,True,0.6875445835549383
5m,early_hl_wide_3r,early-higher-low,W007,GLW,2026-05-14 13:00,208.76,204.44,221.72,6.2081,2026-05-14 15:55,208.29,session_close,35,-0.47,-0.00225,-0.11,False,False,-0.02637258322341074,0.6151960899804187,1.2994839512531442,True,True,True,True,0.5195897600225089
5m,early_hl_wide_3r,early-higher-low,W008,GLW,2026-05-15 10:45,198.93,193.34,215.7,8.4301,2026-05-15 14:45,195.66,time_exit,48,-3.27,-0.01644,-0.58,False,False,0.12582414662445363,1.210828709998868,-3.377936174619911,False,False,False,True,0.5412146902772514
5m,early_hl_wide_3r,early-higher-low,W009,GLW,2026-05-20 12:40,180.71,178.35,187.79,3.9179,2026-05-20 13:15,178.35,stop,7,-2.36,-0.01306,-1.0,False,False,-1.3880924770246383,-0.8758363482541665,-0.17805325742683564,False,False,True,False,0.5228990440885981
5m,early_hl_wide_3r,early-higher-low,W010,GLW,2026-05-21 11:05,188.98,184.95,201.07,6.3975,2026-05-21 15:05,191.89,time_exit,48,2.91,0.0154,0.72,True,True,0.4624190071276235,0.23332829481239603,4.880280968657735,True,True,True,True,0.5290277320692901
5m,early_hl_wide_3r,early-higher-low,W011,GLW,2026-05-21 15:10,191.88,185.6,210.72,9.8186,2026-05-21 15:55,191.94,session_close,9,0.06,0.00031,0.01,True,False,0.0469219689565481,0.2141234965833183,1.9227678520412406,True,True,True,True,0.8810901965284693
5m,early_hl_wide_3r,early-higher-low,W012,GLW,2026-05-22 13:35,194.1,191.65,201.45,3.7867,2026-05-22 15:55,193.785,session_close,28,-0.315,-0.00162,-0.13,False,False,-0.2441186653539429,0.31784082738923747,1.0042891349721694,True,True,True,True,2.154582801069545
5m,early_hl_wide_3r,early-higher-low,W013,GLW,2026-05-26 11:05,198.78,196.52,205.56,3.4108,2026-05-26 11:20,196.52,stop,3,-2.26,-0.01137,-1.0,False,False,0.29277463624235445,0.8399943309559843,3.0177289469101476,True,True,True,True,0.27533410121592117
5m,early_hl_wide_3r,early-higher-low,W001,OKLO,2026-05-01 14:00,70.9901,69.76,74.6804,5.1983,2026-05-01 15:55,70.43,session_close,23,-0.5601,-0.00789,-0.46,False,False,-0.42086900603373056,0.3392783438108893,0.8238662194367752,True,True,True,True,0.6471489971131179
5m,early_hl_wide_3r,early-higher-low,W002,OKLO,2026-05-04 11:15,71.32,69.35,77.23,8.2866,2026-05-04 12:05,69.35,stop,10,-1.97,-0.02762,-1.0,False,False,0.16136593037885394,0.8547659894994952,1.284050420249927,True,True,True,True,0.48391048701731004
5m,early_hl_wide_3r,early-higher-low,W003,OKLO,2026-05-05 14:55,67.65,66.18,72.06,6.5189,2026-05-05 15:55,68.38,session_close,12,0.73,0.01079,0.5,True,True,0.3856699160936339,1.332984090838707,1.4241460854112376,True,True,False,True,1.0431621836379312
5m,early_hl_wide_3r,early-higher-low,W004,OKLO,2026-05-06 14:15,78.03,75.64,85.2,9.1888,2026-05-06 15:55,79.61,session_close,20,1.58,0.02025,0.66,True,True,-0.7000960278200963,0.820681274611279,2.4290945183363943,True,True,True,True,0.6881814896641861
5m,early_hl_wide_3r,early-higher-low,W005,OKLO,2026-05-08 14:30,73.1,71.44,78.08,6.8126,2026-05-08 15:55,72.51,session_close,17,-0.59,-0.00807,-0.36,False,False,1.5341309071724485,2.603962290340367,3.2567470735561876,True,True,True,True,0.8346230914684052
5m,early_hl_wide_3r,early-higher-low,W006,OKLO,2026-05-11 12:10,77.368,75.24,83.752,8.2515,2026-05-11 15:55,78.11,session_close,45,0.742,0.00959,0.35,True,False,-0.33467788505732177,-0.711721314803504,1.7277656429651955,True,True,True,True,0.3661883105813751
5m,early_hl_wide_3r,early-higher-low,W008,OKLO,2026-05-12 15:10,73.52,71.79,78.71,7.0593,2026-05-12 15:55,73.645,session_close,9,0.125,0.0017,0.07,True,False,-0.6014728541638426,0.5331502139620081,2.8243908938393014,True,True,True,True,0.8080238549947627
5m,early_hl_wide_3r,early-higher-low,W009,OKLO,2026-05-14 13:10,67.06,65.4,72.04,7.4262,2026-05-14 15:55,67.21,session_close,33,0.15,0.00224,0.09,True,False,-0.7693965378566925,0.1418563819194807,2.000003713165399,True,True,False,True,0.762742106055509
5m,early_hl_wide_3r,early-higher-low,W010,OKLO,2026-05-18 15:40,58.33,56.52,63.76,9.3091,2026-05-18 15:55,58.6,session_close,3,0.27,0.00463,0.15,True,False,1.057376711514002,2.10157757444307,1.7984961953274148,True,True,False,False,1.4256622837023365
5m,early_hl_wide_3r,early-higher-low,W011,OKLO,2026-05-19 14:40,55.8,54.83,58.71,5.215,2026-05-19 15:55,55.9,session_close,15,0.1,0.00179,0.1,True,False,-0.08947608465432744,0.24239543400701447,1.8052546967764371,True,True,True,True,0.6441916905666667
5m,early_hl_wide_3r,early-higher-low,W012,OKLO,2026-05-20 11:40,60.4625,59.86,62.27,2.9895,2026-05-20 15:30,62.27,target,46,1.8075,0.02989,3.0,True,True,0.09936660737395187,1.4093962652576675,5.2319964857098,True,True,True,True,0.35279351584489305
5m,early_hl_wide_3r,early-higher-low,W013,OKLO,2026-05-21 14:30,64.29,62.56,69.48,8.0728,2026-05-21 15:55,65.1,session_close,17,0.81,0.0126,0.47,True,True,-0.19031703978771297,-0.050565880873665314,1.7139019322021554,True,True,True,True,0.41755836880740843
5m,early_hl_wide_3r,early-higher-low,W014,OKLO,2026-05-27 13:55,67.355,66.68,69.38,3.0065,2026-05-27 15:05,66.68,stop,14,-0.675,-0.01002,-1.0,False,False,-0.45093711850910934,-0.5318478468465782,2.497485331974514,False,True,False,True,0.6459840014034441
5m,early_hl_wide_3r,early-higher-low,W015,OKLO,2026-05-28 10:50,68.36,66.78,73.1,6.9339,2026-05-28 14:50,68.3,time_exit,48,-0.06,-0.00088,-0.04,False,False,0.3746103343046592,1.0500615350209186,2.0842621196858646,True,True,True,True,0.8155333598691632
5m,early_hl_wide_3r,early-higher-low,W017,OKLO,2026-05-29 12:00,68.88,66.15,77.07,11.8902,2026-05-29 15:55,66.82,end_of_data,47,-2.06,-0.02991,-0.75,False,False,2.5234475822985214,4.246140491736794,3.665508877626822,True,True,True,True,1.5217062210405397
5m,early_hl_wide_3r,early-higher-low,W002,RGTI,2026-05-04 11:15,18.545,18.2,19.58,5.581,2026-05-04 11:20,18.2,stop,1,-0.345,-0.0186,-1.0,False,False,0.36038555898103564,0.7419843785128499,6.314127697129868,True,True,True,True,0.7295188701147346
5m,early_hl_wide_3r,early-higher-low,W003,RGTI,2026-05-05 15:40,18.28,17.66,20.14,10.1751,2026-05-05 15:55,18.26,session_close,3,-0.02,-0.00109,-0.03,False,False,0.3016194315045073,0.16429729610873967,2.7031965328722096,True,True,True,True,1.2390187450776307
5m,early_hl_wide_3r,early-higher-low,W004,RGTI,2026-05-06 11:25,19.1299,18.83,20.0296,4.7031,2026-05-06 15:25,19.87,time_exit,48,0.7401,0.03869,2.47,True,True,-1.7275435316154386,-0.338720855907515,4.5367582412942475,False,True,True,False,0.5379386127494667
5m,early_hl_wide_3r,early-higher-low,W006,RGTI,2026-05-08 15:10,18.44,17.66,20.78,12.6898,2026-05-08 15:55,18.9218,session_close,9,0.4818,0.02613,0.62,True,True,0.507503433903489,-0.09156927096493073,3.439551335978619,True,False,True,True,0.6563165049070788
5m,early_hl_wide_3r,early-higher-low,W007,RGTI,2026-05-11 13:55,20.505,20.0,22.02,7.3884,2026-05-11 15:55,20.4995,session_close,24,-0.0055,-0.00027,-0.01,False,False,0.5640008561086152,0.7492850430136366,1.409494842187664,True,True,True,True,0.7569927342690069
5m,early_hl_wide_3r,early-higher-low,W008,RGTI,2026-05-13 14:40,18.7307,18.24,20.2028,7.8593,2026-05-13 15:25,18.24,stop,9,-0.4907,-0.0262,-1.0,False,False,-0.16036157719947486,1.6539253153229572,0.8063498395426194,True,True,True,True,1.0583129281333532
5m,early_hl_wide_3r,early-higher-low,W009,RGTI,2026-05-14 10:35,18.355,17.85,19.87,8.2539,2026-05-14 14:35,19.76,time_exit,48,1.405,0.07655,2.78,True,True,1.6219167390875144,0.868686811523256,-0.06477960294950513,True,True,False,True,0.431637066884671
5m,early_hl_wide_3r,early-higher-low,W011,RGTI,2026-05-14 15:10,19.6,19.03,21.31,8.7245,2026-05-14 15:55,19.25,session_close,9,-0.35,-0.01786,-0.61,False,False,-0.8603242627774454,1.0575182939674077,0.5904994550222753,True,True,True,True,1.0960800361991228
5m,early_hl_wide_3r,early-higher-low,W012,RGTI,2026-05-15 14:45,18.2,17.63,19.91,9.3956,2026-05-15 15:55,17.86,session_close,14,-0.34,-0.01868,-0.6,False,False,-0.17944423574643986,-0.1920430544829821,1.9333215689447458,True,True,False,True,0.877522739746689
5m,early_hl_wide_3r,early-higher-low,W014,RGTI,2026-05-20 11:55,16.84,16.59,17.59,4.4537,2026-05-20 15:55,16.87,time_exit,48,0.03,0.00178,0.12,True,False,-0.47296379973145175,0.11893279678780733,5.383403333125969,True,True,True,True,0.49066796355796205
5m,early_hl_wide_3r,early-higher-low,W015,RGTI,2026-05-21 14:20,21.39,20.93,22.77,6.4516,2026-05-21 15:55,22.04,session_close,19,0.65,0.03039,1.41,True,True,-0.994910441996466,0.3282517811013186,1.2062491744446069,True,False,True,True,0.888908420332222
5m,early_hl_wide_3r,early-higher-low,W016,RGTI,2026-05-22 11:10,26.115,25.16,28.98,10.9707,2026-05-22 15:10,26.09,time_exit,48,-0.025,-0.00096,-0.03,False,False,-0.19452610849303165,1.4568764698311032,22.668985456970315,True,True,True,True,0.36023622436318925
5m,early_hl_wide_3r,early-higher-low,W017,RGTI,2026-05-27 14:15,24.58,23.78,26.98,9.764,2026-05-27 15:55,24.63,session_close,20,0.05,0.00203,0.06,True,False,-0.5461174459212126,-1.098240885596613,-0.8069427644573302,False,False,True,True,0.5657294214157459
5m,early_hl_wide_3r,early-higher-low,W018,RGTI,2026-05-28 10:45,25.377,24.26,28.728,13.2049,2026-05-28 14:45,26.595,time_exit,48,1.218,0.048,1.09,True,True,1.4594153049892977,2.6081701160652226,5.3560347293473365,True,True,True,True,0.7016151604426293
5m,early_hl_wide_3r,early-higher-low,W002,IONQ,2026-05-04 11:35,47.09,46.08,50.12,6.4345,2026-05-04 12:10,46.08,stop,7,-1.01,-0.02145,-1.0,False,False,-1.9877157930140221,-2.7467948505839224,0.31956014117469067,False,False,True,False,0.6168615296334664
5m,early_hl_wide_3r,early-higher-low,W003,IONQ,2026-05-05 12:10,46.6898,45.39,50.5892,8.3517,2026-05-05 15:55,48.03,session_close,45,1.3402,0.0287,1.03,True,True,-0.1692012032085577,1.1289296944375415,2.7312265748879794,True,True,True,True,0.7004696764127541
5m,early_hl_wide_3r,early-higher-low,W005,IONQ,2026-05-06 15:00,52.41,50.82,57.18,9.1013,2026-05-06 15:55,52.53,session_close,11,0.12,0.00229,0.08,True,False,-1.688551077043643,-0.5315086895877785,1.8464543223559282,False,False,True,True,0.6535955154936876
5m,early_hl_wide_3r,early-higher-low,W006,IONQ,2026-05-11 11:15,56.605,54.68,62.38,10.2023,2026-05-11 15:15,57.3818,time_exit,48,0.7768,0.01372,0.4,True,True,0.028273242863452452,1.781575063641161,15.945358235032847,True,True,True,True,0.29138163164172304
5m,early_hl_wide_3r,early-higher-low,W008,IONQ,2026-05-12 15:20,54.69,53.02,59.7,9.1607,2026-05-12 15:55,55.87,session_close,7,1.18,0.02158,0.71,True,True,-0.3948882532012976,-0.6040795031637902,2.510774179137809,True,True,True,False,0.5657605259607593
5m,early_hl_wide_3r,early-higher-low,W009,IONQ,2026-05-13 13:05,55.64,53.93,60.77,9.22,2026-05-13 15:55,55.25,session_close,34,-0.39,-0.00701,-0.23,False,False,-0.8114821095663749,1.6913568750869912,1.5984654241327778,True,True,True,True,1.0637292224756132
5m,early_hl_wide_3r,early-higher-low,W010,IONQ,2026-05-14 11:20,57.0395,54.81,63.728,11.7261,2026-05-14 15:20,57.535,time_exit,48,0.4955,0.00869,0.22,True,False,0.6884366798653563,3.109185159420824,3.3614197627511944,True,True,True,True,0.6586988930634681
5m,early_hl_wide_3r,early-higher-low,W012,IONQ,2026-05-15 14:45,52.855,51.51,56.89,7.6341,2026-05-15 15:55,51.94,session_close,14,-0.915,-0.01731,-0.68,False,False,0.009460968705043982,0.1039595124217918,1.546293284557576,True,False,False,True,0.6109812123976973
5m,early_hl_wide_3r,early-higher-low,W013,IONQ,2026-05-19 15:10,49.123,48.13,52.102,6.0644,2026-05-19 15:55,48.445,session_close,9,-0.678,-0.0138,-0.68,False,False,0.4294459671162265,0.2447428105874616,0.3678730922810569,True,True,True,True,0.9645658678299073
5m,early_hl_wide_3r,early-higher-low,W014,IONQ,2026-05-20 11:55,51.8,50.93,54.41,5.0386,2026-05-20 15:55,52.49,time_exit,48,0.69,0.01332,0.79,True,True,-0.2134964979914944,0.4126012004221469,6.274985269225031,True,True,True,True,0.4447813874949794
5m,early_hl_wide_3r,early-higher-low,W015,IONQ,2026-05-22 12:55,64.2,62.66,68.82,7.1962,2026-05-22 15:20,62.66,stop,29,-1.54,-0.02399,-1.0,False,False,-1.1393347167656165,-0.9334310485917596,1.2696164666414766,False,True,True,True,0.7832197878528269
5m,early_hl_wide_3r,early-higher-low,W016,IONQ,2026-05-26 14:25,63.88,63.16,66.04,3.3813,2026-05-26 14:30,63.16,stop,1,-0.72,-0.01127,-1.0,False,False,-0.6610658438455541,-0.17974033227933228,0.0313265837281973,True,True,True,True,0.6468492518290296
5m,early_hl_wide_3r,early-higher-low,W017,IONQ,2026-05-27 12:05,65.01,61.96,74.16,14.0748,2026-05-27 15:55,65.38,session_close,46,0.37,0.00569,0.12,True,False,1.9921515969669068,5.2444123143221555,5.316692433660819,True,True,True,True,1.7908928686765648
5m,early_hl_wide_3r,early-higher-low,W018,IONQ,2026-05-28 10:45,67.755,65.35,74.97,10.6486,2026-05-28 14:45,69.33,time_exit,48,1.575,0.02325,0.65,True,True,0.5118332867755981,1.910343831133332,4.811263365899099,True,True,True,True,0.7992138591913726
5m,early_hl_wide_3r,early-higher-low,W019,IONQ,2026-05-29 12:45,68.89,67.39,73.39,6.5322,2026-05-29 15:55,72.06,end_of_data,38,3.17,0.04602,2.11,True,True,-1.1055337481576943,0.6281962371757599,3.005823873603286,False,True,True,True,0.4266317470689536
5m,early_hl_wide_3r,early-higher-low,W001,CSCO,2026-05-11 15:10,97.805,96.98,100.28,2.5305,2026-05-11 15:55,98.7,session_close,9,0.895,0.00915,1.08,True,False,-0.04598688773328474,-0.5035633074409795,0.2819660917880329,False,False,True,True,1.0134114469864943
5m,early_hl_wide_3r,early-higher-low,W002,CSCO,2026-05-13 15:10,100.8,99.36,105.12,4.2857,2026-05-13 15:55,101.93,session_close,9,1.13,0.01121,0.78,True,True,-0.310328629500467,-0.11266435668071395,0.293893389068689,False,False,True,True,1.318841454621068
5m,early_hl_wide_3r,early-higher-low,W003,CSCO,2026-05-15 11:05,116.985,115.71,120.81,3.2697,2026-05-15 15:05,118.04,time_exit,48,1.055,0.00902,0.83,True,False,-0.6243369036977753,-0.3237666132061112,1.2988137741325234,True,False,True,True,0.29979541855464764
5m,early_hl_wide_3r,early-higher-low,W004,CSCO,2026-05-22 10:20,119.345,118.41,122.15,2.3503,2026-05-22 14:20,119.965,time_exit,48,0.62,0.00519,0.66,True,False,-0.07535496102262229,0.8321722030403267,1.3932541010993615,True,True,True,False,0.38475927133390314
5m,early_hl_wide_3r,early-higher-low,W005,CSCO,2026-05-27 12:00,119.14,117.43,124.27,4.3059,2026-05-27 15:55,119.68,session_close,47,0.54,0.00453,0.32,True,False,-0.23026168062982855,-0.4802510327528653,-0.34707779257885374,False,False,True,True,0.6452031634051425
5m,early_hl_wide_3r,early-higher-low,W002,AMKR,2026-05-05 11:45,76.83,75.66,80.34,4.5685,2026-05-05 15:45,75.95,time_exit,48,-0.88,-0.01145,-0.75,False,False,-0.7106345534976133,0.5361733111094669,2.6509534934526346,True,True,True,True,0.5709603587757488
5m,early_hl_wide_3r,early-higher-low,W004,AMKR,2026-05-08 13:30,76.385,74.29,82.67,8.2281,2026-05-08 15:55,76.64,session_close,29,0.255,0.00334,0.12,True,False,0.466946031455473,1.8264165820170986,3.883027090498148,True,True,True,True,0.45066215586492103
5m,early_hl_wide_3r,early-higher-low,W005,AMKR,2026-05-12 15:10,72.39,71.3,75.66,4.5172,2026-05-12 15:55,73.47,session_close,9,1.08,0.01492,0.99,True,True,-0.28929479965139615,0.12449348008141126,1.965199170348364,True,True,False,True,1.6719050998681941
5m,early_hl_wide_3r,early-higher-low,W006,AMKR,2026-05-15 10:45,70.88,69.29,75.65,6.7297,2026-05-15 14:45,71.2769,time_exit,48,0.3969,0.0056,0.25,True,False,-0.4500699039264977,1.4912545847203695,-2.681155627158127,False,False,False,True,0.3190946998621924
5m,early_hl_wide_3r,early-higher-low,W007,AMKR,2026-05-18 15:40,66.0,64.9,69.3,5.0,2026-05-18 15:55,66.03,session_close,3,0.03,0.00045,0.03,True,False,0.12878255352843926,1.0716665467333408,-0.1438626397438303,True,False,False,False,0.7468156819511128
5m,early_hl_wide_3r,early-higher-low,W008,AMKR,2026-05-19 14:05,66.4,65.14,70.18,5.6928,2026-05-19 15:55,65.57,session_close,22,-0.83,-0.0125,-0.66,False,False,-0.13535319714556016,0.8046132643046988,2.012606025030128,True,True,True,True,0.7151164306761585
5m,early_hl_wide_3r,early-higher-low,W009,AMKR,2026-05-20 11:40,68.34,67.15,71.91,5.2239,2026-05-20 15:40,67.6416,time_exit,48,-0.6984,-0.01022,-0.59,False,False,0.14651791080013687,0.9302971678408101,3.138678038958842,True,True,True,True,0.40691195456919627
5m,early_hl_wide_3r,early-higher-low,W010,AMKR,2026-05-21 14:45,66.26,65.56,68.36,3.1693,2026-05-21 14:55,65.56,stop,2,-0.7,-0.01056,-1.0,False,False,0.3630280767717098,-1.294261723866319,-0.1655140112351572,False,False,False,False,1.3591807401129419
5m,early_hl_wide_3r,early-higher-low,W001,ASTS,2026-05-04 11:15,69.83,68.46,73.94,5.8857,2026-05-04 12:05,68.46,stop,10,-1.37,-0.01962,-1.0,False,False,0.021484479157640735,0.815711320847412,-2.1372033552440772,False,False,False,True,0.5000472194195074
5m,early_hl_wide_3r,early-higher-low,W002,ASTS,2026-05-05 15:25,64.57,63.11,68.95,6.7833,2026-05-05 15:55,63.85,session_close,6,-0.72,-0.01115,-0.49,False,False,0.47931721911211866,1.517767080999488,0.1413335208310773,True,True,False,False,0.8368426644311495
5m,early_hl_wide_3r,early-higher-low,W003,ASTS,2026-05-06 11:25,70.15,68.29,75.73,7.9544,2026-05-06 15:25,70.25,time_exit,48,0.1,0.00143,0.05,True,False,-0.45622676695602493,-0.236859971782033,9.74101522138222,True,True,True,True,0.4141894392481128
5m,early_hl_wide_3r,early-higher-low,W004,ASTS,2026-05-08 13:20,71.035,68.46,78.76,10.8749,2026-05-08 15:55,75.04,session_close,31,4.005,0.05638,1.56,True,True,0.289366684342407,2.6213629571087305,2.9262701842416527,True,True,True,True,0.7383675023659793
5m,early_hl_wide_3r,early-higher-low,W006,ASTS,2026-05-11 11:10,82.355,80.12,89.06,8.1416,2026-05-11 15:10,84.34,time_exit,48,1.985,0.0241,0.89,True,True,0.008621904750083509,1.7536111713103875,9.488239478431272,True,True,True,True,0.3851382957899486
5m,early_hl_wide_3r,early-higher-low,W008,ASTS,2026-05-12 15:40,73.42,70.51,82.15,11.8905,2026-05-12 15:55,73.0,session_close,3,-0.42,-0.00572,-0.14,False,False,1.8946568503799943,3.060508497032921,2.8583450147408707,True,True,False,False,1.1215778709299198
5m,early_hl_wide_3r,early-higher-low,W009,ASTS,2026-05-13 12:10,76.0823,74.11,81.9992,7.777,2026-05-13 15:55,74.795,session_close,45,-1.2873,-0.01692,-0.65,False,False,-1.5275084856644416,1.3928665747309,4.491753442292534,True,True,True,True,0.5539015090988597
5m,early_hl_wide_3r,early-higher-low,W010,ASTS,2026-05-14 15:10,83.7701,80.84,92.5604,10.4934,2026-05-14 15:55,82.975,session_close,9,-0.7951,-0.00949,-0.27,False,False,-0.32712837718831267,0.7761576985747087,0.9583619786235342,True,True,True,True,1.8669357752395697
5m,early_hl_wide_3r,early-higher-low,W011,ASTS,2026-05-15 14:45,81.45,79.21,88.17,8.2504,2026-05-15 15:55,83.66,session_close,14,2.21,0.02713,0.99,True,True,0.39418538263273906,2.232813286554003,2.7095167828895317,True,True,True,True,1.2645430669826496
5m,early_hl_wide_3r,early-higher-low,W012,ASTS,2026-05-18 15:40,86.72,83.1,97.58,12.5231,2026-05-18 15:55,86.81,session_close,3,0.09,0.00104,0.02,True,False,1.7840426372131457,3.9995190970003147,3.5215526988813473,True,True,True,True,1.3848325261350118
5m,early_hl_wide_3r,early-higher-low,W013,ASTS,2026-05-19 14:00,87.725,84.05,98.75,12.5677,2026-05-19 15:55,88.09,session_close,23,0.365,0.00416,0.1,True,False,1.0199402679142322,3.3362828563159086,7.000733323411645,True,True,True,True,1.0806746016179822
5m,early_hl_wide_3r,early-higher-low,W015,ASTS,2026-05-20 12:10,91.96,89.8,98.44,7.0465,2026-05-20 13:00,89.8,stop,10,-2.16,-0.02349,-1.0,False,False,0.3491479885336046,1.2325065609185337,4.166779325204595,True,True,True,True,0.7155663354141164
5m,early_hl_wide_3r,early-higher-low,W016,ASTS,2026-05-20 14:35,92.1301,89.35,100.4704,9.0527,2026-05-20 15:55,89.5301,session_close,16,-2.6,-0.02822,-0.94,False,False,1.1753072100878281,2.0948784793573427,0.9423567052857074,True,True,True,True,1.218569298509973
5m,early_hl_wide_3r,early-higher-low,W017,ASTS,2026-05-22 11:55,106.86,104.81,113.01,5.7552,2026-05-22 12:40,104.81,stop,9,-2.05,-0.01918,-1.0,False,False,-0.5194745031395165,0.925929129669445,2.4406599201187262,True,True,True,True,0.7518766794993408
5m,early_hl_wide_3r,early-higher-low,W019,ASTS,2026-05-26 11:05,125.82,122.24,136.56,8.536,2026-05-26 11:55,122.24,stop,10,-3.58,-0.02845,-1.0,False,False,1.002489178816246,1.985882040639808,19.999525074915447,True,True,True,True,0.5724501524805614
5m,early_hl_wide_3r,early-higher-low,W020,ASTS,2026-05-27 12:55,128.75,125.0,140.0,8.7379,2026-05-27 15:55,129.59,session_close,36,0.84,0.00652,0.22,True,False,0.034924264440983066,1.6723221603855531,3.256561218336551,True,True,True,True,0.9371851534471866
5m,early_hl_wide_3r,early-higher-low,W021,ASTS,2026-05-28 13:25,126.73,124.48,133.48,5.3263,2026-05-28 15:50,133.48,target,29,6.75,0.05326,3.0,True,True,-0.7167202514123505,0.6631450410208295,-0.0157739556645331,True,True,True,True,0.96016108364699
5m,early_hl_wide_3r,early-higher-low,W023,ASTS,2026-05-29 14:00,110.59,108.5,116.86,5.6696,2026-05-29 15:55,113.34,end_of_data,23,2.75,0.02487,1.32,True,True,-1.902949121035813,-4.156198044713921,-0.5083700238519673,False,False,False,False,0.8311265444154995
5m,early_hl_wide_3r,early-higher-low,W001,RKLB,2026-05-04 11:55,80.19,77.54,88.14,9.914,2026-05-04 15:55,80.3,time_exit,48,0.11,0.00137,0.04,True,False,0.5202794693197177,-0.9879019740610007,2.4926458705940346,True,True,True,True,0.7272982411938601
5m,early_hl_wide_3r,early-higher-low,W004,RKLB,2026-05-06 11:55,81.75,79.28,89.16,9.0642,2026-05-06 15:55,84.665,time_exit,48,2.915,0.03566,1.18,True,True,-0.006847610258653436,-0.4390373447868523,1.3118904391135278,True,True,True,True,0.4629511161067857
5m,early_hl_wide_3r,early-higher-low,W005,RKLB,2026-05-08 12:35,99.98,97.82,106.46,6.4813,2026-05-08 15:55,105.47,session_close,40,5.49,0.05491,2.54,True,True,0.33116088911346875,0.47231555684188464,3.1467093214247566,True,True,True,True,0.6999455785162063
5m,early_hl_wide_3r,early-higher-low,W006,RKLB,2026-05-11 11:05,118.33,113.54,132.7,12.144,2026-05-11 15:05,122.4024,time_exit,48,4.0724,0.03442,0.85,True,True,1.2483320092489425,3.677675575955819,15.298373287416812,True,True,True,True,0.4012590294431493
5m,early_hl_wide_3r,early-higher-low,W008,RKLB,2026-05-12 14:40,118.61,115.94,126.62,6.7532,2026-05-12 15:55,117.56,session_close,15,-1.05,-0.00885,-0.39,False,False,0.6107398629491723,0.6705998682888792,2.0564441271255784,True,True,True,True,0.906409926694139
5m,early_hl_wide_3r,early-higher-low,W009,RKLB,2026-05-13 15:10,126.53,124.89,131.45,3.8884,2026-05-13 15:50,124.89,stop,8,-1.64,-0.01296,-1.0,False,False,-0.3074735106499804,1.1680927349594583,0.3093760092031994,True,True,True,True,0.8165827496675357
5m,early_hl_wide_3r,early-higher-low,W010,RKLB,2026-05-14 13:40,130.722,126.23,144.198,10.3089,2026-05-14 15:55,132.56,session_close,27,1.838,0.01406,0.41,True,True,-0.25577569678716383,-1.565530970026563,1.2796438519266706,True,False,True,True,0.8795377458106114
5m,early_hl_wide_3r,early-higher-low,W011,RKLB,2026-05-15 15:40,126.845,123.14,137.96,8.7627,2026-05-15 15:55,124.73,session_close,3,-2.115,-0.01667,-0.57,False,False,-0.0157739556645331,0.9558779383371796,1.076553794014501,True,True,True,True,1.0064603363572437
5m,early_hl_wide_3r,early-higher-low,W012,RKLB,2026-05-18 15:40,130.82,126.57,143.57,9.7462,2026-05-18 15:55,131.24,session_close,3,0.42,0.00321,0.1,True,False,1.0355576969745872,2.6861497066739792,2.2363988903141063,True,True,True,True,1.5326108693276816
5m,early_hl_wide_3r,early-higher-low,W013,RKLB,2026-05-20 12:40,131.865,128.12,143.1,8.5201,2026-05-20 15:55,134.27,session_close,39,2.405,0.01824,0.64,True,True,-1.302594302524962,-0.6106276636739572,1.216837277388394,False,True,True,True,0.4151043685106516
5m,early_hl_wide_3r,early-higher-low,W015,RKLB,2026-05-22 10:20,136.575,131.36,152.22,11.4552,2026-05-22 14:20,136.96,time_exit,48,0.385,0.00282,0.07,True,False,2.8296164725098327,9.812745362474118,8.85047456256638,True,True,True,True,0.8251230619043096
5m,early_hl_wide_3r,early-higher-low,W016,RKLB,2026-05-26 12:10,142.31,138.59,153.47,7.842,2026-05-26 15:55,143.3,session_close,45,0.99,0.00696,0.27,True,False,-1.193367905663778,-1.63017237045181,-0.3638067867612671,False,False,True,False,0.45317703611877225
5m,early_hl_wide_3r,early-higher-low,W017,RKLB,2026-05-27 13:25,148.245,145.84,155.46,4.8669,2026-05-27 15:55,150.23,session_close,30,1.985,0.01339,0.83,True,True,-0.010113197856953526,-0.4697966095585149,3.775238318145191,True,True,True,True,0.5824384197583191
5m,early_hl_wide_3r,early-higher-low,W018,RKLB,2026-05-28 13:30,146.71,145.69,149.77,2.0858,2026-05-28 14:25,149.77,target,11,3.06,0.02086,3.0,True,True,-0.9382378986931728,-0.2209689582185037,0.057945425812011564,False,False,True,True,0.5410080730141117
5m,early_hl_wide_3r,early-higher-low,W019,RKLB,2026-05-29 12:45,141.66,137.57,153.93,8.6616,2026-05-29 15:55,143.495,end_of_data,38,1.835,0.01295,0.45,True,True,-0.1558660738824158,1.7047697364818148,4.606870161502097,True,True,False,True,0.5338252462578795
5m,early_hl_wide_3r,early-higher-low,W001,AMD,2026-05-01 15:15,359.78,354.52,375.56,4.386,2026-05-01 15:55,360.55,session_close,8,0.77,0.00214,0.15,True,False,0.33176134417578496,-0.27155392129172284,0.016672935271944134,True,False,True,True,0.972474052708996
5m,early_hl_wide_3r,early-higher-low,W002,AMD,2026-05-05 12:55,354.295,343.16,387.7001,9.4286,2026-05-05 15:55,355.32,session_close,36,1.025,0.00289,0.09,True,False,-0.10713718463923882,-0.3501554310398447,0.6977267611973703,True,True,True,True,0.531969413189795
5m,early_hl_wide_3r,early-higher-low,W003,AMD,2026-05-06 15:15,418.65,408.45,449.25,7.3092,2026-05-06 15:55,421.425,session_close,8,2.775,0.00663,0.27,True,False,-0.8971708462783723,0.20344809199390745,1.1081391609696123,True,True,True,True,1.1027294514037198
5m,early_hl_wide_3r,early-higher-low,W004,AMD,2026-05-08 12:20,441.31,429.98,475.3,7.7021,2026-05-08 15:55,455.0,session_close,43,13.69,0.03102,1.21,True,True,0.33589664249051854,1.2682979773754433,1.353186269889206,True,True,True,True,0.905814136016141
5m,early_hl_wide_3r,early-higher-low,W005,AMD,2026-05-11 15:15,463.38,460.59,471.75,1.8063,2026-05-11 15:25,460.59,stop,2,-2.79,-0.00602,-1.0,False,False,-0.4158468023685691,-1.0907352255287384,-0.07463454180833828,False,False,True,True,1.5714665363318996
5m,early_hl_wide_3r,early-higher-low,W006,AMD,2026-05-14 12:05,449.395,439.81,478.15,6.3986,2026-05-14 15:55,449.63,session_close,46,0.235,0.00052,0.02,True,False,-0.13772576808237513,-0.012233235528547048,0.40319947340772266,False,True,True,True,0.46693179608536167
5m,early_hl_wide_3r,early-higher-low,W007,AMD,2026-05-15 10:45,434.4499,424.06,465.6196,7.1745,2026-05-15 14:45,432.01,time_exit,48,-2.4399,-0.00562,-0.23,False,False,-0.5935587562416189,0.5229375425939375,-2.704339721835891,False,False,False,True,0.4320901668959201
5m,early_hl_wide_3r,early-higher-low,W008,AMD,2026-05-20 13:10,445.1,439.99,460.43,3.4442,2026-05-20 15:55,447.58,session_close,33,2.48,0.00557,0.49,True,False,0.25342619691643975,-0.2916801513834777,0.06633838533043335,True,True,True,True,0.7368639409636991
5m,early_hl_wide_3r,early-higher-low,W009,AMD,2026-05-21 15:10,444.74,437.8,465.56,4.6814,2026-05-21 15:55,449.59,session_close,9,4.85,0.01091,0.7,True,True,-0.1862402820104303,-0.014137181280660105,0.9004924954459259,True,False,True,True,0.7550489287346388
5m,early_hl_wide_3r,early-higher-low,W010,AMD,2026-05-22 14:50,470.5341,463.96,490.2564,4.1915,2026-05-22 15:55,467.51,session_close,13,-3.0241,-0.00643,-0.46,False,False,-0.413736268881737,-0.4813009796601153,0.4407689309298357,False,False,True,True,0.6433051353874135
5m,early_hl_wide_3r,early-higher-low,W011,AMD,2026-05-26 11:00,490.78,485.78,505.78,3.0564,2026-05-26 11:55,485.78,stop,11,-5.0,-0.01019,-1.0,False,False,-0.6641421450433671,-0.6661554451273144,5.132432054181391,True,True,True,True,0.2594276213827594
5m,early_hl_wide_3r,early-higher-low,W001,AVGO,2026-05-07 11:05,422.64,412.62,452.7001,7.1124,2026-05-07 14:05,412.62,stop,36,-10.02,-0.02371,-1.0,False,False,-0.4722603472817166,0.958882464839883,0.10897947335144487,True,True,True,True,0.32875850605447327
5m,early_hl_wide_3r,early-higher-low,W002,AVGO,2026-05-08 13:55,427.53,419.85,450.57,5.3891,2026-05-08 15:55,429.8978,session_close,24,2.3678,0.00554,0.31,True,False,-1.055335137874347,-0.6494840111465505,0.6663495387153384,False,False,True,True,0.4493279364686862
5m,early_hl_wide_3r,early-higher-low,W003,AVGO,2026-05-14 12:05,436.08,424.53,470.7299,7.9458,2026-05-14 15:55,439.46,session_close,46,3.38,0.00775,0.29,True,False,-0.39406847605568673,0.5372664474253552,1.540212506185834,True,True,True,True,0.4493748414146134
5m,early_hl_wide_3r,early-higher-low,W004,AVGO,2026-05-19 14:05,413.92,407.77,432.3701,4.4574,2026-05-19 15:55,411.11,session_close,22,-2.81,-0.00679,-0.46,False,False,-0.016901794236379164,0.05801666793421312,0.40265982428462355,True,True,True,True,0.8187336886518709
5m,early_hl_wide_3r,early-higher-low,W005,AVGO,2026-05-20 12:40,418.47,409.36,445.8,6.5309,2026-05-20 15:55,417.52,session_close,39,-0.95,-0.00227,-0.1,False,False,-0.2765205392394221,-0.6695809905256866,-0.019123628716566365,False,False,True,True,0.4397419592884663
5m,early_hl_wide_3r,early-higher-low,W002,ARM,2026-05-05 15:40,208.98,205.66,218.94,4.766,2026-05-05 15:55,208.84,session_close,3,-0.14,-0.00067,-0.04,False,False,-0.8445320709137394,-1.5590398929189453,0.32641736361065377,False,False,True,True,1.1032210166464824
5m,early_hl_wide_3r,early-higher-low,W003,ARM,2026-05-06 14:05,235.08,232.43,243.03,3.3818,2026-05-06 15:55,237.12,session_close,22,2.04,0.00868,0.77,True,False,-0.04676645760174347,-0.22071778163539335,-0.2736308778366059,True,True,True,True,0.7543436691096294
5m,early_hl_wide_3r,early-higher-low,W004,ARM,2026-05-11 15:10,214.43,209.16,230.24,7.373,2026-05-11 15:55,212.6,session_close,9,-1.83,-0.00853,-0.35,False,False,0.5769616725497029,-0.04428754982794825,1.7679960138414774,True,True,True,True,0.807010455960688
5m,early_hl_wide_3r,early-higher-low,W005,ARM,2026-05-13 12:10,216.6484,214.17,224.0836,3.4319,2026-05-13 15:55,221.155,session_close,45,4.5066,0.0208,1.82,True,True,-0.8403793761685985,0.17649620954958145,2.9094883103025326,True,True,True,True,0.3462950508314672
5m,early_hl_wide_3r,early-higher-low,W007,ARM,2026-05-14 11:50,220.57,214.02,240.22,8.9087,2026-05-14 15:50,228.375,time_exit,48,7.805,0.03539,1.19,True,True,-0.6896079784624032,-0.07477848275800891,1.797222970276935,True,True,True,True,0.5718317244474996
5m,early_hl_wide_3r,early-higher-low,W008,ARM,2026-05-15 11:20,211.605,207.46,224.04,5.8765,2026-05-15 15:20,210.3,time_exit,48,-1.305,-0.00617,-0.31,False,False,-0.08735158552061195,-2.105014074230238,-7.123730675108497,False,False,False,False,0.2822328345903214
5m,early_hl_wide_3r,early-higher-low,W009,ARM,2026-05-19 13:40,225.36,219.71,242.31,7.5213,2026-05-19 15:55,223.14,session_close,27,-2.22,-0.00985,-0.39,False,False,1.303602359508349,1.2353443207672843,3.833588057064774,True,True,True,True,0.6504433489011999
5m,early_hl_wide_3r,early-higher-low,W010,ARM,2026-05-21 10:40,282.225,275.36,302.82,7.2974,2026-05-21 14:40,287.845,time_exit,48,5.62,0.01991,0.82,True,True,-0.6059649452537008,1.250779848026018,11.145684820348833,True,True,True,True,0.521373018503869
5m,early_hl_wide_3r,early-higher-low,W012,ARM,2026-05-22 11:55,307.22,298.26,334.1,8.7494,2026-05-22 15:55,306.55,time_exit,48,-0.67,-0.00218,-0.07,False,False,-0.42397320070632905,-1.3814042799921489,1.6450478646718114,True,False,True,True,0.5570157156635164
5m,early_hl_wide_3r,early-higher-low,W013,ARM,2026-05-28 12:10,342.96,338.42,356.58,3.9713,2026-05-28 15:15,338.42,stop,37,-4.54,-0.01324,-1.0,False,False,0.09074116228064977,-0.07534557151761545,5.272372071378872,True,True,True,True,0.4506359983689881
5m,early_hl_wide_3r,early-higher-low,W014,ARM,2026-05-29 13:35,353.75,349.61,366.17,3.511,2026-05-29 15:25,349.61,stop,22,-4.14,-0.0117,-1.0,False,False,-0.21531910796468434,0.5173782547926997,1.9887478427761174,True,True,True,True,0.5573184080720069
5m,early_hl_wide_3r,early-higher-low,W001,SMCI,2026-05-04 11:15,28.25,28.02,28.94,2.4425,2026-05-04 11:20,28.02,stop,1,-0.23,-0.00814,-1.0,False,False,0.017696144306555972,-0.3878040234062241,4.667524661462408,True,True,True,True,0.4214328875909821
5m,early_hl_wide_3r,early-higher-low,W002,SMCI,2026-05-05 15:40,27.85,27.37,29.29,5.1706,2026-05-05 15:55,27.879,session_close,3,0.029,0.00104,0.06,True,False,0.16106346873030475,0.25153207867913974,1.1061514432721298,True,True,True,True,1.3043135999572413
5m,early_hl_wide_3r,early-higher-low,W003,SMCI,2026-05-08 11:45,35.185,34.2,38.14,8.3985,2026-05-08 15:45,34.885,time_exit,48,-0.3,-0.00853,-0.3,False,False,-0.522972079974604,1.411807696277978,7.188536899263642,True,True,True,True,0.45010687328544324
5m,early_hl_wide_3r,early-higher-low,W004,SMCI,2026-05-13 15:10,32.27,32.01,33.05,2.4171,2026-05-13 15:50,32.01,stop,8,-0.26,-0.00806,-1.0,False,False,-0.4165972122160744,0.13964929642655832,0.09304831803687019,False,False,True,False,0.6366372183904206
5m,early_hl_wide_3r,early-higher-low,W005,SMCI,2026-05-14 11:15,33.585,32.88,35.7,6.2974,2026-05-14 12:55,32.88,stop,20,-0.705,-0.02099,-1.0,False,False,0.825830426965446,2.082704122842305,4.1059435173876,True,True,True,True,0.45279294948083726
5m,early_hl_wide_3r,early-higher-low,W006,SMCI,2026-05-15 14:45,31.085,30.8,31.94,2.7505,2026-05-15 15:55,31.035,session_close,14,-0.05,-0.00161,-0.18,False,False,-0.8454279644394047,-1.1764732281641432,-0.04823730496753553,False,False,False,False,0.8441880994394306
5m,early_hl_wide_3r,early-higher-low,W007,SMCI,2026-05-18 15:40,30.77,29.71,33.95,10.3347,2026-05-18 15:55,30.86,session_close,3,0.09,0.00292,0.08,True,False,1.1008842626126336,2.4646120916566705,1.6352789045228189,True,True,True,True,1.3128739854256768
5m,early_hl_wide_3r,early-higher-low,W008,SMCI,2026-05-19 14:05,30.9601,30.0,33.8404,9.3033,2026-05-19 15:55,30.57,session_close,22,-0.3901,-0.0126,-0.41,False,False,-0.6509879929071594,-0.08034990831000677,2.0266851582071865,True,True,True,True,0.5952729635904552
5m,early_hl_wide_3r,early-higher-low,W009,SMCI,2026-05-20 12:40,33.41,32.6,35.84,7.2733,2026-05-20 15:55,33.46,session_close,39,0.05,0.0015,0.06,True,False,0.02484765396353339,0.6172894811988572,1.688677534612526,True,True,True,True,0.8038551174390245
5m,early_hl_wide_3r,early-higher-low,W010,SMCI,2026-05-21 15:10,33.04,32.17,35.65,7.8995,2026-05-21 15:55,33.45,session_close,9,0.41,0.01241,0.47,True,True,0.37982376353560277,0.15158173756364413,1.8341592043510158,True,True,True,True,0.9489397700351586
5m,early_hl_wide_3r,early-higher-low,W011,SMCI,2026-05-22 11:05,35.1801,34.28,37.8804,7.6756,2026-05-22 15:05,35.635,time_exit,48,0.4549,0.01293,0.51,True,True,0.24212814579414044,1.1788380155325573,6.330253297272281,True,True,True,True,0.5614690824893883
5m,early_hl_wide_3r,early-higher-low,W013,SMCI,2026-05-26 11:30,36.53,35.67,39.11,7.0627,2026-05-26 15:30,37.185,time_exit,48,0.655,0.01793,0.76,True,True,0.3287596429544015,1.4432183715659574,2.66919435913735,True,True,True,True,0.797479681001991
5m,early_hl_wide_3r,early-higher-low,W014,SMCI,2026-05-27 14:35,38.085,37.52,39.78,4.4506,2026-05-27 15:55,38.19,session_close,16,0.105,0.00276,0.19,True,False,1.0210802356097837,0.5809380166575506,0.2896277295349581,True,True,True,True,0.5717360067710759
5m,early_hl_wide_3r,early-higher-low,W002,TSM,2026-05-13 15:25,400.89,392.03,427.4701,6.6303,2026-05-13 15:55,399.695,session_close,6,-1.195,-0.00298,-0.13,False,False,-0.022443537265859348,-0.4955644989030561,-0.7083455022702245,False,False,True,True,0.8647749167980382
5m,early_hl_wide_3r,early-higher-low,W003,TSM,2026-05-15 11:05,404.91,399.07,422.43,4.3269,2026-05-15 15:05,406.44,time_exit,48,1.53,0.00378,0.26,True,False,-0.4368033173711039,0.3273224204165981,-3.5071231820846704,False,False,False,True,0.3484887619878439
5m,early_hl_wide_3r,early-higher-low,W004,TSM,2026-05-15 15:40,406.49,402.98,417.02,2.5905,2026-05-15 15:55,404.42,session_close,3,-2.07,-0.00509,-0.59,False,False,-0.012298935308663328,-0.3359807446480456,-0.6442098373855676,False,False,False,True,0.7296866728718266
5m,early_hl_wide_3r,early-higher-low,W005,TSM,2026-05-19 14:05,396.37,386.09,427.21,7.7806,2026-05-19 15:55,392.645,session_close,22,-3.725,-0.0094,-0.36,False,False,-0.12097196916106556,-0.33574132790396005,0.6732023671046417,True,True,True,True,1.1097300240593289
5m,early_hl_wide_3r,early-higher-low,W006,TSM,2026-05-20 10:25,399.32,393.97,415.37,4.0193,2026-05-20 14:25,401.8,time_exit,48,2.48,0.00621,0.46,True,False,0.1496475141417264,1.976661057829987,1.252802080202442,True,True,True,True,0.8861147980805606
5m,early_hl_wide_3r,early-higher-low,W007,TSM,2026-05-21 15:05,407.775,400.96,428.22,5.0138,2026-05-21 15:55,407.16,session_close,10,-0.615,-0.00151,-0.09,False,False,-0.17870307036692568,-0.5426844154916122,0.7984230089458144,False,False,True,True,0.7075424097649099
5m,early_hl_wide_3r,early-higher-low,W008,TSM,2026-05-28 13:50,422.775,420.04,430.98,1.9407,2026-05-28 15:55,424.79,session_close,25,2.015,0.00477,0.74,True,False,-0.08035268923667349,-0.7162285880137675,-0.48857912184043784,False,False,True,True,0.6398632744696354
5m,early_hl_wide_3r,early-higher-low,W001,ASML,2026-05-13 15:40,1584.4301,1546.31,1698.7902,7.2177,2026-05-13 15:55,1581.51,session_close,3,-2.92,-0.00184,-0.08,False,False,-0.027449622662067963,-0.41272845974542616,0.32649497860308685,True,False,True,True,0.6910148951205467
5m,early_hl_wide_3r,early-higher-low,W002,ASML,2026-05-14 12:25,1591.6949,1574.8,1642.3798,3.1843,2026-05-14 15:55,1584.51,session_close,42,-7.1849,-0.00451,-0.43,False,False,-0.1347834152114591,-0.20760544139871717,-0.34543432829236,False,False,True,True,0.3800419940040647
5m,early_hl_wide_3r,early-higher-low,W003,ASML,2026-05-15 11:05,1507.12,1479.26,1590.7,5.5457,2026-05-15 15:05,1512.87,time_exit,48,5.75,0.00382,0.21,True,False,-0.48425738307719124,0.8171659646607043,-5.569301601193144,False,False,False,True,0.46152975733030327
5m,early_hl_wide_3r,early-higher-low,W004,ASML,2026-05-19 14:55,1462.02,1447.26,1506.3001,3.0287,2026-05-19 15:55,1459.79,session_close,12,-2.23,-0.00153,-0.15,False,False,-0.08809765425301652,-0.17741218600733077,-0.4406618858996181,False,False,True,True,0.9930353731687194
5m,early_hl_wide_3r,early-higher-low,W005,ASML,2026-05-20 12:40,1544.12,1528.65,1590.53,3.0056,2026-05-20 15:55,1550.36,session_close,39,6.24,0.00404,0.4,True,False,-0.20316926387495826,-0.2540763666732726,0.606303145530962,True,True,True,True,0.24110346057000243
5m,early_hl_wide_3r,early-higher-low,W006,ASML,2026-05-21 15:10,1589.73,1558.1,1684.6199,5.9689,2026-05-21 15:55,1591.17,session_close,9,1.4401,0.00091,0.05,True,False,-0.265188864412258,-0.1834325184807084,1.0608686200524797,True,False,True,True,0.9172731349712049
5m,early_hl_wide_3r,early-higher-low,W007,ASML,2026-05-22 15:20,1639.0699,1617.12,1704.9198,4.0175,2026-05-22 15:55,1632.25,session_close,7,-6.8199,-0.00416,-0.31,False,False,-0.07989366570766432,-0.262992817990082,-0.13532198462123946,False,False,True,True,1.5828000054122073
5m,early_hl_wide_3r,early-higher-low,W008,ASML,2026-05-28 13:50,1613.0,1572.1,1735.7,7.6069,2026-05-28 15:55,1605.075,session_close,25,-7.925,-0.00491,-0.19,False,False,-0.3409243888730873,-0.5011507353284594,-0.46490844161614087,False,False,True,True,0.34868642236203834
5m,early_hl_wide_3r,early-higher-low,W001,MRVL,2026-05-01 15:05,165.07,162.96,171.4,3.8347,2026-05-01 15:55,164.95,session_close,10,-0.12,-0.00073,-0.06,False,False,-0.6621664321327381,-0.3171306305181143,-0.3863330770858986,False,False,True,True,0.7575506534102602
5m,early_hl_wide_3r,early-higher-low,W002,MRVL,2026-05-05 12:55,171.94,169.25,180.01,4.6935,2026-05-05 15:35,169.25,stop,32,-2.69,-0.01565,-1.0,False,False,0.3648356832100408,0.9600672211021788,3.675229953747028,True,True,True,True,0.6427975179756026
5m,early_hl_wide_3r,early-higher-low,W003,MRVL,2026-05-08 11:05,166.0,163.98,172.06,3.6506,2026-05-08 15:05,170.415,time_exit,48,4.415,0.0266,2.19,True,True,0.05427350977897927,0.18187952867587676,3.781314209634079,True,True,True,True,0.2686102015805898
5m,early_hl_wide_3r,early-higher-low,W005,MRVL,2026-05-11 10:45,168.695,164.18,182.24,8.0293,2026-05-11 14:45,170.165,time_exit,48,1.47,0.00871,0.33,True,False,-0.38972756913037143,0.5483686866045723,-0.7326302027681031,True,True,True,True,0.5719928881717679
5m,early_hl_wide_3r,early-higher-low,W007,MRVL,2026-05-15 10:45,179.14,174.0,194.56,8.6078,2026-05-15 14:45,179.74,time_exit,48,0.6,0.00335,0.12,True,False,-0.7733053795403122,1.2099962582060364,-2.1563897161879564,False,False,False,True,0.32186246754949815
5m,early_hl_wide_3r,early-higher-low,W008,MRVL,2026-05-19 14:05,181.045,176.59,194.41,7.3821,2026-05-19 15:25,176.59,stop,16,-4.455,-0.02461,-1.0,False,False,0.19369458186315747,1.3292290244494964,2.5779054117607947,True,True,True,True,0.6111575346914034
5m,early_hl_wide_3r,early-higher-low,W009,MRVL,2026-05-20 11:10,188.9317,186.94,194.9068,3.1626,2026-05-20 12:00,186.94,stop,10,-1.9917,-0.01054,-1.0,False,False,-0.957224809172097,-0.8141627334823931,6.876844950729355,True,True,True,False,0.43880473330526765
5m,early_hl_wide_3r,early-higher-low,W010,MRVL,2026-05-22 11:35,196.16,191.26,210.86,7.4939,2026-05-22 15:35,196.0817,time_exit,48,-0.0783,-0.0004,-0.02,False,False,-0.7660770932500394,0.6256416516426277,0.9517961362298877,True,True,True,True,0.9264128674787694
5m,early_hl_wide_3r,early-higher-low,W011,MRVL,2026-05-26 15:10,207.58,204.68,216.28,4.1912,2026-05-26 15:55,208.24,session_close,9,0.66,0.00318,0.23,True,False,0.004814077745063372,-0.445940024436009,0.6203794333258461,True,False,True,False,0.7530436475764122
5m,early_hl_wide_3r,early-higher-low,W012,MRVL,2026-05-27 15:25,201.42,198.35,210.63,4.5725,2026-05-27 15:55,198.35,stop,6,-3.07,-0.01524,-1.0,False,False,-0.04712595983380474,1.055717806300538,0.6091630297757833,True,True,False,False,1.1694742579907973
5m,early_hl_wide_3r,early-higher-low,W013,MRVL,2026-05-28 13:45,204.78,199.5,220.62,7.7351,2026-05-28 15:55,204.63,session_close,26,-0.15,-0.00073,-0.03,False,False,-0.7676909467550619,0.6903196142697965,4.054845785263139,True,True,True,True,0.8532592653949255
5m,early_hl_wide_3r,early-higher-low,W001,ON,2026-05-01 15:00,102.28,100.95,106.27,3.9011,2026-05-01 15:55,103.03,session_close,11,0.75,0.00733,0.56,True,False,0.06847275019623567,-0.26323159195645873,-0.019543239959007863,False,False,True,True,0.724528184057146
5m,early_hl_wide_3r,early-higher-low,W002,ON,2026-05-06 11:50,103.38,100.5,112.02,8.3575,2026-05-06 15:50,105.03,time_exit,48,1.65,0.01596,0.57,True,True,-0.40478584203228474,1.527722768418105,2.1549946588206748,True,True,True,True,0.23594607806434645
5m,early_hl_wide_3r,early-higher-low,W003,ON,2026-05-08 11:35,101.85,100.23,106.71,4.7717,2026-05-08 15:35,102.67,time_exit,48,0.82,0.00805,0.51,True,False,-0.9620064744591095,-0.9908653282507451,0.20635066832954685,False,False,True,False,0.9019182343588794
5m,early_hl_wide_3r,early-higher-low,W004,ON,2026-05-11 13:25,104.8,102.79,110.83,5.7538,2026-05-11 15:55,107.22,session_close,30,2.42,0.02309,1.2,True,True,-0.3803018869731112,-0.7389151168404773,-0.14295389825850213,False,False,True,True,0.8954136757716437
5m,early_hl_wide_3r,early-higher-low,W005,ON,2026-05-13 10:25,113.42,110.11,123.35,8.7551,2026-05-13 14:25,115.65,time_exit,48,2.23,0.01966,0.67,True,True,1.6265649113213154,8.594683468357367,10.882962010507779,True,True,True,True,0.5169343823032958
5m,early_hl_wide_3r,early-higher-low,W006,ON,2026-05-14 12:15,117.97,115.69,124.81,5.7981,2026-05-14 15:55,118.31,session_close,44,0.34,0.00288,0.15,True,False,-0.3547581477410078,0.5411873193720496,1.3836375059354644,True,True,True,True,0.5252233962651112
5m,early_hl_wide_3r,early-higher-low,W007,ON,2026-05-15 14:45,114.86,112.51,121.91,6.1379,2026-05-15 15:55,113.13,session_close,14,-1.73,-0.01506,-0.74,False,False,-0.695825298805286,-0.3815259689182504,0.8780787471942775,False,False,True,True,0.4705607508126091
5m,early_hl_wide_3r,early-higher-low,W008,ON,2026-05-19 13:20,108.23,106.18,114.38,5.6824,2026-05-19 15:50,106.18,stop,30,-2.05,-0.01894,-1.0,False,False,0.445396095281847,1.1209686259065377,2.170838242573403,True,True,True,True,1.135692553921869
5m,early_hl_wide_3r,early-higher-low,W009,ON,2026-05-20 10:50,109.745,107.39,116.81,6.4377,2026-05-20 14:50,109.21,time_exit,48,-0.535,-0.00487,-0.23,False,False,0.24679808038192697,0.5592115499664096,2.3892643063605945,True,True,True,True,0.4040635918539037
5m,early_hl_wide_3r,early-higher-low,W011,ON,2026-05-21 14:30,108.315,106.6,113.46,4.75,2026-05-21 15:55,109.6,session_close,17,1.285,0.01186,0.75,True,True,-0.39542045458055286,-0.02299066905664393,0.8851348911684598,False,True,False,False,0.3948714049664658
5m,early_hl_wide_3r,early-higher-low,W012,ON,2026-05-22 11:10,116.32,113.05,126.13,8.4336,2026-05-22 15:10,116.7991,time_exit,48,0.4791,0.00412,0.15,True,False,1.1814791096693478,2.1621894010538822,6.657513256073355,True,True,True,True,0.8735856264077874
5m,early_hl_wide_3r,early-higher-low,W014,ON,2026-05-26 11:35,126.59,125.02,131.3,3.7207,2026-05-26 11:55,125.02,stop,4,-1.57,-0.0124,-1.0,False,False,-1.3323976416289018,-1.070314645767223,3.0265995284933567,True,True,True,True,0.7446429157414598
5m,early_hl_wide_3r,early-higher-low,W016,ON,2026-05-28 13:50,124.32,122.88,128.64,3.4749,2026-05-28 15:55,123.8,session_close,25,-0.52,-0.00418,-0.36,False,False,-0.3048575035385026,-0.5606116087121582,-0.7903604313269641,False,False,True,True,0.7779177440385422
5m,early_hl_wide_3r,early-higher-low,W001,LRCX,2026-05-05 13:05,277.72,274.99,285.91,2.949,2026-05-05 15:20,274.99,stop,27,-2.73,-0.00983,-1.0,False,False,-0.10786981098039883,-0.45147077364232624,0.6265774829796289,True,True,True,True,0.8712839830333617
5m,early_hl_wide_3r,early-higher-low,W002,LRCX,2026-05-06 12:45,294.33,287.03,316.2299,7.4406,2026-05-06 15:55,296.92,session_close,38,2.59,0.0088,0.35,True,False,-0.4733627067576074,-0.5355786449964484,0.23496243043226173,False,False,True,True,0.5468079000632351
5m,early_hl_wide_3r,early-higher-low,W003,LRCX,2026-05-08 15:00,294.405,290.99,304.65,3.4799,2026-05-08 15:55,294.12,session_close,11,-0.285,-0.00097,-0.08,False,False,-0.3267076391790469,-0.5237241686381511,0.6151595924147824,False,False,True,True,0.9707576400347113
5m,early_hl_wide_3r,early-higher-low,W004,LRCX,2026-05-14 14:40,299.43,295.77,310.41,3.667,2026-05-14 15:55,299.1,session_close,15,-0.33,-0.0011,-0.09,False,False,0.11613456596910599,0.1345376608033133,-0.2339773486510488,False,False,True,True,0.8060624935118862
5m,early_hl_wide_3r,early-higher-low,W005,LRCX,2026-05-20 12:40,290.76,286.16,304.56,4.7462,2026-05-20 15:55,292.04,session_close,39,1.28,0.0044,0.28,True,False,-0.5776102267373351,-0.6081930835515559,0.7112741050433913,True,True,True,True,0.5033049326646283
5m,early_hl_wide_3r,early-higher-low,W006,LRCX,2026-05-21 14:30,301.2,294.8,320.4,6.3745,2026-05-21 15:55,302.23,session_close,17,1.03,0.00342,0.16,True,False,-0.13587978901666853,0.34041012011301053,1.1378076468687937,True,True,True,True,0.4704980180930736
5m,early_hl_wide_3r,early-higher-low,W007,LRCX,2026-05-22 12:30,307.925,301.67,326.69,6.094,2026-05-22 15:55,305.24,session_close,41,-2.685,-0.00872,-0.43,False,False,0.011358973291542007,-0.18638969433751873,-0.07788708818253776,True,False,True,True,0.95785784886333
5m,early_hl_wide_3r,early-higher-low,W008,LRCX,2026-05-26 11:20,317.73,312.89,332.25,4.5699,2026-05-26 15:20,322.64,time_exit,48,4.91,0.01545,1.01,True,True,-0.38738563326561337,-0.026756321961651786,3.87105976835469,True,True,True,True,0.6427073460623967
5m,early_hl_wide_3r,early-higher-low,W009,LRCX,2026-05-28 13:50,317.19,314.06,326.58,2.9604,2026-05-28 15:55,318.145,session_close,25,0.955,0.00301,0.31,True,False,-0.4441097556256546,-1.1237470716727427,-1.0219346222765324,False,False,True,True,1.2270683315490576
5m,early_hl_wide_3r,early-higher-low,W001,KLAC,2026-05-05 14:15,1755.46,1707.42,1899.5798,8.2098,2026-05-05 15:55,1733.46,session_close,20,-22.0,-0.01253,-0.46,False,False,0.13199969904207354,0.20341685996665415,-0.3566029095073864,True,False,True,True,0.6825299979662396
5m,early_hl_wide_3r,early-higher-low,W002,KLAC,2026-05-06 12:05,1801.11,1752.19,1947.8699,8.1483,2026-05-06 15:55,1816.28,session_close,46,15.17,0.00842,0.31,True,False,-0.4320256517466037,0.22815414082069108,1.9546148209237169,True,True,True,True,0.5677929339181568
5m,early_hl_wide_3r,early-higher-low,W003,KLAC,2026-05-08 12:50,1858.166,1841.74,1907.4441,2.652,2026-05-08 15:55,1869.1801,session_close,37,11.014,0.00593,0.67,True,False,0.07487366753540226,0.38145116462149353,-0.302655452285272,True,True,True,True,1.0370733567595543
5m,early_hl_wide_3r,early-higher-low,W004,KLAC,2026-05-11 10:40,1885.15,1849.74,1991.3801,5.6351,2026-05-11 14:20,1849.74,stop,44,-35.41,-0.01878,-1.0,False,False,0.37844031779501464,1.0773018847728855,0.3696233808471616,True,True,True,True,0.6540539603187776
5m,early_hl_wide_3r,early-higher-low,W005,KLAC,2026-05-14 13:30,1879.5901,1849.69,1969.2904,4.7723,2026-05-14 15:55,1892.8,session_close,29,13.21,0.00703,0.44,True,False,-0.48142798254700025,-0.8894091315449271,-0.4290142777316319,False,False,True,True,0.5340189873417721
5m,early_hl_wide_3r,early-higher-low,W006,KLAC,2026-05-15 12:10,1831.9399,1793.54,1947.1398,6.2884,2026-05-15 15:55,1804.145,session_close,45,-27.7949,-0.01517,-0.72,False,False,-0.5839072754239782,0.17169245724593107,1.079211407059022,False,False,False,True,0.5965708396705479
5m,early_hl_wide_3r,early-higher-low,W007,KLAC,2026-05-19 14:05,1756.3101,1737.36,1813.1602,3.2369,2026-05-19 15:55,1737.36,stop,22,-18.9501,-0.01079,-1.0,False,False,-0.18540269964825162,-0.10302628956042614,1.16259180462559,True,True,True,True,1.1332230946241284
5m,early_hl_wide_3r,early-higher-low,W008,KLAC,2026-05-20 12:40,1817.63,1769.56,1961.84,7.934,2026-05-20 15:55,1828.37,session_close,39,10.74,0.00591,0.22,True,False,-0.37399197553732444,-0.6746961629861103,0.4341957637641558,False,False,True,True,0.3276211456854978
5m,early_hl_wide_3r,early-higher-low,W009,KLAC,2026-05-21 14:30,1859.705,1821.16,1975.3398,6.2179,2026-05-21 15:55,1842.41,session_close,17,-17.2949,-0.0093,-0.45,False,False,-0.49190032302061093,-0.10928499646992718,1.3352660573447528,True,True,True,True,0.3537112706787797
5m,early_hl_wide_3r,early-higher-low,W010,KLAC,2026-05-22 15:15,1892.6226,1873.51,1949.9602,3.0295,2026-05-22 15:55,1888.2,session_close,8,-4.4226,-0.00234,-0.23,False,False,-0.3370438434711076,-0.5062827930401359,-0.5339994719737007,False,False,True,True,1.3112865516890861
5m,early_hl_wide_3r,early-higher-low,W011,KLAC,2026-05-28 13:50,1926.665,1881.92,2060.9002,6.9672,2026-05-28 15:55,1927.3199,session_close,25,0.6549,0.00034,0.01,True,False,-0.4322065327355795,-1.0769844485571167,-1.1688034273648285,False,False,False,False,1.2930947232828818
5m,early_hl_wide_3r,early-higher-low,W001,QCOM,2026-05-01 14:30,176.635,175.05,181.39,2.692,2026-05-01 15:55,177.04,session_close,17,0.405,0.00229,0.26,True,False,-0.738744645001399,-1.1717991877341793,0.13033872763701382,False,False,True,True,0.8556510977795433
5m,early_hl_wide_3r,early-higher-low,W002,QCOM,2026-05-07 10:40,193.2,187.26,211.02,9.2236,2026-05-07 11:30,211.02,target,10,17.82,0.09224,3.0,True,True,1.2682764005602865,2.051807273384254,0.4418291002977748,True,True,False,True,0.40685357378986314
5m,early_hl_wide_3r,early-higher-low,W003,QCOM,2026-05-08 12:30,223.4159,217.7,240.5636,7.6752,2026-05-08 13:55,217.7,stop,17,-5.7159,-0.02558,-1.0,False,False,-0.7368338814075837,-0.7346238655350334,3.5325020775259564,True,True,True,True,0.5565090605360672
5m,early_hl_wide_3r,early-higher-low,W004,QCOM,2026-05-15 10:25,205.62,199.38,224.34,9.1042,2026-05-15 11:55,199.38,stop,18,-6.24,-0.03035,-1.0,False,False,-0.3993862505588086,2.4014518177454036,1.5022191488847536,True,True,True,True,0.5948926956480842
5m,early_hl_wide_3r,early-higher-low,W005,QCOM,2026-05-18 14:40,200.3801,197.55,208.8704,4.2371,2026-05-18 15:55,203.67,session_close,15,3.2899,0.01642,1.16,True,True,-0.15693233619522573,0.14241282304028324,1.3528222335452922,True,True,True,True,1.1991437977151733
5m,early_hl_wide_3r,early-higher-low,W006,QCOM,2026-05-19 14:05,200.27,194.2,218.48,9.0927,2026-05-19 15:55,195.63,session_close,22,-4.64,-0.02317,-0.76,False,False,0.4842657285093699,1.5133082942213383,2.020174377938311,True,True,True,True,1.4528404548554457
5m,early_hl_wide_3r,early-higher-low,W007,QCOM,2026-05-20 11:15,200.375,194.37,218.39,8.9906,2026-05-20 15:15,202.45,time_exit,48,2.075,0.01036,0.35,True,True,-0.6647929626171334,-0.2963003827672339,1.629445032419885,True,True,True,True,0.6988380523942391
5m,early_hl_wide_3r,early-higher-low,W008,QCOM,2026-05-21 12:10,207.82,203.62,220.42,6.0629,2026-05-21 14:05,203.62,stop,23,-4.2,-0.02021,-1.0,False,False,1.6533801320303576,4.199363252449939,-0.46932546386077023,True,True,True,True,0.4694850218248317
5m,early_hl_wide_3r,early-higher-low,W010,QCOM,2026-05-22 11:45,241.755,235.89,259.35,7.278,2026-05-22 15:25,235.89,stop,44,-5.865,-0.02426,-1.0,False,False,0.32034051143567943,0.384017873070186,8.287245587476889,True,True,True,True,0.7842469114803349
5m,early_hl_wide_3r,early-higher-low,W011,QCOM,2026-05-26 12:05,251.62,240.68,284.44,13.0435,2026-05-26 15:55,248.81,session_close,46,-2.81,-0.01117,-0.26,False,False,0.16328952490707316,-1.3764144866651007,4.826609669653448,True,True,True,True,0.4406629242900265
5m,early_hl_wide_3r,early-higher-low,W012,QCOM,2026-05-27 14:15,229.06,225.48,239.8,4.6887,2026-05-27 15:55,233.41,session_close,20,4.35,0.01899,1.22,True,True,0.8405411388998418,0.9227047753994189,-0.345695276256619,True,True,False,False,0.8165661769998838
5m,early_hl_wide_3r,early-higher-low,W013,QCOM,2026-05-28 12:00,243.1,237.34,260.38,7.1082,2026-05-28 15:55,243.22,session_close,47,0.12,0.00049,0.02,True,False,-1.0022373133688922,0.5295596970514183,3.2133385763376765,True,True,True,True,0.42636386658658976
5m,early_hl_wide_3r,early-higher-low,W014,QCOM,2026-05-29 14:00,253.025,250.18,261.56,3.3732,2026-05-29 15:50,250.18,stop,22,-2.845,-0.01124,-1.0,False,False,-0.2876830453356072,-0.08687459166443201,0.7827016605948645,True,True,True,True,0.9258784525605871
5m,early_hl_wide_3r,early-higher-low,W001,ADI,2026-05-08 15:10,415.65,411.54,427.98,2.9664,2026-05-08 15:55,416.51,session_close,9,0.86,0.00207,0.21,True,False,-0.13684260579913676,0.11432844251462182,-0.13084981009263696,True,False,True,False,0.9766539541023599
5m,early_hl_wide_3r,early-higher-low,W002,ADI,2026-05-13 15:20,433.285,428.12,448.78,3.5762,2026-05-13 15:55,432.38,session_close,7,-0.905,-0.00209,-0.18,False,False,0.0,-0.5361572034531359,-0.2982949137651292,False,False,True,True,1.298189391850762
5m,early_hl_wide_3r,early-higher-low,W003,ADI,2026-05-19 14:55,416.96,413.12,428.48,2.7628,2026-05-19 15:50,413.12,stop,11,-3.84,-0.00921,-1.0,False,False,-0.031147099415396173,-0.3926878453266114,-0.32727858832596324,False,False,True,True,0.7865286511151961
5m,early_hl_wide_3r,early-higher-low,W001,MCHP,2026-05-05 15:25,98.2,97.51,100.27,2.1079,2026-05-05 15:55,98.52,session_close,6,0.32,0.00326,0.46,True,False,-0.5166147993558856,-0.5468363701542689,-0.7879571634805904,False,False,True,True,0.6570165302631841
5m,early_hl_wide_3r,early-higher-low,W002,MCHP,2026-05-06 15:00,101.515,100.59,104.29,2.7336,2026-05-06 15:55,102.95,session_close,11,1.435,0.01414,1.55,True,True,-0.48024881861408186,-0.9655689803533263,-0.24070613328791568,False,False,True,True,0.5004901892548129
5m,early_hl_wide_3r,early-higher-low,W003,MCHP,2026-05-07 15:40,101.22,99.3,106.98,5.6906,2026-05-07 15:55,101.56,session_close,3,0.34,0.00336,0.18,True,False,1.2608847517087352,0.5764852674049248,0.8420959792950544,True,True,False,True,1.2691231338068718
5m,early_hl_wide_3r,early-higher-low,W004,MCHP,2026-05-15 15:25,94.57,93.94,96.46,1.9985,2026-05-15 15:55,93.94,stop,6,-0.63,-0.00666,-1.0,False,False,-0.5048946654827025,-0.6459802335337383,-0.4263449623469695,False,False,False,True,1.2454750563437353
5m,early_hl_wide_3r,early-higher-low,W005,MCHP,2026-05-19 14:45,92.7,92.0,94.8,2.2654,2026-05-19 15:45,92.0,stop,12,-0.7,-0.00755,-1.0,False,False,-0.5417553754842541,-0.5844171197220471,-0.048512932216859816,False,False,True,True,1.0313213051636179
5m,early_hl_wide_3r,early-higher-low,W006,MCHP,2026-05-20 13:15,93.26,92.24,96.32,3.2812,2026-05-20 15:55,94.01,session_close,32,0.75,0.00804,0.74,True,False,0.23109187878518345,0.19878316632531146,0.2472622718060924,True,True,True,True,1.1740696416487921
5m,early_hl_wide_3r,early-higher-low,W007,MCHP,2026-05-21 14:35,90.55,89.58,93.46,3.2137,2026-05-21 15:55,91.12,session_close,16,0.57,0.00629,0.59,True,False,-0.49455649940327584,-0.3192787731819413,0.5720626280693697,False,False,False,False,1.2715095356668202
5m,early_hl_wide_3r,early-higher-low,W008,MCHP,2026-05-22 14:50,94.22,92.63,98.99,5.0626,2026-05-22 15:55,93.425,session_close,13,-0.795,-0.00844,-0.5,False,False,-0.10600919344851967,-0.0954159649934394,-0.24348478696615272,False,False,True,True,2.9331756140949077
5m,early_hl_wide_3r,early-higher-low,W002,MPWR,2026-05-05 12:55,1584.83,1556.56,1669.6398,5.3514,2026-05-05 15:55,1588.36,session_close,36,3.53,0.00223,0.12,True,False,-0.6232884113631543,-0.04227463414108179,0.2557019147357398,False,True,True,True,0.762588059604584
5m,early_hl_wide_3r,early-higher-low,W003,MPWR,2026-05-06 13:10,1644.405,1626.51,1698.0901,3.2647,2026-05-06 15:55,1653.49,session_close,33,9.085,0.00552,0.51,True,False,-0.23085166192088336,-0.12329069378800295,0.7561004305411956,True,True,True,True,0.4467215925232912
5m,early_hl_wide_3r,early-higher-low,W004,MPWR,2026-05-08 15:00,1593.4351,1578.27,1638.9302,2.8552,2026-05-08 15:55,1600.54,session_close,11,7.105,0.00446,0.47,True,False,-0.02604291372624301,-0.38369589432108997,-0.41203252511559096,False,False,True,False,1.3767301591817573
5m,early_hl_wide_3r,early-higher-low,W005,MPWR,2026-05-11 12:55,1636.72,1592.92,1768.1199,8.0282,2026-05-11 15:55,1660.58,session_close,36,23.86,0.01458,0.54,True,True,-0.1689922463301019,0.06726568534858313,0.4382447373318721,True,True,True,True,1.3469254316878176
5m,early_hl_wide_3r,early-higher-low,W006,MPWR,2026-05-13 13:05,1655.62,1640.3,1701.58,2.776,2026-05-13 15:55,1650.4399,session_close,34,-5.1801,-0.00313,-0.34,False,False,-0.8215086431567764,-0.0318537307372746,0.13607499132304302,False,False,True,True,0.6017299736743136
5m,early_hl_wide_3r,early-higher-low,W007,MPWR,2026-05-15 15:40,1571.8,1553.57,1626.4902,3.4795,2026-05-15 15:55,1553.57,stop,3,-18.23,-0.0116,-1.0,False,False,-0.39219662776539543,-0.49630594808586226,-0.21819870225274762,False,False,False,True,1.368272841051314
5m,early_hl_wide_3r,early-higher-low,W008,MPWR,2026-05-20 12:40,1526.095,1508.99,1577.4099,3.3625,2026-05-20 15:55,1553.46,session_close,39,27.365,0.01793,1.6,True,True,-0.42704378606569504,-0.1926089758369387,0.3171659935401694,True,False,True,True,0.48724781119147315
5m,early_hl_wide_3r,early-higher-low,W009,MPWR,2026-05-22 10:35,1575.73,1552.2,1646.3199,4.4798,2026-05-22 14:35,1583.09,time_exit,48,7.36,0.00467,0.31,True,False,-0.8662002005722313,0.5567333966275179,1.7838916389683268,True,True,True,False,0.6471800949027712
5m,early_hl_wide_3r,early-higher-low,W010,MPWR,2026-05-22 14:50,1586.35,1568.95,1638.5499,3.2906,2026-05-22 15:55,1590.24,session_close,13,3.89,0.00245,0.22,True,False,-0.13472005877240845,-0.18749916953352264,0.299059223034126,False,False,True,True,0.6333853354134166
5m,early_hl_wide_3r,early-higher-low,W011,MPWR,2026-05-26 11:20,1692.62,1658.3,1795.58,6.0829,2026-05-26 11:50,1658.3,stop,6,-34.32,-0.02028,-1.0,False,False,-0.6366459916508194,-0.6133176461114331,6.5427198085460825,True,True,True,True,0.626932748381574
5m,early_hl_wide_3r,early-higher-low,W012,MPWR,2026-05-26 15:10,1668.35,1651.28,1719.5599,3.0695,2026-05-26 15:55,1663.0601,session_close,9,-5.2899,-0.00317,-0.31,False,False,-0.1544097025048985,0.2523781576335704,0.25539330943764593,True,False,True,False,1.2152409529475672
5m,early_hl_wide_3r,early-higher-low,W013,MPWR,2026-05-28 13:50,1638.9449,1617.84,1702.2598,3.8631,2026-05-28 15:55,1632.47,session_close,25,-6.475,-0.00395,-0.31,False,False,-0.5612200195630135,-0.7049043412253542,0.7341700239128723,False,False,True,True,0.9293808630393996
5m,early_hl_wide_3r,early-higher-low,W002,LSCC,2026-05-04 14:40,125.48,122.27,135.11,7.6745,2026-05-04 15:55,125.55,session_close,15,0.07,0.00056,0.02,True,False,-0.8769855518905856,-0.9161298664880246,1.406399811349468,False,False,True,True,0.5879490574524354
5m,early_hl_wide_3r,early-higher-low,W003,LSCC,2026-05-05 14:35,123.47,120.46,132.5,7.3135,2026-05-05 15:15,120.46,stop,8,-3.01,-0.02438,-1.0,False,False,0.34135091500338,0.47200670899962827,3.2533239103260003,True,True,True,True,0.6788075896358443
5m,early_hl_wide_3r,early-higher-low,W004,LSCC,2026-05-08 10:50,124.52,121.45,133.73,7.3964,2026-05-08 14:50,125.32,time_exit,48,0.8,0.00642,0.26,True,False,0.24148387205733535,1.3056706835006482,4.3314327601443825,True,True,True,True,0.22359838727104195
5m,early_hl_wide_3r,early-higher-low,W005,LSCC,2026-05-12 15:10,124.61,121.42,134.18,7.68,2026-05-12 15:55,125.46,session_close,9,0.85,0.00682,0.27,True,False,-0.3359179181363414,-0.02005979496160215,1.0993496305449213,True,False,True,True,1.2848959466318612
5m,early_hl_wide_3r,early-higher-low,W006,LSCC,2026-05-13 15:10,126.86,124.16,134.96,6.385,2026-05-13 15:55,125.73,session_close,9,-1.13,-0.00891,-0.42,False,False,-0.015767736251803832,-0.2831083673984214,1.1769448549236783,True,False,True,True,0.6909608884165591
5m,early_hl_wide_3r,early-higher-low,W007,LSCC,2026-05-18 14:30,121.4,118.12,131.24,8.1054,2026-05-18 15:55,123.2,session_close,17,1.8,0.01483,0.55,True,True,-0.401571772865128,-0.10685918042018239,2.0403025493772597,True,True,True,True,2.576566568527039
5m,early_hl_wide_3r,early-higher-low,W008,LSCC,2026-05-19 12:25,122.04,119.45,129.81,6.3668,2026-05-19 15:55,124.21,session_close,42,2.17,0.01778,0.84,True,True,-0.6547190268435199,0.14803874545368245,2.2203539501082004,True,True,True,True,0.2535598266324558
5m,early_hl_wide_3r,early-higher-low,W010,LSCC,2026-05-20 10:55,133.61,130.32,143.48,7.3872,2026-05-20 12:25,130.32,stop,18,-3.29,-0.02462,-1.0,False,False,-0.24597631339204895,1.934655095446769,6.8887024271108155,True,True,True,True,0.2831695079440618
5m,early_hl_wide_3r,early-higher-low,W011,LSCC,2026-05-21 10:40,140.291,138.4,145.964,4.0437,2026-05-21 10:55,138.4,stop,3,-1.891,-0.01348,-1.0,False,False,-0.24502927075669145,1.8897320364156478,3.169533172287009,True,True,True,True,0.23350528906491938
5m,early_hl_wide_3r,early-higher-low,W012,LSCC,2026-05-22 13:05,144.46,140.6,156.04,8.0161,2026-05-22 15:55,143.26,session_close,34,-1.2,-0.00831,-0.31,False,False,-0.027680846702282658,0.22899301204428735,0.6199925954216479,True,True,True,True,0.6248887306391312
5m,early_hl_wide_3r,early-higher-low,W013,LSCC,2026-05-26 15:20,149.485,147.71,154.81,3.5622,2026-05-26 15:55,150.35,session_close,7,0.865,0.00579,0.49,True,False,0.0016740978577622911,0.10547545549772774,0.448540615252746,True,False,True,True,1.5769528793591951
5m,early_hl_wide_3r,early-higher-low,W014,LSCC,2026-05-27 15:40,147.01,144.72,153.88,4.6731,2026-05-27 15:55,148.06,session_close,3,1.05,0.00714,0.46,True,False,-0.47386741298245383,-0.6554504930726068,-0.23411339724010993,False,False,False,False,1.7698866966702174
5m,early_hl_wide_3r,early-higher-low,W015,LSCC,2026-05-28 13:50,146.605,143.02,157.36,7.336,2026-05-28 15:55,147.34,session_close,25,0.735,0.00501,0.21,True,False,0.09388180477689634,-0.9627097761291781,-1.2927974796053787,False,False,False,False,1.0966463216340838
5m,early_hl_wide_3r,early-higher-low,W002,ALAB,2026-05-05 12:55,218.09,212.02,236.3,8.3498,2026-05-05 15:55,215.795,session_close,36,-2.295,-0.01052,-0.38,False,False,-0.9132256746415601,-0.048127126104247075,1.34293653839761,True,True,True,True,0.2680100436717701
5m,early_hl_wide_3r,early-higher-low,W003,ALAB,2026-05-06 15:15,208.68,203.52,224.16,7.418,2026-05-06 15:55,213.865,session_close,8,5.185,0.02485,1.0,True,True,-1.047300580687749,-0.318178605805175,0.6789803739505773,False,False,True,False,1.2226859992866037
5m,early_hl_wide_3r,early-higher-low,W004,ALAB,2026-05-11 15:40,206.18,203.28,214.88,4.2196,2026-05-11 15:55,207.29,session_close,3,1.11,0.00538,0.38,True,False,-0.18370125205934285,0.6358838528298216,0.9852575095528282,True,True,True,True,1.4411959332512558
5m,early_hl_wide_3r,early-higher-low,W005,ALAB,2026-05-13 12:35,218.43,215.66,226.74,3.8044,2026-05-13 15:55,224.01,session_close,40,5.58,0.02555,2.01,True,True,0.3726011136059304,0.6550411370704889,1.6680653771797616,True,True,True,True,0.7445699364793831
5m,early_hl_wide_3r,early-higher-low,W007,ALAB,2026-05-14 13:35,225.465,219.23,244.17,8.2962,2026-05-14 15:55,228.64,session_close,28,3.175,0.01408,0.51,True,True,-0.44827177916232364,1.6826105690933568,2.0093236262290537,True,True,True,True,0.6337924110102866
5m,early_hl_wide_3r,early-higher-low,W008,ALAB,2026-05-15 14:45,235.16,228.34,255.62,8.7005,2026-05-15 15:55,232.55,session_close,14,-2.61,-0.0111,-0.38,False,False,-0.9095135004203669,0.2812475677586246,1.4484634188343781,True,True,True,True,0.8229757720005731
5m,early_hl_wide_3r,early-higher-low,W009,ALAB,2026-05-18 15:40,214.44,208.97,230.85,7.6525,2026-05-18 15:55,215.58,session_close,3,1.14,0.00532,0.21,True,False,-0.10029685448709191,1.5145804078881442,-0.26314676714589424,True,True,False,False,1.0281033358251555
5m,early_hl_wide_3r,early-higher-low,W010,ALAB,2026-05-20 11:15,272.7,265.88,293.16,7.5028,2026-05-20 15:15,283.68,time_exit,48,10.98,0.04026,1.61,True,True,-0.04763932545220895,0.055044733363351916,10.984495851076304,True,True,True,True,0.4878897828927211
5m,early_hl_wide_3r,early-higher-low,W012,ALAB,2026-05-21 10:35,288.2751,283.76,301.8203,4.6987,2026-05-21 14:35,293.74,time_exit,48,5.4649,0.01896,1.21,True,True,-0.7552843441944401,0.8443683594580254,1.4580656505805978,True,True,True,True,0.4290653183644482
5m,early_hl_wide_3r,early-higher-low,W014,ALAB,2026-05-26 12:55,316.71,305.95,348.99,10.1923,2026-05-26 15:55,318.74,session_close,36,2.03,0.00641,0.19,True,False,0.020528492053117908,2.4321578816562717,2.6679136980174656,True,True,True,True,0.7755363250568689
5m,early_hl_wide_3r,early-higher-low,W015,ALAB,2026-05-27 15:15,321.0,313.56,343.32,6.9533,2026-05-27 15:55,325.6,session_close,8,4.6,0.01433,0.62,True,True,-0.3383852672697807,0.3046656111588053,1.5372888993400613,True,True,True,True,1.0139211784550721
5m,early_hl_wide_3r,early-higher-low,W016,ALAB,2026-05-28 12:05,347.09,337.67,375.35,8.142,2026-05-28 15:55,349.08,session_close,46,1.99,0.00573,0.21,True,False,-0.775739194404157,0.2554878121301174,3.061104075745402,True,True,True,True,0.5361208171503069
5m,early_hl_wide_3r,early-higher-low,W001,CRDO,2026-05-05 12:10,194.81,189.66,210.26,7.9308,2026-05-05 15:55,193.52,session_close,45,-1.29,-0.00662,-0.25,False,False,0.5213491910904366,1.1899239185427346,3.9001297033755877,True,True,True,True,0.5681493940440614
5m,early_hl_wide_3r,early-higher-low,W003,CRDO,2026-05-06 15:15,194.61,188.92,211.68,8.7714,2026-05-06 15:55,198.25,session_close,8,3.64,0.0187,0.64,True,True,0.08469307635081691,0.11302400596020501,1.611219291666921,True,True,True,True,1.0447200300638857
5m,early_hl_wide_3r,early-higher-low,W004,CRDO,2026-05-07 12:35,190.24,185.57,204.25,7.3644,2026-05-07 15:55,188.23,session_close,40,-2.01,-0.01057,-0.43,False,False,-0.7538054039011977,-3.709890557305684,-4.750939028250912,False,False,False,False,0.8415692324559687
5m,early_hl_wide_3r,early-higher-low,W005,CRDO,2026-05-08 15:40,188.005,185.16,196.54,4.5398,2026-05-08 15:55,188.6,session_close,3,0.595,0.00316,0.21,True,False,-0.6340468049622072,-0.047832230034616785,0.4862429558040171,False,True,True,True,1.2516336808111084
5m,early_hl_wide_3r,early-higher-low,W006,CRDO,2026-05-11 14:15,207.185,202.27,221.93,7.1168,2026-05-11 15:55,210.29,session_close,20,3.105,0.01499,0.63,True,True,-0.1301539052460443,0.3827672311977448,-0.024129253867055667,True,True,True,True,1.018205971048527
5m,early_hl_wide_3r,early-higher-low,W007,CRDO,2026-05-12 15:10,191.11,187.78,201.1,5.2274,2026-05-12 15:55,198.56,session_close,9,7.45,0.03898,2.24,True,True,-0.2871628754050226,-0.19336836382246592,2.7824111925489836,True,True,False,False,0.5134539445970883
5m,early_hl_wide_3r,early-higher-low,W008,CRDO,2026-05-13 14:15,191.86,188.29,202.57,5.5822,2026-05-13 15:50,188.29,stop,19,-3.57,-0.01861,-1.0,False,False,-0.02083561297347991,0.726668851735579,1.1432475616967697,True,True,True,True,0.7700052887578992
5m,early_hl_wide_3r,early-higher-low,W009,CRDO,2026-05-14 12:40,186.075,180.39,203.13,9.1657,2026-05-14 15:55,184.33,session_close,39,-1.745,-0.00938,-0.31,False,False,0.45925590896764845,2.5650893246891515,1.6844333986633764,True,True,False,True,0.3591611678770148
5m,early_hl_wide_3r,early-higher-low,W010,CRDO,2026-05-15 11:15,173.36,170.17,182.93,5.5203,2026-05-15 15:15,174.44,time_exit,48,1.08,0.00623,0.34,True,False,-0.9632410845158867,-1.3720097229555361,-6.955080264038216,False,False,False,False,0.4058099130281044
5m,early_hl_wide_3r,early-higher-low,W012,CRDO,2026-05-20 13:30,180.85,176.12,195.04,7.8463,2026-05-20 15:55,182.82,session_close,29,1.97,0.01089,0.42,True,True,-0.6694108206875882,-1.6141310982082158,-1.844367323357854,False,False,True,True,0.313576963781066
5m,early_hl_wide_3r,early-higher-low,W014,CRDO,2026-05-22 13:50,215.0,208.73,233.81,8.7488,2026-05-22 15:55,218.36,session_close,25,3.36,0.01563,0.54,True,True,-0.1115215304477779,1.809143942524316,3.058634160229645,True,True,True,True,1.0661016892690938
5m,early_hl_wide_3r,early-higher-low,W015,CRDO,2026-05-26 15:10,219.95,215.92,232.04,5.4967,2026-05-26 15:55,221.76,session_close,9,1.81,0.00823,0.45,True,False,0.03863774815042742,0.24370826936406242,1.5318209131336191,True,True,True,False,0.8404999512644988
5m,early_hl_wide_3r,early-higher-low,W016,CRDO,2026-05-27 15:20,219.14,214.43,233.27,6.4479,2026-05-27 15:55,221.39,session_close,7,2.25,0.01027,0.48,True,True,-0.24012090038356693,0.0034682230677596237,0.8782725870300823,True,False,True,True,0.8286050043488812
5m,early_hl_wide_3r,early-higher-low,W017,CRDO,2026-05-28 13:10,226.88,222.91,238.79,5.2495,2026-05-28 15:50,222.91,stop,32,-3.97,-0.0175,-1.0,False,False,-0.0682708731238324,0.7750951289465347,0.7952412697340927,True,True,True,True,0.5878253959311239
5m,early_hl_wide_3r,early-higher-low,W002,COHR,2026-05-05 12:15,342.76,333.32,371.08,8.2623,2026-05-05 15:55,335.84,session_close,44,-6.92,-0.02019,-0.73,False,False,-0.1543880585232693,1.276447019576743,2.6258330452046508,True,True,True,True,0.5485284755027313
5m,early_hl_wide_3r,early-higher-low,W003,COHR,2026-05-07 10:35,328.25,317.39,360.83,9.9254,2026-05-07 13:15,317.39,stop,32,-10.86,-0.03308,-1.0,False,False,1.161426045219982,-1.0546298404482513,-4.713954870662818,False,False,False,True,0.42168626133691633
5m,early_hl_wide_3r,early-higher-low,W004,COHR,2026-05-08 14:20,326.66,320.33,345.65,5.8134,2026-05-08 15:55,335.25,session_close,19,8.59,0.0263,1.36,True,True,-0.3871892605221028,0.9828139138879255,3.0497942683895163,True,True,True,True,0.08936068912732577
5m,early_hl_wide_3r,early-higher-low,W005,COHR,2026-05-11 13:00,378.17,370.23,401.9901,6.2988,2026-05-11 15:55,379.75,session_close,35,1.58,0.00418,0.2,True,False,-1.250752938782107,-1.0867430060439554,-0.36095248616758724,True,False,True,True,0.420185396007287
5m,early_hl_wide_3r,early-higher-low,W006,COHR,2026-05-12 14:40,363.255,359.35,374.97,3.225,2026-05-12 15:50,374.97,target,14,11.715,0.03225,3.0,True,True,-0.1628482122973507,0.3141303364885273,2.980319610474158,True,True,False,False,0.4856227565710757
5m,early_hl_wide_3r,early-higher-low,W007,COHR,2026-05-13 15:10,407.915,402.83,423.17,3.7398,2026-05-13 15:55,402.83,stop,9,-5.085,-0.01247,-1.0,False,False,-0.06733527684766871,-0.7007532345469913,-0.029393278477840568,False,False,True,True,0.8729103366388247
5m,early_hl_wide_3r,early-higher-low,W008,COHR,2026-05-15 11:15,377.86,369.09,404.1699,6.9629,2026-05-15 15:15,390.08,time_exit,48,12.22,0.03234,1.39,True,True,-1.1431099478170115,-0.9124227908861693,-6.134812475536366,False,False,False,False,0.3717036817774218
5m,early_hl_wide_3r,early-higher-low,W010,COHR,2026-05-18 13:50,360.35,351.09,388.13,7.7092,2026-05-18 15:55,362.84,session_close,25,2.49,0.00691,0.27,True,False,-0.7909868738394943,0.00047393681796847886,0.7023611323583312,False,False,False,False,0.5669489986580007
5m,early_hl_wide_3r,early-higher-low,W011,COHR,2026-05-19 14:05,355.59,350.38,371.22,4.3955,2026-05-19 14:55,350.38,stop,10,-5.21,-0.01465,-1.0,False,False,-0.408812319076135,-0.34184235216132564,0.5925195922715343,True,False,True,True,0.6830398782011812
5m,early_hl_wide_3r,early-higher-low,W012,COHR,2026-05-20 11:05,359.875,353.13,380.11,5.6228,2026-05-20 12:15,353.13,stop,14,-6.745,-0.01874,-1.0,False,False,-0.2938642077303655,0.1252732945882462,2.2720781866487627,True,True,True,True,0.41098251289378596
5m,early_hl_wide_3r,early-higher-low,W013,COHR,2026-05-21 14:30,377.32,372.29,392.41,3.9993,2026-05-21 15:55,378.11,session_close,17,0.79,0.00209,0.16,True,False,-0.6119580875580954,-0.3641365884234693,0.23625989982365425,False,False,True,True,0.5718291961527507
5m,early_hl_wide_3r,early-higher-low,W014,COHR,2026-05-26 13:35,385.55,375.52,415.64,7.8044,2026-05-26 15:55,381.34,session_close,28,-4.21,-0.01092,-0.42,False,False,0.13761555126252656,0.42052107901640046,1.5509426281246963,True,True,True,True,0.9642893025509893
5m,early_hl_wide_3r,early-higher-low,W015,COHR,2026-05-27 13:25,380.63,369.59,413.75,8.7014,2026-05-27 15:55,380.27,session_close,30,-0.36,-0.00095,-0.03,False,False,-0.8516784548210254,-0.17307485929813904,1.2796971349346986,True,False,True,True,0.8362380384565933
5m,early_hl_wide_3r,early-higher-low,W001,WOLF,2026-05-04 11:35,36.43,35.34,39.7,8.9761,2026-05-04 15:35,36.12,time_exit,48,-0.31,-0.00851,-0.28,False,False,-2.048479475413356,-0.2726611484698882,3.5825526492482718,False,False,True,True,0.41824228677225406
5m,early_hl_wide_3r,early-higher-low,W002,WOLF,2026-05-05 13:05,39.22,38.18,42.34,7.9551,2026-05-05 15:50,38.18,stop,33,-1.04,-0.02652,-1.0,False,False,-0.05631335069685717,2.0689707206963392,4.059439240493656,True,True,True,True,1.2261603444017897
5m,early_hl_wide_3r,early-higher-low,W003,WOLF,2026-05-06 13:55,42.4,41.04,46.48,9.6227,2026-05-06 15:55,42.97,session_close,24,0.57,0.01344,0.42,True,True,-0.7372700712904079,-1.5323887905469902,1.2534357094840853,True,False,True,True,0.3547758945497106
5m,early_hl_wide_3r,early-higher-low,W004,WOLF,2026-05-07 11:05,47.72,46.28,52.04,9.0528,2026-05-07 11:55,46.28,stop,10,-1.44,-0.03018,-1.0,False,False,-1.0552495694357011,1.7663289778892866,15.062555617614247,True,True,True,True,0.35317453775843916
5m,early_hl_wide_3r,early-higher-low,W005,WOLF,2026-05-11 11:40,52.73,51.34,56.9,7.9082,2026-05-11 12:40,51.34,stop,12,-1.39,-0.02636,-1.0,False,False,-0.19852437785597976,-0.39626207888516785,5.866424390803715,True,True,True,True,0.4627930991318406
5m,early_hl_wide_3r,early-higher-low,W006,WOLF,2026-05-14 15:40,70.37,67.18,79.94,13.5996,2026-05-14 15:55,70.2,session_close,3,-0.17,-0.00242,-0.05,False,False,1.3340108171484788,4.212081882607466,2.4121830120595877,True,True,True,True,1.2888121214121073
5m,early_hl_wide_3r,early-higher-low,W007,WOLF,2026-05-19 15:10,60.01,58.31,65.11,8.4986,2026-05-19 15:25,58.31,stop,3,-1.7,-0.02833,-1.0,False,False,-0.029719300696462447,-1.6035365959775727,0.3380663860673927,False,False,True,True,0.5256484075279321
5m,early_hl_wide_3r,early-higher-low,W008,WOLF,2026-05-21 13:55,70.72,68.0,78.88,11.5385,2026-05-21 15:55,69.64,session_close,24,-1.08,-0.01527,-0.4,False,False,2.9298427407380423,3.5319940263653926,2.982256496167701,True,True,True,True,1.646938645063694
5m,early_hl_wide_3r,early-higher-low,W009,WOLF,2026-05-27 15:40,61.6,59.73,67.21,9.1071,2026-05-27 15:55,63.15,session_close,3,1.55,0.02516,0.83,True,True,0.34251429096663344,1.596780081955007,1.4422730830367936,True,True,False,False,1.6678573140816937
5m,early_hl_wide_3r,early-higher-low,W010,WOLF,2026-05-28 13:10,67.34,66.24,70.64,4.9005,2026-05-28 13:30,66.24,stop,4,-1.1,-0.01633,-1.0,False,False,-1.0946152569960454,0.47015289762126766,5.608723986192166,True,True,True,True,0.3074983826756214
5m,early_hl_wide_3r,early-higher-low,W001,AEHR,2026-05-01 14:30,92.75,91.46,96.62,4.1725,2026-05-01 15:55,93.06,session_close,17,0.31,0.00334,0.24,True,False,-0.3328189212379762,-1.8858992428239296,0.7267185543283983,False,False,True,True,0.46958463960388047
5m,early_hl_wide_3r,early-higher-low,W002,AEHR,2026-05-05 12:15,92.0,89.99,98.03,6.5543,2026-05-05 15:20,89.99,stop,37,-2.01,-0.02185,-1.0,False,False,0.03265826032694541,1.929694497613177,2.761629196422777,True,True,True,True,0.2746500486481898
5m,early_hl_wide_3r,early-higher-low,W003,AEHR,2026-05-06 13:00,92.73,89.62,102.06,10.0615,2026-05-06 15:55,96.77,session_close,35,4.04,0.04357,1.3,True,True,-0.7053369535442888,-0.3597498653262976,0.5036871412719801,False,False,True,True,0.48241623996049177
5m,early_hl_wide_3r,early-higher-low,W005,AEHR,2026-05-07 12:35,91.265,88.86,98.48,7.9055,2026-05-07 15:55,91.26,session_close,40,-0.005,-5e-05,-0.0,False,False,-1.0936677346166879,-4.923496796043425,-6.375565166417163,False,False,False,False,0.6164353680822495
5m,early_hl_wide_3r,early-higher-low,W006,AEHR,2026-05-08 15:40,99.25,95.31,111.07,11.9093,2026-05-08 15:55,97.191,session_close,3,-2.059,-0.02075,-0.52,False,False,-0.5509988095685814,1.9726683785314725,5.3721174513627235,True,True,True,True,0.6848022891620775
5m,early_hl_wide_3r,early-higher-low,W007,AEHR,2026-05-11 11:55,105.17,103.62,109.82,4.4214,2026-05-11 12:35,103.62,stop,8,-1.55,-0.01474,-1.0,False,False,-0.7062193837928943,-1.5454019911509298,5.434731237244694,True,True,True,True,0.4370993129997423
5m,early_hl_wide_3r,early-higher-low,W008,AEHR,2026-05-11 15:10,106.465,102.48,118.42,11.229,2026-05-11 15:55,104.52,session_close,9,-1.945,-0.01827,-0.49,False,False,-0.14517752089445723,0.7846491214151374,3.024736327676436,True,True,True,True,0.7023849657679214
5m,early_hl_wide_3r,early-higher-low,W009,AEHR,2026-05-13 13:35,100.335,97.32,109.38,9.0148,2026-05-13 15:55,103.23,session_close,28,2.895,0.02885,0.96,True,True,0.44548973625315735,1.38945029579709,4.071149541824837,True,True,True,True,0.6021866227034448
5m,early_hl_wide_3r,early-higher-low,W011,AEHR,2026-05-14 13:40,104.89,101.57,114.85,9.4957,2026-05-14 15:55,106.28,session_close,27,1.39,0.01325,0.42,True,True,-1.0982285967365835,-2.8339871283509677,-1.7782235435517157,False,False,True,True,0.5279323577960565
5m,early_hl_wide_3r,early-higher-low,W012,AEHR,2026-05-15 13:30,100.59,96.7,112.26,11.6015,2026-05-15 15:55,99.31,session_close,29,-1.28,-0.01272,-0.33,False,False,0.28016687258043405,-0.05484946830102144,0.22000122070311434,True,False,False,True,0.4058467257280557
5m,early_hl_wide_3r,early-higher-low,W013,AEHR,2026-05-21 11:50,87.62,84.58,96.74,10.4086,2026-05-21 15:50,89.92,time_exit,48,2.3,0.02625,0.76,True,True,-0.5890310945363963,0.6191250951268712,5.101798965545479,True,True,True,True,0.24906103080869543
5m,early_hl_wide_3r,early-higher-low,W015,AEHR,2026-05-22 13:50,96.32,93.84,103.76,7.7243,2026-05-22 15:00,93.84,stop,14,-2.48,-0.02575,-1.0,False,False,0.24896043565425519,0.8347277570184275,2.026918234515507,True,True,True,True,0.2651904797254066
5m,early_hl_wide_3r,early-higher-low,W016,AEHR,2026-05-26 13:35,110.77,108.79,116.71,5.3625,2026-05-26 15:00,108.79,stop,17,-1.98,-0.01787,-1.0,False,False,-0.11276499929694372,0.7323510904162278,2.4662233719580318,True,True,True,True,0.6380207095246698
5m,early_hl_wide_3r,early-higher-low,W017,AEHR,2026-05-27 10:40,108.68,103.98,122.78,12.9739,2026-05-27 11:45,103.98,stop,13,-4.7,-0.04325,-1.0,False,False,-1.210502782556755,1.2993076706221407,-0.8145701741235079,False,False,True,True,0.602218122467836
5m,early_hl_wide_3r,early-higher-low,W018,AEHR,2026-05-28 15:00,100.3,99.21,103.57,3.2602,2026-05-28 15:55,99.93,session_close,11,-0.37,-0.00369,-0.34,False,False,-1.3368726683118282,-0.42658759142591984,-0.6040806001910926,False,False,False,False,1.155864486211344
5m,early_hl_wide_3r,early-higher-low,W001,PLTR,2026-05-01 15:00,144.09,142.41,149.13,3.4978,2026-05-01 15:55,144.0799,session_close,11,-0.0101,-7e-05,-0.01,False,False,-0.3871129160910036,-0.7233812174443188,-0.15935406680607223,False,False,True,True,1.0952378185334244
5m,early_hl_wide_3r,early-higher-low,W002,PLTR,2026-05-06 11:00,134.075,131.99,140.33,4.6653,2026-05-06 15:00,133.11,time_exit,48,-0.965,-0.0072,-0.46,False,False,-0.7697381995668051,0.44766048865163555,-1.2811945111951717,False,False,False,True,0.4286365535784253
5m,early_hl_wide_3r,early-higher-low,W003,PLTR,2026-05-07 11:20,139.86,136.51,149.91,7.1858,2026-05-07 13:25,136.51,stop,25,-3.35,-0.02395,-1.0,False,False,-0.17831497737977875,1.443812348228457,4.839605107533362,True,True,True,True,0.45752012793962477
5m,early_hl_wide_3r,early-higher-low,W004,PLTR,2026-05-08 12:05,135.13,132.36,143.44,6.1496,2026-05-08 15:55,137.8,session_close,46,2.67,0.01976,0.96,True,True,-1.0978554829786824,-0.5665850244690795,0.6554971194134174,False,False,False,True,0.5924989962920484
5m,early_hl_wide_3r,early-higher-low,W005,PLTR,2026-05-14 12:40,133.47,130.59,142.11,6.4734,2026-05-14 15:55,133.74,session_close,39,0.27,0.00202,0.09,True,False,-0.6586250941395866,0.5324682801908898,1.5277312420435507,True,True,True,True,0.8136573971990813
5m,early_hl_wide_3r,early-higher-low,W006,PLTR,2026-05-15 15:35,134.07,132.63,138.39,3.2222,2026-05-15 15:55,133.97,session_close,4,-0.1,-0.00075,-0.07,False,False,-0.193574859624146,-0.3641809602750956,-0.9091549919273523,False,False,True,False,1.2423269643619077
5m,early_hl_wide_3r,early-higher-low,W007,PLTR,2026-05-20 12:15,135.7,134.08,140.56,3.5814,2026-05-20 15:55,137.145,session_close,44,1.445,0.01065,0.89,True,True,-0.06994641111772726,-0.14346090940003942,0.11433117276906657,False,False,True,True,0.7703999887234472
5m,early_hl_wide_3r,early-higher-low,W008,PLTR,2026-05-21 11:25,137.51,136.07,141.83,3.1416,2026-05-21 15:25,137.33,time_exit,48,-0.18,-0.00131,-0.12,False,False,-0.373079842579338,0.12740282868053399,0.28803981594649475,True,True,True,True,0.49670204416016933
5m,early_hl_wide_3r,early-higher-low,W009,PLTR,2026-05-26 12:30,137.135,134.45,145.19,5.8738,2026-05-26 15:55,136.615,session_close,41,-0.52,-0.00379,-0.19,False,False,-0.2328061640846646,-0.4356283041738296,1.3375683273923356,True,True,True,True,0.5437156634525251
5m,early_hl_wide_3r,early-higher-low,W010,PLTR,2026-05-27 11:30,133.815,131.06,142.08,6.1764,2026-05-27 15:30,132.995,time_exit,48,-0.82,-0.00613,-0.3,False,False,-0.3017762183012418,-1.013534908445568,-2.0605367845533684,False,False,False,True,0.5115282056858539
5m,early_hl_wide_3r,early-higher-low,W011,PLTR,2026-05-29 11:05,157.4599,152.87,171.2296,8.7449,2026-05-29 15:05,155.53,time_exit,48,-1.9299,-0.01226,-0.42,False,False,0.06705603912178226,1.0367691557430447,10.372617619387125,True,True,True,True,0.4565669131163161
5m,early_hl_wide_3r,early-higher-low,W001,APP,2026-05-01 15:10,460.565,453.22,482.6,4.7843,2026-05-01 15:55,460.0,session_close,9,-0.565,-0.00123,-0.08,False,False,0.04257489914394341,-0.24365416205183177,0.20776837129727888,False,False,True,True,0.9212217330671844
5m,early_hl_wide_3r,early-higher-low,W002,APP,2026-05-11 14:55,469.12,458.49,501.01,6.7978,2026-05-11 15:55,478.42,session_close,12,9.3,0.01982,0.87,True,True,-0.20148135443130988,1.2790073921032263,1.4159493840035564,True,True,True,True,0.8847467069919217
5m,early_hl_wide_3r,early-higher-low,W003,APP,2026-05-12 10:45,490.21,479.6,522.04,6.4931,2026-05-12 12:50,479.6,stop,25,-10.61,-0.02164,-1.0,False,False,0.0182469248299455,0.2954872066002867,3.7198577786474507,True,True,True,True,0.0
5m,early_hl_wide_3r,early-higher-low,W004,APP,2026-05-12 15:35,487.3,479.47,510.79,4.8204,2026-05-12 15:55,490.74,session_close,4,3.44,0.00706,0.44,True,False,0.04516968802525945,-0.015391855153745748,0.5644498500290362,True,False,True,True,0.8971116768504444
5m,early_hl_wide_3r,early-higher-low,W005,APP,2026-05-14 13:25,480.005,465.25,524.27,9.2218,2026-05-14 15:55,485.1,session_close,30,5.095,0.01061,0.35,True,True,0.13351301439943342,0.07088203888834244,2.970010535425205,True,True,True,True,0.9896396814883854
5m,early_hl_wide_3r,early-higher-low,W006,APP,2026-05-15 13:30,498.9781,486.07,537.7024,7.7607,2026-05-15 15:55,500.89,session_close,29,1.9119,0.00383,0.15,True,False,-0.5153337729939644,-0.34348501661569664,0.9099549089252035,True,True,True,True,0.7556978171403816
5m,early_hl_wide_3r,early-higher-low,W007,APP,2026-05-18 15:35,490.25,483.47,510.59,4.1489,2026-05-18 15:55,492.52,session_close,4,2.27,0.00463,0.33,True,False,-0.11208800257836993,0.08270006907771243,0.08270006907771243,True,True,False,False,1.3337952795245325
5m,early_hl_wide_3r,early-higher-low,W008,APP,2026-05-21 11:00,495.66,487.55,519.99,4.9086,2026-05-21 12:20,487.55,stop,16,-8.11,-0.01636,-1.0,False,False,0.1472568283190201,0.42275098451565185,3.4164038187775247,True,True,True,True,0.45494216013135086
5m,early_hl_wide_3r,early-higher-low,W009,APP,2026-05-26 11:25,525.965,518.04,549.7401,4.5203,2026-05-26 12:00,518.04,stop,7,-7.925,-0.01507,-1.0,False,False,-1.4225273729046695,0.26402259340880807,9.515582191737293,True,True,True,False,0.6095246278699015
5m,early_hl_wide_3r,early-higher-low,W010,APP,2026-05-27 12:00,568.42,560.57,591.9699,4.1431,2026-05-27 15:55,567.9,session_close,47,-0.52,-0.00091,-0.07,False,False,-0.5221609858641951,0.4273662730198913,3.3954523259943192,True,True,True,True,0.5773777415334672
5m,early_hl_wide_3r,early-higher-low,W011,APP,2026-05-28 11:45,596.53,587.47,623.7101,4.5564,2026-05-28 15:45,600.7,time_exit,48,4.17,0.00699,0.46,True,False,-0.6184196135386122,0.2614993188721382,4.230771364865604,True,True,True,True,0.6117602084845927
5m,early_hl_wide_3r,early-higher-low,W001,SOUN,2026-05-01 14:55,9.24,9.12,9.6,3.8961,2026-05-01 15:55,9.6,target,12,0.36,0.03896,3.0,True,True,-1.4917457635420184,0.10828618574560966,5.176335900803974,True,True,True,True,0.7148375684756201
5m,early_hl_wide_3r,early-higher-low,W002,SOUN,2026-05-04 11:55,9.825,9.58,10.56,7.4809,2026-05-04 14:45,9.58,stop,34,-0.245,-0.02494,-1.0,False,False,0.7183139625065449,-0.14345235334628503,1.081354704673787,True,True,True,True,0.6348315975758401
5m,early_hl_wide_3r,early-higher-low,W003,SOUN,2026-05-06 11:20,9.105,8.93,9.63,5.766,2026-05-06 15:20,9.28,time_exit,48,0.175,0.01922,1.0,True,True,-1.3008220517198632,-0.164477450778322,-0.27382882684794385,False,False,False,True,0.8722035103176187
5m,early_hl_wide_3r,early-higher-low,W005,SOUN,2026-05-07 11:15,9.53,9.25,10.37,8.8143,2026-05-07 12:15,9.25,stop,12,-0.28,-0.02938,-1.0,False,False,0.3688076739329915,0.2642107252950332,1.9807223010710695,True,True,True,True,0.869240465188622
5m,early_hl_wide_3r,early-higher-low,W006,SOUN,2026-05-08 10:55,8.6401,8.34,9.5404,10.42,2026-05-08 14:55,8.695,time_exit,48,0.0549,0.00635,0.18,True,False,-0.28819102772229543,2.609718925151383,-7.536076517407542,False,False,False,True,0.3609233388200214
5m,early_hl_wide_3r,early-higher-low,W007,SOUN,2026-05-08 15:10,8.705,8.53,9.23,6.031,2026-05-08 15:55,8.88,session_close,9,0.175,0.0201,1.0,True,True,0.12990696451091743,0.6343174011134378,2.0492098190801,True,True,False,True,0.5378200852795423
5m,early_hl_wide_3r,early-higher-low,W008,SOUN,2026-05-13 13:35,8.475,8.36,8.82,4.0708,2026-05-13 15:55,8.41,session_close,28,-0.065,-0.00767,-0.57,False,False,0.17730902192807374,-0.46975878144731587,3.126036432284729,True,True,True,True,0.5953897403262541
5m,early_hl_wide_3r,early-higher-low,W009,SOUN,2026-05-14 15:05,8.36,8.27,8.63,3.2297,2026-05-14 15:55,8.53,session_close,10,0.17,0.02033,1.89,True,True,-0.5360342327596856,-0.059834363141852975,-0.3496680583355949,False,False,True,True,0.7106364550341064
5m,early_hl_wide_3r,early-higher-low,W010,SOUN,2026-05-15 12:10,8.3999,8.13,9.2096,9.6394,2026-05-15 15:55,8.425,session_close,45,0.0251,0.00299,0.09,True,False,0.0,-0.7096329566385506,1.2055500970459931,False,False,True,True,0.2718878526077661
5m,early_hl_wide_3r,early-higher-low,W012,SOUN,2026-05-18 10:50,8.115,8.02,8.4,3.512,2026-05-18 14:50,8.26,time_exit,48,0.145,0.01787,1.53,True,True,-1.6363664106889164,0.18517764125975944,-4.809382589541911,False,False,False,False,0.5803635543644485
5m,early_hl_wide_3r,early-higher-low,W014,SOUN,2026-05-19 11:40,8.255,8.14,8.6,4.1793,2026-05-19 15:40,8.475,time_exit,48,0.22,0.02665,1.91,True,True,0.3951284115160769,0.7626601870342142,-0.6317776430979083,True,False,False,True,0.5339441492376675
5m,early_hl_wide_3r,early-higher-low,W016,SOUN,2026-05-20 12:05,8.5003,8.29,9.1312,7.4221,2026-05-20 15:55,8.465,session_close,46,-0.0353,-0.00415,-0.17,False,False,-0.2345982989357953,-0.4972160742133247,0.23571548111886997,True,False,True,True,0.8961291605586149
5m,early_hl_wide_3r,early-higher-low,W017,SOUN,2026-05-21 14:30,8.29,8.15,8.71,5.0663,2026-05-21 15:55,8.31,session_close,17,0.02,0.00241,0.14,True,False,-0.30907536711302086,0.6593844625544243,0.904440790466543,True,True,False,True,0.8354134596921956
5m,early_hl_wide_3r,early-higher-low,W018,SOUN,2026-05-26 10:45,8.38,8.08,9.28,10.7399,2026-05-26 14:45,8.285,time_exit,48,-0.095,-0.01134,-0.32,False,False,-0.5804225892104276,2.900481980418279,2.1824497256493602,True,True,True,True,0.5376715514870102
5m,early_hl_wide_3r,early-higher-low,W019,SOUN,2026-05-27 10:40,8.195,7.97,8.87,8.2367,2026-05-27 14:40,8.195,time_exit,48,0.0,0.0,0.0,False,False,0.28745551415643167,1.7006879576708434,-0.1388594613079941,True,True,False,True,0.34984589593020876
5m,early_hl_wide_3r,early-higher-low,W020,SOUN,2026-05-27 15:15,8.145,8.08,8.34,2.3941,2026-05-27 15:55,8.08,stop,8,-0.065,-0.00798,-1.0,False,False,-0.6711330512458868,-0.6711330512458868,0.0,False,False,False,True,0.8976766792269422
5m,early_hl_wide_3r,early-higher-low,W021,SOUN,2026-05-28 10:45,8.245,8.15,8.53,3.4566,2026-05-28 13:25,8.53,target,32,0.285,0.03457,3.0,True,True,-0.33251351387504346,2.140062347677585,1.260443406988454,True,True,True,True,0.4830500075281825
5m,early_hl_wide_3r,early-higher-low,W022,SOUN,2026-05-28 14:45,8.635,8.45,9.19,6.4273,2026-05-28 15:55,8.58,session_close,14,-0.055,-0.00637,-0.3,False,False,-0.690442679396952,0.582752810949505,3.1075684591400865,True,True,True,True,0.7338773528059193
5m,early_hl_wide_3r,early-higher-low,W023,SOUN,2026-05-29 11:35,9.155,8.81,10.19,11.3053,2026-05-29 15:35,8.955,time_exit,48,-0.2,-0.02185,-0.58,False,False,2.2893575396969235,3.7393759868368015,5.109066508326809,True,True,True,True,0.6255755700808614
5m,early_hl_wide_3r,early-higher-low,W001,BBAI,2026-05-01 14:05,4.0401,3.95,4.3104,6.6904,2026-05-01 15:55,4.14,session_close,22,0.0999,0.02473,1.11,True,True,-0.8602726085975787,0.0,0.8728141001096423,False,True,True,True,1.1633355831411056
5m,early_hl_wide_3r,early-higher-low,W002,BBAI,2026-05-04 10:55,4.285,4.17,4.63,8.0513,2026-05-04 12:10,4.17,stop,15,-0.115,-0.02684,-1.0,False,False,0.5875462913052409,0.4694830951162521,4.00973141841392,True,True,True,True,0.7156161055059728
5m,early_hl_wide_3r,early-higher-low,W003,BBAI,2026-05-04 15:10,4.2081,4.15,4.3824,4.142,2026-05-04 15:55,4.175,session_close,9,-0.0331,-0.00787,-0.57,False,False,-0.6732037340961838,0.7789044733780948,0.5980884304813028,False,True,True,False,1.6649491470460034
5m,early_hl_wide_3r,early-higher-low,W004,BBAI,2026-05-05 15:15,4.09,3.97,4.45,8.802,2026-05-05 15:55,4.14,session_close,8,0.05,0.01222,0.42,True,True,0.44642663944065575,0.24479196943199,1.9925261859617516,True,True,True,True,0.6985901227506517
5m,early_hl_wide_3r,early-higher-low,W005,BBAI,2026-05-06 13:10,4.3,4.14,4.78,11.1628,2026-05-06 15:55,4.365,session_close,33,0.065,0.01512,0.41,True,True,1.5537121856041614,3.509016353275829,4.385811615008239,True,True,True,True,1.068719152764609
5m,early_hl_wide_3r,early-higher-low,W006,BBAI,2026-05-07 11:35,4.325,4.24,4.58,5.8959,2026-05-07 12:05,4.24,stop,6,-0.085,-0.01965,-1.0,False,False,0.4883699422272958,2.4516367987691856,0.7226139301808043,True,True,False,True,0.9579260659873212
5m,early_hl_wide_3r,early-higher-low,W007,BBAI,2026-05-08 14:15,4.135,4.01,4.51,9.0689,2026-05-08 15:55,4.17,session_close,20,0.035,0.00846,0.28,True,False,1.889959101723071,3.5043891697924767,2.0987662751578595,True,True,True,True,0.9551713331825603
5m,early_hl_wide_3r,early-higher-low,W008,BBAI,2026-05-11 14:10,4.34,4.22,4.7,8.2949,2026-05-11 15:55,4.33,session_close,21,-0.01,-0.0023,-0.08,False,False,0.6952429333341836,1.9952947592241088,1.5186817102098127,True,True,True,True,1.5673361853717769
5m,early_hl_wide_3r,early-higher-low,W009,BBAI,2026-05-12 15:10,4.1554,4.08,4.3816,5.4435,2026-05-12 15:55,4.18,session_close,9,0.0246,0.00592,0.33,True,False,-0.33172278520594567,0.0289553469896342,1.6225553329795916,True,True,False,False,1.5167777060449352
5m,early_hl_wide_3r,early-higher-low,W010,BBAI,2026-05-13 11:45,4.2801,4.15,4.6704,9.1189,2026-05-13 15:45,4.275,time_exit,48,-0.0051,-0.00119,-0.04,False,False,0.5875462913052409,2.3727575976248527,4.517714996220823,True,True,True,True,0.8736792216686082
5m,early_hl_wide_3r,early-higher-low,W011,BBAI,2026-05-14 10:50,4.26,4.1,4.74,11.2676,2026-05-14 14:50,4.315,time_exit,48,0.055,0.01291,0.34,True,True,1.4302727133328919,2.160868029104357,-0.8158472662781024,True,False,False,True,1.8809477938880041
5m,early_hl_wide_3r,early-higher-low,W013,BBAI,2026-05-18 15:40,3.925,3.84,4.18,6.4968,2026-05-18 15:55,3.92,session_close,3,-0.005,-0.00127,-0.06,False,False,0.5121634077604353,1.6839393519943346,1.552391788654428,True,True,False,True,0.3581556502880791
5m,early_hl_wide_3r,early-higher-low,W014,BBAI,2026-05-19 14:00,3.87,3.77,4.17,7.7519,2026-05-19 15:55,3.841,session_close,23,-0.029,-0.00749,-0.29,False,False,0.259067117487799,0.6501913332335851,1.8421035295047794,True,True,True,True,0.6293781633948067
5m,early_hl_wide_3r,early-higher-low,W015,BBAI,2026-05-21 15:10,4.26,4.12,4.68,9.8592,2026-05-21 15:55,4.19,session_close,9,-0.07,-0.01643,-0.5,False,False,0.5241943338236021,2.277532209478883,4.215415532354538,True,True,True,True,0.5905411128462908
5m,early_hl_wide_3r,early-higher-low,W016,BBAI,2026-05-26 10:40,4.195,4.13,4.39,4.6484,2026-05-26 14:40,4.1301,time_exit,48,-0.0649,-0.01547,-1.0,False,False,-1.464164595889761,0.1839896424359333,-0.7644969503300403,False,False,False,False,0.6927114625952979
5m,early_hl_wide_3r,early-higher-low,W017,BBAI,2026-05-27 11:40,4.4493,4.24,5.0772,14.1123,2026-05-27 15:40,4.425,time_exit,48,-0.0243,-0.00546,-0.12,False,False,1.4800101041503977,2.181395861666635,8.296219500831281,True,True,True,True,1.2223557788189945
5m,early_hl_wide_3r,early-higher-low,W018,BBAI,2026-05-28 13:40,4.83,4.73,5.13,6.2112,2026-05-28 15:55,4.94,session_close,27,0.11,0.02277,1.1,True,True,-0.21496111628390713,1.101568709337153,2.279665611866455,True,True,True,True,0.5943181058249704
5m,early_hl_wide_3r,early-higher-low,W019,BBAI,2026-05-29 12:45,5.08,5.01,5.29,4.1339,2026-05-29 14:55,5.01,stop,26,-0.07,-0.01378,-1.0,False,False,0.8908541421945637,1.5984000374991147,7.278486997635936,True,True,True,True,0.32796333426771196
5m,early_hl_wide_3r,early-higher-low,W002,AI,2026-05-04 11:15,9.46,9.15,10.39,9.8309,2026-05-04 15:15,9.225,time_exit,48,-0.235,-0.02484,-0.76,False,False,0.48778263116822096,1.3494133931854835,2.8374171407899107,True,True,True,True,0.4865758024867362
5m,early_hl_wide_3r,early-higher-low,W003,AI,2026-05-05 10:55,9.29,9.0,10.16,9.3649,2026-05-05 14:55,9.3,time_exit,48,0.01,0.00108,0.03,True,False,-0.16120733832118983,2.2564658541032623,0.5411276187597958,True,True,False,True,1.3235550300859886
5m,early_hl_wide_3r,early-higher-low,W004,AI,2026-05-06 11:15,9.46,9.22,10.18,7.611,2026-05-06 15:15,9.5453,time_exit,48,0.0853,0.00902,0.36,True,False,-0.42127395824260727,0.3182995476295414,0.4782154837794428,True,True,True,True,0.43977684641227294
5m,early_hl_wide_3r,early-higher-low,W005,AI,2026-05-08 13:25,9.72,9.59,10.11,4.0124,2026-05-08 15:55,9.865,session_close,30,0.145,0.01492,1.12,True,True,-0.10271469501962338,0.10293596216952583,1.672773738689659,True,True,True,True,0.33390248529690764
5m,early_hl_wide_3r,early-higher-low,W006,AI,2026-05-11 10:45,9.7351,9.62,10.0804,3.547,2026-05-11 10:55,9.62,stop,2,-0.1151,-0.01182,-1.0,False,False,-0.9279596483593,0.06989364717615576,0.3276689369454244,False,True,True,False,0.6392446063543907
5m,early_hl_wide_3r,early-higher-low,W007,AI,2026-05-13 13:50,8.735,8.67,8.93,2.2324,2026-05-13 14:55,8.67,stop,13,-0.065,-0.00744,-1.0,False,False,-0.5691541446024351,-1.0758807230989875,-0.3422782141516145,False,False,False,True,0.745808477838314
5m,early_hl_wide_3r,early-higher-low,W008,AI,2026-05-14 11:15,9.16,8.88,10.0,9.1703,2026-05-14 13:25,8.88,stop,26,-0.28,-0.03057,-1.0,False,False,1.2212845885747337,3.0405349167763163,5.5363268513546116,True,True,True,True,0.8103778299253925
5m,early_hl_wide_3r,early-higher-low,W009,AI,2026-05-18 12:45,8.64,8.54,8.94,3.4722,2026-05-18 15:55,8.74,session_close,38,0.1,0.01157,1.0,True,True,-0.6900456359773988,0.4653863945353276,1.7066974894173192,True,True,True,True,0.7124267637594389
5m,early_hl_wide_3r,early-higher-low,W010,AI,2026-05-19 10:30,8.79,8.6,9.36,6.4846,2026-05-19 14:30,8.83,time_exit,48,0.04,0.00455,0.21,True,False,-1.070425543986575,0.4576654794112178,0.977573791032671,False,False,True,False,0.73310405253295
5m,early_hl_wide_3r,early-higher-low,W011,AI,2026-05-21 10:30,9.225,9.01,9.87,6.9919,2026-05-21 14:30,9.315,time_exit,48,0.09,0.00976,0.42,True,False,0.6550264259409522,-0.539376356696808,0.7100003927200671,True,True,True,True,0.4481259715585238
5m,early_hl_wide_3r,early-higher-low,W012,AI,2026-05-21 15:05,9.31,9.05,10.09,8.3781,2026-05-21 15:55,9.33,session_close,10,0.02,0.00215,0.08,True,False,-0.0429383817840745,0.11935413609918122,2.374926849145065,True,True,True,True,0.6598488840441724
5m,early_hl_wide_3r,early-higher-low,W013,AI,2026-05-26 12:10,9.69,9.57,10.05,3.7152,2026-05-26 14:55,9.57,stop,33,-0.12,-0.01238,-1.0,False,False,-0.4620131144908335,0.3103955829239391,-0.3597106789181126,True,True,True,True,0.2333739875399567
5m,early_hl_wide_3r,early-higher-low,W014,AI,2026-05-27 10:40,9.61,9.42,10.18,5.9313,2026-05-27 14:40,9.525,time_exit,48,-0.085,-0.00884,-0.45,False,False,0.15728835785013828,1.2105239065069995,-0.048864938558956794,True,True,False,True,0.5013845255064587
5m,early_hl_wide_3r,early-higher-low,W015,AI,2026-05-28 12:05,10.1432,9.89,10.9029,7.4896,2026-05-28 15:55,10.215,session_close,46,0.0718,0.00708,0.28,True,False,-1.072130681263661,0.0,0.9447967227369514,True,True,True,True,0.41257191980439595
5m,early_hl_wide_3r,early-higher-low,W016,AI,2026-05-29 14:10,11.045,10.77,11.87,7.4694,2026-05-29 15:35,10.77,stop,17,-0.275,-0.0249,-1.0,False,False,0.272353445629947,0.8215440731599744,0.8675823624072043,True,True,True,True,1.0362135730936832
5m,early_hl_wide_3r,early-higher-low,W001,PATH,2026-05-04 10:55,11.005,10.61,12.19,10.7678,2026-05-04 14:55,11.0,time_exit,48,-0.005,-0.00045,-0.01,False,False,0.5415563808346402,2.127091879799159,2.0797439749181468,True,True,True,True,0.6259416263269483
5m,early_hl_wide_3r,early-higher-low,W002,PATH,2026-05-06 11:00,10.46,10.17,11.33,8.3174,2026-05-06 15:00,10.42,time_exit,48,-0.04,-0.00382,-0.14,False,False,-0.4283681656707894,2.0886174328979434,-2.3452062132000684,False,False,False,True,0.32686340942955294
5m,early_hl_wide_3r,early-higher-low,W003,PATH,2026-05-08 14:05,10.76,10.53,11.45,6.4126,2026-05-08 15:55,10.79,session_close,22,0.03,0.00279,0.13,True,False,0.2797177799920947,1.4144326136666496,2.33111208585719,True,True,True,True,1.383256332362412
5m,early_hl_wide_3r,early-higher-low,W004,PATH,2026-05-14 13:05,9.74,9.48,10.52,8.0082,2026-05-14 15:55,9.655,session_close,34,-0.085,-0.00873,-0.33,False,False,-0.10148737019446408,-0.35684777670524914,0.8809541955944633,True,True,True,True,1.1840892720105574
5m,early_hl_wide_3r,early-higher-low,W005,PATH,2026-05-15 11:20,9.965,9.73,10.67,7.0748,2026-05-15 15:20,10.31,time_exit,48,0.345,0.03462,1.47,True,True,0.6057589221024839,1.8905766433308102,2.57334015515589,True,True,True,True,0.7479281619463288
5m,early_hl_wide_3r,early-higher-low,W006,PATH,2026-05-18 14:15,10.665,10.47,11.25,5.4852,2026-05-18 15:55,10.64,session_close,20,-0.025,-0.00234,-0.13,False,False,-0.046883398582298064,0.5186261909463807,1.475485304927493,True,True,True,True,0.7680477803776704
5m,early_hl_wide_3r,early-higher-low,W007,PATH,2026-05-20 11:55,10.545,10.31,11.25,6.6856,2026-05-20 15:55,10.745,time_exit,48,0.2,0.01897,0.85,True,True,-0.23651484628252062,-0.04834314448473043,2.229767380195047,True,True,True,True,1.0845166379396547
5m,early_hl_wide_3r,early-higher-low,W008,PATH,2026-05-26 12:05,11.33,11.08,12.08,6.6196,2026-05-26 15:55,11.095,session_close,46,-0.235,-0.02074,-0.94,False,False,-0.04148971738507923,-0.043248208099133656,0.48801552145081306,True,True,True,True,1.8318432191673324
5m,early_hl_wide_3r,early-higher-low,W009,PATH,2026-05-27 11:35,11.19,11.02,11.7,4.5576,2026-05-27 13:35,11.02,stop,24,-0.17,-0.01519,-1.0,False,False,-0.311663836498588,-1.9272910009987765,-0.9292079127284913,False,False,False,False,0.7052365121415486
5m,early_hl_wide_3r,early-higher-low,W010,PATH,2026-05-28 14:00,12.015,11.73,12.87,7.1161,2026-05-28 15:35,11.73,stop,19,-0.285,-0.02372,-1.0,False,False,-0.14703175922442524,1.4774182084401177,2.559728531566985,True,True,True,True,0.5354343768682288
5m,early_hl_wide_3r,early-higher-low,W011,PATH,2026-05-29 11:00,11.655,11.23,12.93,10.9395,2026-05-29 15:00,11.675,time_exit,48,0.02,0.00172,0.05,True,False,1.8482123116537963,5.475108885008018,-2.509411900036762,True,True,False,True,0.44354248450070305
5m,early_hl_wide_3r,early-higher-low,W001,UPST,2026-05-01 15:15,32.75,31.99,35.03,6.9618,2026-05-01 15:55,32.715,session_close,8,-0.035,-0.00107,-0.05,False,False,0.2142746049738964,-0.46059587982755223,-0.4257888841256774,False,False,True,True,0.6620731408473037
5m,early_hl_wide_3r,early-higher-low,W002,UPST,2026-05-05 10:55,32.26,31.53,34.45,6.7886,2026-05-05 13:15,31.53,stop,28,-0.73,-0.02263,-1.0,False,False,-0.662864632294835,0.6246119927551641,0.53042741868774,True,True,True,True,0.4005020216394479
5m,early_hl_wide_3r,early-higher-low,W004,UPST,2026-05-08 15:10,28.97,28.44,30.56,5.4884,2026-05-08 15:55,28.96,session_close,9,-0.01,-0.00035,-0.02,False,False,-0.3268577978927212,-0.8555783910841552,0.6077417489038783,False,False,True,False,0.8622994021768186
5m,early_hl_wide_3r,early-higher-low,W005,UPST,2026-05-11 13:20,28.8,28.06,31.02,7.7083,2026-05-11 15:55,28.69,session_close,31,-0.11,-0.00382,-0.15,False,False,-0.27700805412326224,-0.45108378119759207,0.43591980235677674,False,False,True,True,0.5858745392238038
5m,early_hl_wide_3r,early-higher-low,W006,UPST,2026-05-14 13:40,28.9,27.93,31.81,10.0692,2026-05-14 15:55,29.71,session_close,27,0.81,0.02803,0.84,True,True,-0.41122958480848126,0.8056489797417798,2.2328397511969467,True,True,True,True,0.6053573656127831
5m,early_hl_wide_3r,early-higher-low,W007,UPST,2026-05-19 15:10,28.48,27.94,30.1,5.6882,2026-05-19 15:55,28.08,session_close,9,-0.4,-0.01404,-0.74,False,False,0.38772893813527887,0.14064348603233245,0.992903445821347,True,True,True,True,0.8487913799308027
5m,early_hl_wide_3r,early-higher-low,W008,UPST,2026-05-20 11:25,28.95,28.32,30.84,6.5285,2026-05-20 15:25,28.95,time_exit,48,0.0,0.0,0.0,False,False,-0.20716457127507582,1.294614556406981,3.208561676856636,True,True,True,True,0.48258509502535823
5m,early_hl_wide_3r,early-higher-low,W010,UPST,2026-05-21 15:10,28.87,27.96,31.6,9.4562,2026-05-21 15:55,28.86,session_close,9,-0.01,-0.00035,-0.01,False,False,-0.15570960860876726,-0.15570960860876726,2.522647265677369,True,True,True,True,0.7982829967265764
5m,early_hl_wide_3r,early-higher-low,W011,UPST,2026-05-26 11:20,30.9875,30.42,32.69,5.4941,2026-05-26 12:50,30.42,stop,18,-0.5675,-0.01831,-1.0,False,False,-0.9610491635557605,0.4826636101307846,9.183383549215307,True,True,True,True,0.3811091922213474
5m,early_hl_wide_3r,early-higher-low,W012,UPST,2026-05-27 10:10,30.97,30.49,32.41,4.6497,2026-05-27 10:50,30.49,stop,8,-0.48,-0.0155,-1.0,False,False,0.0485793309739746,-0.14544303657787472,1.4281069808461222,True,True,True,False,0.49672362117172525
5m,early_hl_wide_3r,early-higher-low,W013,UPST,2026-05-28 12:45,31.785,30.91,34.41,8.2586,2026-05-28 15:55,32.707,session_close,38,0.922,0.02901,1.05,True,True,0.09447547610887952,-0.6408250239849589,1.8586762542032176,True,True,True,True,1.3495580704806942
5m,early_hl_wide_3r,early-higher-low,W014,UPST,2026-05-29 14:25,34.385,33.43,37.25,8.3321,2026-05-29 15:55,33.8,end_of_data,18,-0.585,-0.01701,-0.61,False,False,-0.1162030881981968,-0.37669446462086364,1.5957473791147425,True,True,True,True,0.5250826937240018
5m,early_hl_wide_3r,early-higher-low,W002,AFRM,2026-05-04 13:10,67.405,66.78,69.28,2.7817,2026-05-04 15:55,67.16,session_close,33,-0.245,-0.00363,-0.39,False,False,0.3273340629369903,0.8676168201847023,-1.1000293291918095,True,True,False,False,0.4251165817156491
5m,early_hl_wide_3r,early-higher-low,W003,AFRM,2026-05-05 10:55,67.5299,65.87,72.5096,7.3741,2026-05-05 14:55,67.31,time_exit,48,-0.2199,-0.00326,-0.13,False,False,-0.9901034419394938,0.6111248837225247,0.2301563241329685,True,False,False,True,0.5510869400910668
5m,early_hl_wide_3r,early-higher-low,W005,AFRM,2026-05-07 11:35,68.52,67.17,72.57,5.9107,2026-05-07 13:05,67.17,stop,18,-1.35,-0.0197,-1.0,False,False,0.4526527970196481,0.6518350383352356,-0.06008273392461572,True,True,True,True,0.7944283535923752
5m,early_hl_wide_3r,early-higher-low,W006,AFRM,2026-05-11 12:50,65.75,64.78,68.66,4.4259,2026-05-11 15:55,66.46,session_close,37,0.71,0.0108,0.73,True,True,-0.07599247635061701,0.9015945361767086,5.775418535071553,True,True,True,True,1.039686364780779
5m,early_hl_wide_3r,early-higher-low,W007,AFRM,2026-05-14 13:10,66.275,64.52,71.54,7.9442,2026-05-14 15:55,67.57,session_close,33,1.295,0.01954,0.74,True,True,-0.16566356599960752,0.09058969583679577,1.3918686147723847,True,True,True,True,0.42668310753711153
5m,early_hl_wide_3r,early-higher-low,W008,AFRM,2026-05-15 11:00,66.05,64.97,69.29,4.9054,2026-05-15 15:00,66.69,time_exit,48,0.64,0.00969,0.59,True,False,-0.5418431624367392,0.28395058583623456,-1.0482134786429453,False,False,True,True,0.19312832008307243
5m,early_hl_wide_3r,early-higher-low,W009,AFRM,2026-05-15 15:10,66.67,65.26,70.9,6.3447,2026-05-15 15:55,65.85,session_close,9,-0.82,-0.0123,-0.58,False,False,-0.8327101243029711,-0.4626829232742491,-0.20201199102259926,False,False,True,True,0.9373548778890464
5m,early_hl_wide_3r,early-higher-low,W010,AFRM,2026-05-18 15:30,63.85,62.88,66.76,4.5575,2026-05-18 15:55,64.435,session_close,5,0.585,0.00916,0.6,True,False,0.7493922874444392,0.8846783254985446,0.40880840010755204,True,True,False,False,1.350876808257129
5m,early_hl_wide_3r,early-higher-low,W011,AFRM,2026-05-19 10:20,64.39,62.58,69.82,8.433,2026-05-19 14:20,64.61,time_exit,48,0.22,0.00342,0.12,True,False,0.6490533924585762,0.3195663697248552,1.4423151797474887,True,True,True,True,0.3679251133735197
5m,early_hl_wide_3r,early-higher-low,W012,AFRM,2026-05-21 15:10,67.2,65.82,71.34,6.1607,2026-05-21 15:55,67.185,session_close,9,-0.015,-0.00022,-0.01,False,False,-0.5843145739383715,-0.451785358501855,1.0449551533627588,False,False,True,True,1.1207869493423963
5m,early_hl_wide_3r,early-higher-low,W013,AFRM,2026-05-22 15:00,65.24,64.27,68.15,4.4604,2026-05-22 15:55,65.24,session_close,11,0.0,0.0,0.0,False,False,0.7488235751533345,0.8190369136074516,0.7800992487164926,True,True,False,False,1.24680891394539
5m,early_hl_wide_3r,early-higher-low,W014,AFRM,2026-05-28 12:10,72.735,70.73,78.75,8.2697,2026-05-28 15:55,72.99,session_close,45,0.255,0.00351,0.13,True,False,-0.3014541115148095,1.421806945684434,1.5290791074791477,True,True,True,True,0.5066052512138421
5m,early_hl_wide_3r,early-higher-low,W015,AFRM,2026-05-29 12:15,73.805,72.36,78.14,5.8736,2026-05-29 15:55,73.7,end_of_data,44,-0.105,-0.00142,-0.07,False,False,-0.5300954356880605,-0.6662563152123546,0.8610153048765445,True,True,True,True,0.589545421203897
5m,early_hl_wide_3r,early-higher-low,W002,HOOD,2026-05-04 11:15,77.67,75.46,84.3,8.5361,2026-05-04 15:15,76.695,time_exit,48,-0.975,-0.01255,-0.44,False,False,0.23870097999405537,1.3171650133161128,4.654141311575488,True,True,True,True,0.5600269464849272
5m,early_hl_wide_3r,early-higher-low,W003,HOOD,2026-05-05 11:35,77.8,76.33,82.21,5.6684,2026-05-05 15:35,77.12,time_exit,48,-0.68,-0.00874,-0.46,False,False,-0.5368858242578822,1.0519448812905896,0.18695084845978815,True,True,True,True,0.44664503045467896
5m,early_hl_wide_3r,early-higher-low,W004,HOOD,2026-05-08 15:10,76.29,74.77,80.85,5.9772,2026-05-08 15:55,77.0572,session_close,9,0.7672,0.01006,0.5,True,True,-0.4177541791104966,-0.17666967822156376,1.3418389547962262,True,False,True,True,0.955392782040202
5m,early_hl_wide_3r,early-higher-low,W005,HOOD,2026-05-11 12:55,79.405,78.48,82.18,3.4947,2026-05-11 15:55,80.785,session_close,36,1.38,0.01738,1.49,True,True,-0.4512887001460353,0.2904816317846892,2.135052941619775,True,True,True,True,0.3783806026031256
5m,early_hl_wide_3r,early-higher-low,W006,HOOD,2026-05-13 12:10,76.695,74.96,81.9,6.7866,2026-05-13 15:55,76.75,session_close,45,0.055,0.00072,0.03,True,False,-0.32488630268322494,-0.8275141194115765,0.16977570058258618,False,False,False,True,0.7308193028338158
5m,early_hl_wide_3r,early-higher-low,W007,HOOD,2026-05-14 15:10,81.37,80.4,84.28,3.5763,2026-05-14 15:55,80.73,session_close,9,-0.64,-0.00787,-0.66,False,False,0.2217298651134625,0.7313400324977071,0.03688525589755631,True,True,True,True,0.8302377565136088
5m,early_hl_wide_3r,early-higher-low,W008,HOOD,2026-05-15 15:35,77.215,76.03,80.77,4.604,2026-05-15 15:55,77.12,session_close,4,-0.095,-0.00123,-0.08,False,False,-0.23904581994155238,-0.6818019876959958,-0.6627610735286393,False,False,False,False,1.3934896648224087
5m,early_hl_wide_3r,early-higher-low,W009,HOOD,2026-05-19 14:05,74.94,73.6,78.96,5.3643,2026-05-19 15:55,74.18,session_close,22,-0.76,-0.01014,-0.57,False,False,-0.27943989382400725,-0.21304398930177548,0.6514009783413544,True,True,True,True,0.6338357488817399
5m,early_hl_wide_3r,early-higher-low,W010,HOOD,2026-05-20 15:20,75.7,74.53,79.21,4.6367,2026-05-20 15:55,75.77,session_close,7,0.07,0.00092,0.06,True,False,-0.12481692678580902,-0.46677188285992877,-0.3291639368601551,False,False,True,True,1.5878832699017762
5m,early_hl_wide_3r,early-higher-low,W011,HOOD,2026-05-21 15:10,76.23,74.49,81.45,6.8477,2026-05-21 15:55,75.92,session_close,9,-0.31,-0.00407,-0.18,False,False,-0.5480858462729166,-0.3660593373208898,1.5862469936756884,True,False,True,True,1.1685678662146182
5m,early_hl_wide_3r,early-higher-low,W012,HOOD,2026-05-27 11:15,75.48,74.48,78.48,3.9746,2026-05-27 15:15,76.47,time_exit,48,0.99,0.01312,0.99,True,True,-0.8340923811177792,-0.013368222068899094,2.3952672068057623,True,True,True,True,0.39485101897784874
5m,early_hl_wide_3r,early-higher-low,W013,HOOD,2026-05-28 10:50,78.03,76.35,83.07,6.459,2026-05-28 13:50,83.07,target,36,5.04,0.06459,3.0,True,True,-0.1216249135332026,4.227066508882493,2.0203977301977982,True,True,True,True,0.4382659814910509
5m,early_hl_wide_3r,early-higher-low,W014,HOOD,2026-05-29 13:05,93.202,91.72,97.648,4.7703,2026-05-29 14:50,91.72,stop,21,-1.482,-0.0159,-1.0,False,False,-0.45910771766256575,1.0349518453130147,4.354160710204935,True,True,True,True,0.4357712601113462
5m,early_hl_wide_3r,early-higher-low,W002,COIN,2026-05-04 11:15,205.575,201.62,217.44,5.7716,2026-05-04 15:15,203.2675,time_exit,48,-2.3075,-0.01122,-0.58,False,False,1.330710836989324,2.186929809613125,7.711651741490777,True,True,True,True,0.5169602404034931
5m,early_hl_wide_3r,early-higher-low,W003,COIN,2026-05-08 11:35,192.0,186.65,208.05,8.3594,2026-05-08 15:35,197.17,time_exit,48,5.17,0.02693,0.97,True,True,0.6372581110634545,1.505052763622361,3.495237508134763,True,True,False,True,0.6761830411767278
5m,early_hl_wide_3r,early-higher-low,W005,COIN,2026-05-11 11:55,209.29,205.97,219.25,4.7589,2026-05-11 15:55,216.619,time_exit,48,7.329,0.03502,2.21,True,True,-0.05733344724695444,1.3075045754199488,3.697824552369644,True,True,True,True,0.39299456826627627
5m,early_hl_wide_3r,early-higher-low,W007,COIN,2026-05-12 15:40,206.18,202.99,215.75,4.6416,2026-05-12 15:55,207.68,session_close,3,1.5,0.00728,0.47,True,False,0.17970523982921982,0.14565341968819645,0.7916317054433408,True,True,False,False,1.2321217733135519
5m,early_hl_wide_3r,early-higher-low,W008,COIN,2026-05-13 15:35,203.16,199.35,214.59,5.6261,2026-05-13 15:55,201.81,session_close,4,-1.35,-0.00665,-0.35,False,False,0.5868212904748926,0.20225365780734972,1.105028017993348,True,True,True,True,1.186802776643528
5m,early_hl_wide_3r,early-higher-low,W009,COIN,2026-05-14 14:55,219.385,216.32,228.58,4.1913,2026-05-14 15:15,216.32,stop,4,-3.065,-0.01397,-1.0,False,False,0.13464702810546125,0.9084176493534768,0.9385968274749246,True,True,True,True,0.9131511996976026
5m,early_hl_wide_3r,early-higher-low,W010,COIN,2026-05-19 11:00,190.67,186.66,202.7,6.3093,2026-05-19 15:00,193.65,time_exit,48,2.98,0.01563,0.74,True,True,0.5749532267976143,0.8408631266799471,1.6527113737156096,True,True,True,True,0.6454694188620085
5m,early_hl_wide_3r,early-higher-low,W012,COIN,2026-05-20 10:55,193.85,189.25,207.65,7.1189,2026-05-20 14:55,193.195,time_exit,48,-0.655,-0.00338,-0.14,False,False,0.40368428442660864,1.475053578959562,0.5285544072148651,True,True,True,True,0.25952549011949233
5m,early_hl_wide_3r,early-higher-low,W014,COIN,2026-05-21 11:20,190.4647,187.78,198.5188,4.2287,2026-05-21 15:20,194.49,time_exit,48,4.0253,0.02113,1.5,True,True,1.0665363659291716,0.8444745046740643,-1.2955381583589776,True,True,False,True,0.3243484046060826
5m,early_hl_wide_3r,early-higher-low,W016,COIN,2026-05-26 10:50,185.9493,182.9,195.0972,4.9196,2026-05-26 13:25,182.9,stop,31,-3.0493,-0.0164,-1.0,False,False,-0.18565657123550405,-0.837641853908333,-0.09138212657140432,False,False,False,False,0.6183964287437996
5m,early_hl_wide_3r,early-higher-low,W017,COIN,2026-05-27 10:45,178.63,175.74,187.3,4.8536,2026-05-27 11:55,175.74,stop,14,-2.89,-0.01618,-1.0,False,False,-0.19160692418604963,-0.0015722781387395024,-0.8235508578693596,False,False,False,True,0.376639270937167
5m,early_hl_wide_3r,early-higher-low,W001,MARA,2026-05-04 11:00,11.605,11.37,12.31,6.075,2026-05-04 15:00,11.795,time_exit,48,0.19,0.01637,0.81,True,True,0.8253632620798035,0.3025051714371729,1.2652661745784943,True,True,False,True,0.7091288836860553
5m,early_hl_wide_3r,early-higher-low,W003,MARA,2026-05-06 15:30,12.965,12.73,13.67,5.4377,2026-05-06 15:55,13.03,session_close,5,0.065,0.00501,0.28,True,False,-0.038551382713758464,0.8972986043299658,2.23070193393875,True,True,True,True,0.7643227834946107
5m,early_hl_wide_3r,early-higher-low,W004,MARA,2026-05-07 10:40,12.94,12.6,13.96,7.8825,2026-05-07 12:15,12.6,stop,19,-0.34,-0.02628,-1.0,False,False,1.2123561581626863,0.46583435876768053,-1.2206250603785995,True,True,True,True,0.5353403316241673
5m,early_hl_wide_3r,early-higher-low,W005,MARA,2026-05-08 13:15,12.825,12.52,13.74,7.1345,2026-05-08 15:55,12.9539,session_close,32,0.1289,0.01005,0.42,True,True,-0.07791374251744365,1.0638316260508374,2.912854430973555,True,True,True,True,1.2051958971902954
5m,early_hl_wide_3r,early-higher-low,W006,MARA,2026-05-11 11:45,13.51,13.34,14.02,3.775,2026-05-11 15:25,13.34,stop,44,-0.17,-0.01258,-1.0,False,False,-0.07399355255492956,-0.5134569402150513,4.0527006639789365,True,True,True,True,0.7296561876128109
5m,early_hl_wide_3r,early-higher-low,W007,MARA,2026-05-12 15:40,12.63,12.32,13.56,7.3634,2026-05-12 15:55,12.72,session_close,3,0.09,0.00713,0.29,True,False,1.1204509372149563,0.8782484127889401,1.936262704757219,True,True,True,True,1.6164556296156811
5m,early_hl_wide_3r,early-higher-low,W008,MARA,2026-05-13 14:00,12.845,12.52,13.82,7.5905,2026-05-13 15:55,12.735,session_close,23,-0.11,-0.00856,-0.34,False,False,-0.310438192801632,1.7845026067385916,2.47307876657612,True,True,True,True,1.0026220494971105
5m,early_hl_wide_3r,early-higher-low,W009,MARA,2026-05-14 13:10,13.58,13.04,15.2,11.9293,2026-05-14 15:25,13.04,stop,27,-0.54,-0.03976,-1.0,False,False,0.6669148080853171,0.0,2.567007591737247,True,True,True,True,0.756844755656211
5m,early_hl_wide_3r,early-higher-low,W011,MARA,2026-05-18 15:40,12.18,11.85,13.17,8.1281,2026-05-18 15:55,12.17,session_close,3,-0.01,-0.00082,-0.03,False,False,1.1179084113342785,2.353927887312013,1.7551193938058818,True,True,True,True,0.8329243951409495
5m,early_hl_wide_3r,early-higher-low,W012,MARA,2026-05-19 15:35,12.4,12.16,13.12,5.8064,2026-05-19 15:55,12.46,session_close,4,0.06,0.00484,0.25,True,False,-0.6813630104030577,0.16168518956107825,1.019160183456913,True,True,True,True,2.153929161151121
5m,early_hl_wide_3r,early-higher-low,W013,MARA,2026-05-20 14:05,13.4199,13.09,14.4096,7.3749,2026-05-20 15:55,13.14,session_close,22,-0.2799,-0.02086,-0.85,False,False,-0.2899881785232483,0.8649851106298234,0.789173542487509,True,True,True,True,0.9335160641579631
5m,early_hl_wide_3r,early-higher-low,W014,MARA,2026-05-21 14:00,13.47,13.13,14.49,7.5724,2026-05-21 15:55,13.54,session_close,23,0.07,0.0052,0.21,True,False,-1.173449539613458,-0.22213796902608163,0.5972371853088632,False,False,True,True,0.7278453579140338
5m,early_hl_wide_3r,early-higher-low,W015,MARA,2026-05-22 12:35,13.8775,13.46,15.13,9.0254,2026-05-22 15:55,13.805,session_close,40,-0.0725,-0.00522,-0.17,False,False,-1.4486634906431761,-0.8484754865734079,1.1750575282640119,True,False,True,True,0.9189801060897956
5m,early_hl_wide_3r,early-higher-low,W016,MARA,2026-05-26 11:15,14.795,14.49,15.71,6.1845,2026-05-26 12:15,14.49,stop,12,-0.305,-0.02062,-1.0,False,False,0.8520790685065727,1.405767409463543,7.093742494948763,True,True,True,True,0.4899865979216335
5m,early_hl_wide_3r,early-higher-low,W017,MARA,2026-05-27 10:40,14.04,13.77,14.85,5.7692,2026-05-27 14:40,14.46,time_exit,48,0.42,0.02991,1.56,True,True,-0.7082112507499572,-0.1588042285403546,-1.4029968425696593,False,False,False,False,0.6638010948988782
5m,early_hl_wide_3r,early-higher-low,W019,MARA,2026-05-27 15:40,14.245,14.11,14.65,2.8431,2026-05-27 15:55,14.32,session_close,3,0.075,0.00526,0.56,True,False,-0.14020650040176275,-1.5889498435183724,-0.035088522392401345,False,False,True,True,0.5409525802354318
5m,early_hl_wide_3r,early-higher-low,W020,MARA,2026-05-28 11:35,13.945,13.73,14.59,4.6253,2026-05-28 15:35,14.1,time_exit,48,0.155,0.01112,0.72,True,True,-0.5761145002154744,0.49873558250632666,1.41752350285278,False,False,False,True,0.5435982744851787
5m,early_hl_wide_3r,early-higher-low,W022,MARA,2026-05-29 12:45,14.0799,13.88,14.6796,4.2593,2026-05-29 15:55,14.395,end_of_data,38,0.3151,0.02238,1.58,True,True,-1.2973381251565774,0.21359724320564322,3.3414347232433528,False,False,True,True,0.43967397210650244
5m,early_hl_wide_3r,early-higher-low,W003,RIOT,2026-05-05 10:55,19.62,19.26,20.7,5.5046,2026-05-05 14:55,20.06,time_exit,48,0.44,0.02243,1.22,True,True,0.33239853256568086,0.4556894233705533,5.625841364049422,True,True,True,True,0.3483065212443689
5m,early_hl_wide_3r,early-higher-low,W004,RIOT,2026-05-06 15:40,23.345,22.89,24.71,5.8471,2026-05-06 15:55,23.695,session_close,3,0.35,0.01499,0.77,True,True,-1.1864405821808366,-0.2776614031665847,1.8764930423187387,False,True,True,True,0.8081522057863701
5m,early_hl_wide_3r,early-higher-low,W005,RIOT,2026-05-08 15:35,24.08,23.32,26.36,9.4684,2026-05-08 15:55,24.08,session_close,4,0.0,0.0,0.0,False,False,0.0623545602084663,-0.9872471262469484,0.0,True,False,True,True,1.0979712187992887
5m,early_hl_wide_3r,early-higher-low,W006,RIOT,2026-05-11 12:40,25.375,24.79,27.13,6.9163,2026-05-11 15:55,25.34,session_close,39,-0.035,-0.00138,-0.06,False,False,-0.03348955026074574,0.29174754009313464,1.428481229551215,True,True,True,True,1.1163491417821332
5m,early_hl_wide_3r,early-higher-low,W007,RIOT,2026-05-12 14:40,24.62,24.23,25.79,4.7522,2026-05-12 15:55,24.51,session_close,15,-0.11,-0.00447,-0.28,False,False,0.46900395175872855,0.4485244120796983,4.385592502891544,True,True,True,True,0.3672108747692222
5m,early_hl_wide_3r,early-higher-low,W008,RIOT,2026-05-13 14:00,24.85,24.24,26.68,7.3642,2026-05-13 15:55,24.91,session_close,23,0.06,0.00241,0.1,True,False,-1.2524872319502167,0.0737370512465585,0.6280339440043248,False,True,True,True,0.7778192296881009
5m,early_hl_wide_3r,early-higher-low,W009,RIOT,2026-05-14 13:10,24.76,24.06,26.86,8.4814,2026-05-14 15:55,24.62,session_close,33,-0.14,-0.00565,-0.2,False,False,-0.7615251633171893,-1.393868470578341,0.4258752354981965,False,False,True,True,1.6753339342573428
5m,early_hl_wide_3r,early-higher-low,W011,RIOT,2026-05-18 10:15,23.17,22.66,24.7,6.6034,2026-05-18 10:30,22.66,stop,3,-0.51,-0.02201,-1.0,False,False,1.4943015242407043,-2.3360778027729956,-3.092051599287926,False,False,False,False,1.44342234493184
5m,early_hl_wide_3r,early-higher-low,W012,RIOT,2026-05-19 14:05,22.815,22.12,24.9,9.1387,2026-05-19 15:55,22.64,session_close,22,-0.175,-0.00767,-0.25,False,False,0.11460004008152502,-0.3883775220499319,1.7452027330322917,True,True,True,True,0.6903588922476289
5m,early_hl_wide_3r,early-higher-low,W013,RIOT,2026-05-20 11:25,23.83,23.35,25.27,6.0428,2026-05-20 15:25,23.9,time_exit,48,0.07,0.00294,0.15,True,False,-0.13569371865974622,1.2956600933093476,4.951584656689412,True,True,True,True,0.7158274514037906
5m,early_hl_wide_3r,early-higher-low,W014,RIOT,2026-05-21 11:05,24.52,23.95,26.23,6.9739,2026-05-21 15:05,24.405,time_exit,48,-0.115,-0.00469,-0.2,False,False,0.6984390929671846,0.8849563774963043,2.6450658546632644,True,True,True,True,0.44666937027081555
5m,early_hl_wide_3r,early-higher-low,W015,RIOT,2026-05-22 12:35,24.78,24.36,26.04,5.0848,2026-05-22 15:55,24.48,session_close,40,-0.3,-0.01211,-0.71,False,False,-0.8538255404097583,-0.29559493360947764,0.45992623960078305,True,True,True,True,0.4750803427711834
5m,early_hl_wide_3r,early-higher-low,W016,RIOT,2026-05-26 12:10,25.93,25.69,26.65,2.7767,2026-05-26 14:55,25.69,stop,33,-0.24,-0.00926,-1.0,False,False,-0.7086744653761246,-0.7276925684263857,0.3095972261363933,False,True,True,True,0.2994196693705959
5m,early_hl_wide_3r,early-higher-low,W017,RIOT,2026-05-27 13:25,26.405,25.94,27.8,5.2831,2026-05-27 15:55,26.95,session_close,30,0.545,0.02064,1.17,True,True,0.13270084326866272,0.5340782557732293,1.265337134476363,True,True,True,True,1.0046737970056274
5m,early_hl_wide_3r,early-higher-low,W019,RIOT,2026-05-28 12:15,28.2802,27.92,29.3608,3.821,2026-05-28 13:20,27.92,stop,13,-0.3602,-0.01274,-1.0,False,False,-0.03532975902030833,0.17705787823807384,1.4887925220711917,True,True,True,True,1.1240696312588996
5m,early_hl_wide_3r,early-higher-low,W020,RIOT,2026-05-29 15:15,27.3,26.93,28.41,4.0659,2026-05-29 15:55,27.12,end_of_data,8,-0.18,-0.00659,-0.49,False,False,-0.1656895748956555,0.035553509989871834,1.4861504294176209,True,True,False,True,0.7400231372582898
5m,early_hl_wide_3r,early-higher-low,W002,CLSK,2026-05-04 11:00,12.63,12.43,13.23,4.7506,2026-05-04 15:00,12.925,time_exit,48,0.295,0.02336,1.47,True,True,0.2785579168746777,0.7194256669964538,3.32103892398945,True,True,True,True,0.7754953574755183
5m,early_hl_wide_3r,early-higher-low,W004,CLSK,2026-05-05 15:15,13.36,12.99,14.47,8.3084,2026-05-05 15:55,13.4,session_close,8,0.04,0.00299,0.11,True,False,0.11227802176818624,0.9815033262677186,1.441028246769105,True,True,True,True,1.1175790722501364
5m,early_hl_wide_3r,early-higher-low,W005,CLSK,2026-05-06 14:05,14.21,13.79,15.47,8.867,2026-05-06 15:55,14.485,session_close,22,0.275,0.01935,0.65,True,True,0.06896521639043751,-0.5260586251852328,-0.5608405191802945,True,False,True,True,0.6754229195452581
5m,early_hl_wide_3r,early-higher-low,W006,CLSK,2026-05-07 10:40,14.18,13.72,15.56,9.732,2026-05-07 12:15,13.72,stop,19,-0.46,-0.03244,-1.0,False,False,0.6768590068191971,0.5604460457188543,-2.4096346780546285,False,False,False,True,0.2824865380795798
5m,early_hl_wide_3r,early-higher-low,W007,CLSK,2026-05-08 15:35,14.11,13.72,15.28,8.292,2026-05-08 15:55,14.205,session_close,4,0.095,0.00673,0.24,True,False,-1.1562782777457703,-1.6730618356564864,-0.07084823977325794,False,False,True,True,2.7661590462209085
5m,early_hl_wide_3r,early-higher-low,W008,CLSK,2026-05-11 11:50,14.662,14.46,15.268,4.1331,2026-05-11 15:25,14.46,stop,43,-0.202,-0.01378,-1.0,False,False,-0.6099637539128566,0.6174967668313602,0.8943936415937603,True,True,True,True,0.42449696563673256
5m,early_hl_wide_3r,early-higher-low,W009,CLSK,2026-05-13 14:10,13.43,13.13,14.33,6.7014,2026-05-13 15:55,13.295,session_close,21,-0.135,-0.01005,-0.45,False,False,0.11036428677388965,1.3498255211237709,2.1697271570767285,True,True,True,True,1.131099205801538
5m,early_hl_wide_3r,early-higher-low,W010,CLSK,2026-05-14 11:40,13.95,13.59,15.03,7.7419,2026-05-14 15:40,13.885,time_exit,48,-0.065,-0.00466,-0.18,False,False,1.2537915996502669,3.4017721259766764,4.2974574315925995,True,True,True,True,2.045801889968345
5m,early_hl_wide_3r,early-higher-low,W011,CLSK,2026-05-15 15:00,13.45,13.3,13.9,3.3457,2026-05-15 15:20,13.3,stop,4,-0.15,-0.01115,-1.0,False,False,-0.591496679944048,0.8627139668144324,3.862495262938581,True,True,True,True,0.7309464214459318
5m,early_hl_wide_3r,early-higher-low,W012,CLSK,2026-05-18 14:05,13.005,12.8,13.62,4.729,2026-05-18 15:55,13.4523,session_close,22,0.4473,0.03439,2.18,True,True,-0.2685066959863258,0.8533720228659947,0.931676121838998,True,True,False,False,0.9632397843594213
5m,early_hl_wide_3r,early-higher-low,W013,CLSK,2026-05-19 10:30,13.57,13.27,14.47,6.6323,2026-05-19 13:20,14.47,target,34,0.9,0.06632,3.0,True,True,-0.5868093343702196,0.8749405118859688,5.193799194625748,True,True,True,True,0.9639176318176905
5m,early_hl_wide_3r,early-higher-low,W014,CLSK,2026-05-19 14:00,14.22,13.94,15.06,5.9072,2026-05-19 15:55,14.685,session_close,23,0.465,0.0327,1.66,True,True,-0.38542609258191973,-0.3155685523959728,0.6371692218611669,True,True,True,True,0.6313299270263746
5m,early_hl_wide_3r,early-higher-low,W016,CLSK,2026-05-21 13:35,15.81,15.61,16.41,3.7951,2026-05-21 14:45,15.61,stop,14,-0.2,-0.01265,-1.0,False,False,0.4128328645923496,0.28544291350431905,1.184002685546881,True,True,True,True,0.6178704765517895
5m,early_hl_wide_3r,early-higher-low,W017,CLSK,2026-05-22 12:30,16.23,15.77,17.61,8.5028,2026-05-22 15:55,15.955,session_close,41,-0.275,-0.01694,-0.6,False,False,-1.9039016778788498,-1.157128703866006,1.4058131413169583,False,False,True,True,0.4828447909046971
5m,early_hl_wide_3r,early-higher-low,W018,CLSK,2026-05-26 11:20,17.4298,16.68,19.6792,12.9055,2026-05-26 15:20,17.235,time_exit,48,-0.1948,-0.01118,-0.26,False,False,2.049771352753038,4.467674684297429,9.384801652508635,True,True,True,True,1.147273327059736
5m,early_hl_wide_3r,early-higher-low,W019,CLSK,2026-05-27 13:25,17.555,17.02,19.16,9.1427,2026-05-27 15:55,18.035,session_close,30,0.48,0.02734,0.9,True,True,-0.17230379699606502,0.5153172161556085,2.1233261185478636,True,True,True,True,0.4930588325812812
5m,early_hl_wide_3r,early-higher-low,W021,CLSK,2026-05-28 10:40,17.89,17.35,19.51,9.0553,2026-05-28 14:40,18.31,time_exit,48,0.42,0.02348,0.78,True,True,1.1874526330956758,1.0731462009396342,0.13989713126025816,True,True,True,True,0.2857372093661391
5m,early_hl_wide_3r,early-higher-low,W023,CLSK,2026-05-29 15:15,17.97,17.48,19.44,8.1803,2026-05-29 15:55,18.28,end_of_data,8,0.31,0.01725,0.63,True,True,-1.4536445216823624,-1.7231976051715447,-0.9100883387560765,False,False,True,True,0.7293955453433644
5m,early_hl_wide_3r,early-higher-low,W002,IREN,2026-05-05 10:50,50.77,49.06,55.9,10.1044,2026-05-05 14:35,55.9,target,45,5.13,0.10104,3.0,True,True,1.0149220329018993,1.2365355792420818,1.4794039524137492,True,True,True,True,0.43180931159128044
5m,early_hl_wide_3r,early-higher-low,W004,IREN,2026-05-05 15:15,54.77,53.55,58.43,6.6825,2026-05-05 15:55,54.735,session_close,8,-0.035,-0.00064,-0.03,False,False,-1.5374924165657555,0.21964445917213027,3.741952130535209,True,True,True,True,0.6339241507554122
5m,early_hl_wide_3r,early-higher-low,W005,IREN,2026-05-08 14:30,62.025,60.04,67.98,9.601,2026-05-08 15:55,61.215,session_close,17,-0.81,-0.01306,-0.41,False,False,2.588699990585508,4.123644919433755,3.8947998573170883,True,True,True,True,1.3280700834045247
5m,early_hl_wide_3r,early-higher-low,W006,IREN,2026-05-11 12:55,59.88,57.27,67.71,13.0762,2026-05-11 15:10,57.27,stop,27,-2.61,-0.04359,-1.0,False,False,2.0269100959487307,2.806623107982542,6.860560882012212,True,True,True,True,0.863711945219823
5m,early_hl_wide_3r,early-higher-low,W007,IREN,2026-05-12 15:40,56.255,54.91,60.29,7.1727,2026-05-12 15:55,56.56,session_close,3,0.305,0.00542,0.23,True,False,0.7521457159699763,-0.04104572524969985,1.123393581119414,True,True,True,True,2.0063298445111015
5m,early_hl_wide_3r,early-higher-low,W008,IREN,2026-05-13 14:10,55.33,54.05,59.17,6.9402,2026-05-13 15:55,55.165,session_close,21,-0.165,-0.00298,-0.13,False,False,0.3992762736762412,0.9120758897910086,1.6911730572427564,True,True,True,True,0.8100034915820932
5m,early_hl_wide_3r,early-higher-low,W009,IREN,2026-05-14 11:00,58.48,57.59,61.15,4.5657,2026-05-14 13:20,57.59,stop,28,-0.89,-0.01522,-1.0,False,False,0.6364469029757736,4.318457256267538,6.733581191203286,True,True,True,True,0.8675666349127489
5m,early_hl_wide_3r,early-higher-low,W010,IREN,2026-05-15 15:00,54.08,53.5,55.82,3.2175,2026-05-15 15:20,53.5,stop,4,-0.58,-0.01072,-1.0,False,False,-0.16627233888586446,0.4455957316186865,1.691724996757138,True,True,False,False,0.877260607285292
5m,early_hl_wide_3r,early-higher-low,W011,IREN,2026-05-18 15:40,50.21,48.44,55.52,10.5756,2026-05-18 15:55,50.5,session_close,3,0.29,0.00578,0.16,True,False,1.2303283040062674,3.0170262616936228,1.8257186073264098,True,True,False,True,1.1599538721699985
5m,early_hl_wide_3r,early-higher-low,W012,IREN,2026-05-19 14:05,48.565,46.99,53.29,9.7292,2026-05-19 15:55,47.74,session_close,22,-0.825,-0.01699,-0.52,False,False,-0.37948999649440873,-0.7216170860510074,1.7281041458661939,True,True,True,True,0.7586301478948323
5m,early_hl_wide_3r,early-higher-low,W013,IREN,2026-05-20 10:50,50.0212,48.31,55.1548,10.2628,2026-05-20 14:50,52.8,time_exit,48,2.7788,0.05555,1.62,True,True,-0.49642691593242416,2.1413142809670216,4.484775943821306,True,True,True,True,0.5918319874625516
5m,early_hl_wide_3r,early-higher-low,W015,IREN,2026-05-21 13:20,57.305,56.07,61.01,6.4654,2026-05-21 15:55,58.04,session_close,31,0.735,0.01283,0.6,True,True,0.5264067875504264,1.6230614909575891,2.6426629492247944,True,True,True,True,1.3000258646609646
5m,early_hl_wide_3r,early-higher-low,W016,IREN,2026-05-22 14:15,57.61,56.5,60.94,5.7802,2026-05-22 15:20,56.5,stop,13,-1.11,-0.01927,-1.0,False,False,-0.8598452052963057,-0.448969646379338,0.33066906445111677,False,False,True,True,0.688718723815541
5m,early_hl_wide_3r,early-higher-low,W017,IREN,2026-05-27 14:15,66.1608,64.23,71.9532,8.755,2026-05-27 15:55,67.835,session_close,20,1.6742,0.02531,0.87,True,True,0.7480896303915241,1.7161447399493213,3.2483216105965163,True,True,True,True,0.7620903591909952
5m,early_hl_wide_3r,early-higher-low,W018,IREN,2026-05-29 12:10,63.185,61.2,69.14,9.4247,2026-05-29 15:55,63.56,end_of_data,45,0.375,0.00593,0.19,True,False,-0.9918105015433554,-1.9702148243895934,1.5589800497835649,False,False,False,True,0.3500625985893649
5m,early_hl_wide_3r,early-higher-low,W001,CORZ,2026-05-04 11:35,20.69,20.4,21.56,4.2049,2026-05-04 15:35,21.075,time_exit,48,0.385,0.01861,1.33,True,True,-1.0287088828330515,-0.12071279399049617,-0.07247003113124428,False,False,True,False,0.38277935885732695
5m,early_hl_wide_3r,early-higher-low,W003,CORZ,2026-05-05 10:50,21.28,20.96,22.24,4.5113,2026-05-05 14:30,22.24,target,44,0.96,0.04511,3.0,True,True,0.4243288848313931,-0.09381077884595967,0.5903187934062526,True,True,True,True,0.6500388183724807
5m,early_hl_wide_3r,early-higher-low,W005,CORZ,2026-05-06 12:25,24.71,24.38,25.7,4.0065,2026-05-06 12:35,24.38,stop,2,-0.33,-0.01335,-1.0,False,False,0.6928880267014659,-0.30266650872159406,1.3334753028241275,True,True,True,True,0.8935956686616308
5m,early_hl_wide_3r,early-higher-low,W006,CORZ,2026-05-07 14:30,22.115,21.32,24.5,10.7845,2026-05-07 15:55,22.35,session_close,17,0.235,0.01063,0.3,True,True,-1.579530750660274,0.958470987146498,2.3600195024406467,False,True,False,True,0.9091124710476826
5m,early_hl_wide_3r,early-higher-low,W007,CORZ,2026-05-08 14:30,23.135,22.49,25.07,8.364,2026-05-08 15:55,22.905,session_close,17,-0.23,-0.00994,-0.36,False,False,0.41241291071754116,0.8942199804947037,2.3451273024377217,True,True,True,True,1.0217550072220265
5m,early_hl_wide_3r,early-higher-low,W008,CORZ,2026-05-11 11:00,23.47,23.18,24.34,3.7069,2026-05-11 11:45,23.18,stop,9,-0.29,-0.01236,-1.0,False,False,0.9464371065247335,-0.21262699705857369,3.347281354043652,True,True,True,True,0.6754475191100804
5m,early_hl_wide_3r,early-higher-low,W009,CORZ,2026-05-11 14:10,23.44,23.1,24.46,4.3515,2026-05-11 15:20,23.1,stop,14,-0.34,-0.01451,-1.0,False,False,-0.2552082745991502,0.8168552544625118,0.4282671513319736,True,True,True,True,1.4056341099066874
5m,early_hl_wide_3r,early-higher-low,W010,CORZ,2026-05-12 15:10,22.6201,22.24,23.7604,5.0411,2026-05-12 15:55,22.79,session_close,9,0.1699,0.00751,0.45,True,False,0.08857598685232393,0.5561735167001869,2.1238194239806996,True,True,True,True,1.5582561200493161
5m,early_hl_wide_3r,early-higher-low,W011,CORZ,2026-05-13 14:00,23.7,22.98,25.86,9.1139,2026-05-13 15:55,24.01,session_close,23,0.31,0.01308,0.43,True,True,-0.021106864594999664,2.422142930860516,2.3336254527686284,True,True,True,True,0.6147522923720047
5m,early_hl_wide_3r,early-higher-low,W012,CORZ,2026-05-14 12:40,24.85,24.59,25.63,3.1388,2026-05-14 15:25,24.59,stop,33,-0.26,-0.01046,-1.0,False,False,-0.48048383343543,-0.24082428692033808,1.4696823460659925,True,True,True,True,0.4966940904848259
5m,early_hl_wide_3r,early-higher-low,W014,CORZ,2026-05-18 15:40,23.4,22.53,26.01,11.1538,2026-05-18 15:55,23.59,session_close,3,0.19,0.00812,0.22,True,False,1.5190905391206933,2.948944086895877,1.695649520210618,True,True,False,True,1.1677923017198286
5m,early_hl_wide_3r,early-higher-low,W015,CORZ,2026-05-19 14:40,22.81,22.25,24.49,7.3652,2026-05-19 15:55,22.94,session_close,15,0.13,0.0057,0.23,True,False,-0.8905296248024941,-1.1267615180295842,0.21964043817155332,False,False,True,True,0.6757870272554405
5m,early_hl_wide_3r,early-higher-low,W016,CORZ,2026-05-20 10:50,23.39,22.67,25.55,9.2347,2026-05-20 14:50,23.25,time_exit,48,-0.14,-0.00599,-0.19,False,False,0.12847442743804116,1.3437341571007178,2.2747092586671958,True,True,True,True,0.3195657590318562
5m,early_hl_wide_3r,early-higher-low,W017,CORZ,2026-05-21 12:50,24.335,23.9,25.64,5.3626,2026-05-21 15:55,24.8,session_close,37,0.465,0.01911,1.07,True,True,-0.36824938879389535,0.16454511067918176,1.2053238651889675,True,True,True,True,0.7135733076520836
5m,early_hl_wide_3r,early-higher-low,W018,CORZ,2026-05-22 14:15,25.25,24.59,27.23,7.8416,2026-05-22 15:55,25.27,session_close,20,0.02,0.00079,0.03,True,False,-0.668502061556564,-0.4924167771240828,-1.096322148035922,False,False,True,True,1.1408165071050629
5m,early_hl_wide_3r,early-higher-low,W019,CORZ,2026-05-26 12:05,26.22,25.66,27.9,6.4073,2026-05-26 15:55,26.36,session_close,46,0.14,0.00534,0.25,True,False,-1.093716820117796,-1.2798800894131102,0.5988025266449037,False,False,True,False,0.6413473932638045
5m,early_hl_wide_3r,early-higher-low,W020,CORZ,2026-05-27 10:25,26.54,25.89,28.49,7.3474,2026-05-27 14:25,27.48,time_exit,48,0.94,0.03542,1.45,True,True,0.41785753491605515,1.0079854713581415,1.899466037519737,True,True,True,True,1.0032662990844041
5m,early_hl_wide_3r,early-higher-low,W022,CORZ,2026-05-27 15:30,27.485,26.86,29.36,6.8219,2026-05-27 15:55,27.17,session_close,5,-0.315,-0.01146,-0.5,False,False,-0.16348801786596479,0.0,0.548846026158123,True,True,True,True,0.9184642506897872
5m,early_hl_wide_3r,early-higher-low,W023,CORZ,2026-05-28 10:40,27.43,26.86,29.14,6.2341,2026-05-28 14:40,27.98,time_exit,48,0.55,0.02005,0.96,True,True,0.4946805313458036,0.45787547067146495,-0.14564323795780432,True,True,True,True,0.4171510683840212
5m,early_hl_wide_3r,early-higher-low,W002,CIFR,2026-05-04 10:20,17.6,17.27,18.59,5.625,2026-05-04 14:20,17.915,time_exit,48,0.315,0.0179,0.95,True,True,0.6289343155579052,2.923976542958573,2.2186082027066956,True,True,False,True,0.7908292133339134
5m,early_hl_wide_3r,early-higher-low,W003,CIFR,2026-05-05 11:00,19.385,18.82,21.08,8.7439,2026-05-05 13:00,21.08,target,24,1.695,0.08744,3.0,True,True,-0.6113038054764486,1.0739439855480981,9.822690116444388,True,True,True,True,0.45543998436975003
5m,early_hl_wide_3r,early-higher-low,W004,CIFR,2026-05-05 14:55,21.455,20.62,23.96,11.6756,2026-05-05 15:55,22.09,session_close,12,0.635,0.0296,0.76,True,True,2.229413546645276,3.247530632744211,2.8270159152563368,True,True,True,True,1.2411660119262655
5m,early_hl_wide_3r,early-higher-low,W005,CIFR,2026-05-08 15:40,20.425,19.79,22.33,9.3268,2026-05-08 15:55,20.55,session_close,3,0.125,0.00612,0.2,True,False,-1.2109469336726852,-1.2109469336726852,-0.3420459042379531,False,False,True,False,0.7459576563074232
5m,early_hl_wide_3r,early-higher-low,W006,CIFR,2026-05-11 11:10,21.085,20.66,22.36,6.0469,2026-05-11 15:10,20.77,time_exit,48,-0.315,-0.01494,-0.74,False,False,-0.5424607279629678,2.00773588121399,3.383175343084277,True,True,True,True,0.36470720803273654
5m,early_hl_wide_3r,early-higher-low,W007,CIFR,2026-05-12 14:40,19.7,19.3,20.9,6.0914,2026-05-12 15:55,20.055,session_close,15,0.355,0.01802,0.89,True,True,1.12878048198084,0.870000823849626,3.5732967592814857,True,True,False,True,0.785159673731044
5m,early_hl_wide_3r,early-higher-low,W008,CIFR,2026-05-13 11:20,20.985,20.54,22.32,6.3617,2026-05-13 15:20,21.045,time_exit,48,0.06,0.00286,0.13,True,False,0.022396300538352065,2.210861828078725,5.076345029287221,True,True,True,True,0.5145860064888909
5m,early_hl_wide_3r,early-higher-low,W009,CIFR,2026-05-13 15:35,21.12,20.82,22.02,4.2614,2026-05-13 15:55,21.23,session_close,4,0.11,0.00521,0.37,True,False,-0.11876369877448223,-1.240236159653696,-0.9854604922963528,False,False,True,True,1.3158532116495367
5m,early_hl_wide_3r,early-higher-low,W010,CIFR,2026-05-14 12:05,22.0801,21.28,24.4804,10.8709,2026-05-14 15:55,22.29,session_close,46,0.2099,0.00951,0.26,True,False,0.9599958147321397,2.912395278023183,5.46799675841827,True,True,True,True,0.6349253709496999
5m,early_hl_wide_3r,early-higher-low,W011,CIFR,2026-05-15 14:30,20.795,20.1,22.88,10.0264,2026-05-15 15:55,20.325,session_close,17,-0.47,-0.0226,-0.68,False,False,1.1624585583361435,1.91542355979204,2.1556973513710886,True,True,False,True,1.088009819287226
5m,early_hl_wide_3r,early-higher-low,W013,CIFR,2026-05-21 15:05,20.96,20.5,22.34,6.584,2026-05-21 15:55,21.52,session_close,10,0.56,0.02672,1.22,True,True,-0.639811499721088,-1.7572633426364948,0.5515576451517346,False,False,True,True,1.0132211671918971
5m,early_hl_wide_3r,early-higher-low,W014,CIFR,2026-05-22 12:40,21.64,21.1,23.26,7.4861,2026-05-22 15:55,21.98,session_close,39,0.34,0.01571,0.63,True,True,-0.6110264786021058,0.28069461226607473,2.0263917016489996,True,False,True,True,0.98744983051281
5m,early_hl_wide_3r,early-higher-low,W015,CIFR,2026-05-27 13:25,24.24,23.25,27.21,12.2525,2026-05-27 15:55,25.14,session_close,30,0.9,0.03713,0.91,True,True,0.7115685931492477,3.123261350576767,5.965916645693881,True,True,True,True,1.0275930646106373
5m,early_hl_wide_3r,early-higher-low,W017,CIFR,2026-05-28 12:40,24.715,24.01,26.83,8.5576,2026-05-28 15:15,24.01,stop,31,-0.705,-0.02853,-1.0,False,False,-0.5431512024469454,-0.6630537030731021,0.6924646907414678,False,False,True,True,0.8929889653317673
5m,early_hl_wide_3r,early-higher-low,W002,WULF,2026-05-04 11:00,21.64,21.29,22.69,4.8521,2026-05-04 15:00,22.19,time_exit,48,0.55,0.02542,1.57,True,True,0.8614643197027094,-0.796921266352324,1.2386042719259471,True,True,False,True,0.4103087557696841
5m,early_hl_wide_3r,early-higher-low,W004,WULF,2026-05-05 12:40,23.085,22.47,24.93,7.9922,2026-05-05 15:55,23.48,session_close,39,0.395,0.01711,0.64,True,True,-0.7308687644932199,-0.9012836538579649,1.4945061652214875,False,True,True,True,0.6719054482887205
5m,early_hl_wide_3r,early-higher-low,W005,WULF,2026-05-06 13:05,25.285,24.52,27.58,9.0765,2026-05-06 15:55,25.74,session_close,34,0.455,0.01799,0.59,True,True,0.3372386116984094,-0.667706893394937,2.9513550405364963,True,True,True,True,0.5905537691034823
5m,early_hl_wide_3r,early-higher-low,W007,WULF,2026-05-08 14:15,23.57,23.26,24.5,3.9457,2026-05-08 15:15,23.26,stop,12,-0.31,-0.01315,-1.0,False,False,-0.1906782862990064,1.9917774648094522,2.6361634950936574,True,True,True,False,0.4770344412899946
5m,early_hl_wide_3r,early-higher-low,W008,WULF,2026-05-11 11:00,23.97,23.28,26.04,8.6358,2026-05-11 15:00,23.6,time_exit,48,-0.37,-0.01544,-0.54,False,False,-0.3947692441090056,1.3316365147552744,3.4527373087022584,True,True,True,True,0.3929756688139939
5m,early_hl_wide_3r,early-higher-low,W009,WULF,2026-05-12 14:05,22.235,21.77,23.63,6.2739,2026-05-12 15:55,22.805,session_close,22,0.57,0.02564,1.23,True,True,-0.44752059607953143,0.7929367776575935,1.367059232540968,True,True,False,False,0.835208769473002
5m,early_hl_wide_3r,early-higher-low,W010,WULF,2026-05-13 15:00,23.36,22.83,24.95,6.8065,2026-05-13 15:55,23.12,session_close,11,-0.24,-0.01027,-0.45,False,False,-0.10692737137572017,1.720385337605701,2.749670094971357,True,True,True,True,1.4507823257906696
5m,early_hl_wide_3r,early-higher-low,W011,WULF,2026-05-14 13:40,23.87,23.12,26.12,9.4261,2026-05-14 15:55,24.17,session_close,27,0.3,0.01257,0.4,True,True,-0.7256098635200159,0.0444408225702686,0.8904858464647836,True,False,True,True,0.6930300157332819
5m,early_hl_wide_3r,early-higher-low,W012,WULF,2026-05-15 14:30,22.59,22.02,24.3,7.5697,2026-05-15 15:55,22.315,session_close,17,-0.275,-0.01217,-0.48,False,False,0.3329667667463676,1.2771671099766957,2.1007460934251654,True,True,False,True,0.6535074245640343
5m,early_hl_wide_3r,early-higher-low,W013,WULF,2026-05-19 14:05,21.16,20.64,22.72,7.3724,2026-05-19 15:55,21.34,session_close,22,0.18,0.00851,0.35,True,False,-0.11803408012305283,0.4510979255092584,3.472736622251116,True,True,True,True,0.7104419976488154
5m,early_hl_wide_3r,early-higher-low,W014,WULF,2026-05-20 10:55,21.7902,21.45,22.8108,4.6837,2026-05-20 14:55,21.45,stop,48,-0.3402,-0.01561,-1.0,False,False,-2.154850165698763,0.9254614348683354,3.883247180741578,True,True,True,False,0.41104794301925623
5m,early_hl_wide_3r,early-higher-low,W015,WULF,2026-05-21 11:00,22.52,21.89,24.41,8.3925,2026-05-21 15:00,22.72,time_exit,48,0.2,0.00888,0.32,True,False,0.4685387905009497,0.9863160001071236,4.2361064445335606,True,True,True,True,0.3328584866727947
5m,early_hl_wide_3r,early-higher-low,W017,WULF,2026-05-22 14:10,22.99,22.49,24.49,6.5246,2026-05-22 15:55,22.82,session_close,21,-0.17,-0.00739,-0.34,False,False,-0.6051410774297938,0.10840368986064775,0.8773887355562948,True,True,True,True,0.488321652271784
5m,early_hl_wide_3r,early-higher-low,W018,WULF,2026-05-26 10:55,25.83,24.84,28.8,11.4983,2026-05-26 12:15,24.84,stop,16,-0.99,-0.03833,-1.0,False,False,0.957401056756102,2.8463304990123506,12.79195944113396,True,True,True,True,0.7066531435159056
5m,early_hl_wide_3r,early-higher-low,W019,WULF,2026-05-29 15:30,25.17,24.86,26.1,3.6949,2026-05-29 15:55,25.57,end_of_data,5,0.4,0.01589,1.29,True,True,0.19952420158606543,-0.2972092772951407,0.19912081180888386,True,False,False,False,4.08601553236265
5m,early_hl_wide_3r,early-higher-low,W002,HIVE,2026-05-04 11:40,2.54,2.49,2.69,5.9055,2026-05-04 15:40,2.599,time_exit,48,0.059,0.02323,1.18,True,True,-1.9305001534071553,0.19723376146163485,0.19723376146163485,False,True,True,True,0.3545018967017338
5m,early_hl_wide_3r,early-higher-low,W003,HIVE,2026-05-04 15:40,2.585,2.51,2.81,8.7041,2026-05-04 15:55,2.585,session_close,3,0.0,0.0,0.0,False,False,-0.61920424442099,-0.3970211968570392,-0.03868191512557129,False,False,True,True,1.1795646108216589
5m,early_hl_wide_3r,early-higher-low,W004,HIVE,2026-05-05 10:30,2.66,2.61,2.81,5.6391,2026-05-05 13:20,2.81,target,34,0.15,0.05639,3.0,True,True,1.3307926193588893,3.094774565783065,2.1072823359321813,True,True,True,True,0.2933190189928212
5m,early_hl_wide_3r,early-higher-low,W006,HIVE,2026-05-08 14:10,2.875,2.81,3.07,6.7826,2026-05-08 15:25,2.81,stop,15,-0.065,-0.02261,-1.0,False,False,0.34903980558358416,1.5901087458339846,1.2288281896197129,True,True,True,True,1.1295519678471355
5m,early_hl_wide_3r,early-higher-low,W007,HIVE,2026-05-11 11:30,2.9801,2.86,3.3404,12.0902,2026-05-11 15:30,3.015,time_exit,48,0.0349,0.01171,0.29,True,True,3.9381527994154286,3.466201211893627,5.663711317219167,True,True,True,True,1.255645497646468
5m,early_hl_wide_3r,early-higher-low,W009,HIVE,2026-05-12 15:15,2.805,2.76,2.94,4.8128,2026-05-12 15:55,2.835,session_close,8,0.03,0.0107,0.67,True,True,-0.6737523204596085,-0.14260065619930984,2.413170957634625,True,True,False,True,0.7387344259816828
5m,early_hl_wide_3r,early-higher-low,W010,HIVE,2026-05-14 12:05,2.9407,2.88,3.1228,6.1924,2026-05-14 15:55,2.97,session_close,46,0.0293,0.00996,0.48,True,False,-0.10186828688758531,0.8155676824606273,6.209383845479977,True,True,True,True,0.502356229871781
5m,early_hl_wide_3r,early-higher-low,W011,HIVE,2026-05-15 14:45,2.74,2.7,2.86,4.3796,2026-05-15 15:55,2.7,stop,14,-0.04,-0.0146,-1.0,False,False,-0.5786629952218902,0.3907529152793465,1.4391156377600023,True,True,False,True,0.7288342428950245
5m,early_hl_wide_3r,early-higher-low,W012,HIVE,2026-05-18 14:20,3.4007,3.37,3.4928,2.7083,2026-05-18 15:00,3.4928,target,8,0.0921,0.02708,3.0,True,True,-0.8646300236391902,1.04747826711995,-0.09681951190850802,False,True,True,False,0.5384750791538474
5m,early_hl_wide_3r,early-higher-low,W013,HIVE,2026-05-20 11:40,3.735,3.63,4.05,8.4337,2026-05-20 12:15,4.05,target,7,0.315,0.08434,3.0,True,True,0.8102781597504549,8.454809218916415,9.896603813612593,True,True,True,True,0.40473956005350475
5m,early_hl_wide_3r,early-higher-low,W014,HIVE,2026-05-21 13:35,3.8693,3.79,4.1072,6.1484,2026-05-21 15:30,3.79,stop,23,-0.0793,-0.02049,-1.0,False,False,0.7218603421241143,-0.12661770724488042,3.204275771553111,True,True,True,True,0.410810745514649
5m,early_hl_wide_3r,early-higher-low,W015,HIVE,2026-05-22 11:40,4.1899,3.85,5.2096,24.3371,2026-05-22 15:40,4.085,time_exit,48,-0.1049,-0.02504,-0.31,False,False,5.40628986013858,6.6132277416088625,8.970088172708568,True,True,True,True,1.6573410522140535
5m,early_hl_wide_3r,early-higher-low,W017,HIVE,2026-05-27 10:40,3.9851,3.84,4.4204,10.9232,2026-05-27 14:30,4.4204,target,46,0.4353,0.10923,3.0,True,True,-0.7882801028803343,1.4519670775505977,-3.1626167527712634,False,False,False,True,0.3904655863411416
5m,early_hl_wide_3r,early-higher-low,W021,HIVE,2026-05-28 10:55,4.405,4.3,4.72,7.151,2026-05-28 14:55,4.4228,time_exit,48,0.0178,0.00404,0.17,True,False,0.5678439741052976,1.7278004530558055,0.7977185930524655,True,True,True,True,0.2814627679399661
5m,early_hl_wide_3r,early-higher-low,W023,HIVE,2026-05-29 11:40,4.355,4.22,4.76,9.2997,2026-05-29 15:40,4.45,time_exit,48,0.095,0.02181,0.7,True,True,1.7543814641410194,3.0976730214443915,1.6378847500017057,True,True,False,True,0.8285398043572262
5m,early_hl_wide_3r,early-higher-low,W002,BTDR,2026-05-04 10:40,12.195,11.92,13.02,6.7651,2026-05-04 14:40,12.2,time_exit,48,0.005,0.00041,0.02,True,False,-0.5713061237052397,0.49422952426343425,3.7856205060988524,True,True,True,True,0.269096485461223
5m,early_hl_wide_3r,early-higher-low,W003,BTDR,2026-05-05 10:45,12.27,12.1,12.78,4.1565,2026-05-05 14:45,12.44,time_exit,48,0.17,0.01385,1.0,True,True,0.6552000283056136,0.6964362038370364,0.04070097275556961,True,True,True,True,0.4276295275836069
5m,early_hl_wide_3r,early-higher-low,W004,BTDR,2026-05-05 15:15,12.405,12.13,13.23,6.6505,2026-05-05 15:55,12.47,session_close,8,0.065,0.00524,0.24,True,False,-0.32128483908296923,0.646371249330091,1.43032444336324,True,True,True,True,1.1221069539302948
5m,early_hl_wide_3r,early-higher-low,W005,BTDR,2026-05-06 13:40,14.05,13.73,15.01,6.8327,2026-05-06 14:25,15.01,target,9,0.96,0.06833,3.0,True,True,0.17825720416819735,1.1519067203553002,3.4609740034559744,True,True,True,True,0.6614225608176371
5m,early_hl_wide_3r,early-higher-low,W006,BTDR,2026-05-11 12:05,13.49,13.14,14.54,7.7835,2026-05-11 15:50,13.14,stop,45,-0.35,-0.02595,-1.0,False,False,0.07423366747805193,1.2012000831672642,0.4470899076101542,True,True,True,True,1.834964420882275
5m,early_hl_wide_3r,early-higher-low,W007,BTDR,2026-05-12 14:40,12.86,12.69,13.37,3.9658,2026-05-12 15:20,12.69,stop,8,-0.17,-0.01322,-1.0,False,False,0.0,0.15654047045774444,3.4593671837837237,True,True,True,True,1.2864774182155314
5m,early_hl_wide_3r,early-higher-low,W008,BTDR,2026-05-13 10:50,13.01,12.48,14.6,12.2214,2026-05-13 14:50,13.245,time_exit,48,0.235,0.01806,0.44,True,True,1.2835544255386244,2.7624339334029857,2.278090541678046,True,True,True,True,0.91037480600849
5m,early_hl_wide_3r,early-higher-low,W010,BTDR,2026-05-14 11:15,13.63,13.11,15.19,11.4453,2026-05-14 15:15,14.06,time_exit,48,0.43,0.03155,0.83,True,True,1.9093981518640835,2.552892519342298,3.1842311573579307,True,True,True,True,0.8672277105869265
5m,early_hl_wide_3r,early-higher-low,W012,BTDR,2026-05-15 14:40,13.455,13.0,14.82,10.1449,2026-05-15 15:55,13.335,session_close,15,-0.12,-0.00892,-0.26,False,False,0.18614756487118633,1.2415347052418202,1.9318190767088739,True,True,True,True,1.2325308731782043
5m,early_hl_wide_3r,early-higher-low,W013,BTDR,2026-05-19 13:40,12.755,12.5,13.52,5.9977,2026-05-19 15:55,12.82,session_close,27,0.065,0.0051,0.25,True,False,0.43324384795537796,1.8777439091532067,2.2453867439884645,True,True,True,True,0.8656850868201161
5m,early_hl_wide_3r,early-higher-low,W014,BTDR,2026-05-20 15:10,13.2,12.86,14.22,7.7273,2026-05-20 15:55,13.27,session_close,9,0.07,0.0053,0.21,True,False,-1.2350296863260724,-2.2230470046605166,-1.639957269134562,False,False,True,False,0.5273690938813375
5m,early_hl_wide_3r,early-higher-low,W015,BTDR,2026-05-21 10:30,13.6,13.33,14.41,5.9559,2026-05-21 14:30,14.275,time_exit,48,0.675,0.04963,2.5,True,True,0.0,2.486811697982949,3.343469142548239,True,True,True,True,0.4793381303300119
5m,early_hl_wide_3r,early-higher-low,W017,BTDR,2026-05-22 11:20,14.995,14.63,16.09,7.3024,2026-05-22 12:15,14.63,stop,11,-0.365,-0.02434,-1.0,False,False,-0.8597891231803434,1.0107790902152747,2.4957249307224982,True,True,True,True,0.4767232890587357
5m,early_hl_wide_3r,early-higher-low,W018,BTDR,2026-05-27 14:35,15.558,15.17,16.722,7.4817,2026-05-27 15:55,15.535,session_close,16,-0.023,-0.00148,-0.06,False,False,1.5670958626723852,1.7997419961414796,-0.22450190551346338,True,True,True,True,0.6075321723907334
5m,early_hl_wide_3r,early-higher-low,W019,BTDR,2026-05-28 14:35,17.55,17.19,18.63,6.1538,2026-05-28 15:55,18.375,session_close,16,0.825,0.04701,2.29,True,True,-1.2102457640002506,0.486682414715367,1.1235937768229398,True,True,True,True,0.0
5m,early_hl_wide_3r,early-higher-low,W001,HUT,2026-05-04 15:00,78.055,76.09,83.95,7.5524,2026-05-04 15:55,78.06,session_close,11,0.005,6e-05,0.0,True,False,-0.15736517535318573,0.17330184029022977,1.7007692533325791,True,True,True,True,0.6340932705824828
5m,early_hl_wide_3r,early-higher-low,W003,HUT,2026-05-06 13:25,107.38,104.38,116.38,8.3814,2026-05-06 15:55,108.94,session_close,30,1.56,0.01453,0.52,True,True,-1.275030735310001,-1.092926128323568,0.48725322068823296,False,False,True,True,0.3575095003466922
5m,early_hl_wide_3r,early-higher-low,W004,HUT,2026-05-07 15:40,100.29,97.74,107.94,7.6279,2026-05-07 15:55,101.24,session_close,3,0.95,0.00947,0.37,True,False,2.3112929810347183,0.9686787825037513,4.341991899030995,True,True,True,True,2.4368739429215744
5m,early_hl_wide_3r,early-higher-low,W005,HUT,2026-05-11 11:00,104.23,101.99,110.95,6.4473,2026-05-11 14:55,101.99,stop,47,-2.24,-0.02149,-1.0,False,False,-0.05094896099986368,1.8578288728317238,6.556869775618845,True,True,True,True,0.18060176448286
5m,early_hl_wide_3r,early-higher-low,W006,HUT,2026-05-12 10:50,99.68,98.11,104.39,4.7251,2026-05-12 11:00,98.11,stop,2,-1.57,-0.01575,-1.0,False,False,-2.609713842888328,-1.5804015289234474,-1.8228382235304985,False,False,False,False,0.553037230568256
5m,early_hl_wide_3r,early-higher-low,W007,HUT,2026-05-12 14:40,104.805,101.05,116.07,10.7485,2026-05-12 15:55,107.3,session_close,15,2.495,0.02381,0.66,True,True,1.7721857533026686,2.3086663485021752,5.735469532954363,True,True,True,True,1.3918920976114721
5m,early_hl_wide_3r,early-higher-low,W008,HUT,2026-05-13 14:05,109.895,108.77,113.27,3.0711,2026-05-13 14:55,108.77,stop,10,-1.125,-0.01024,-1.0,False,False,0.3143089533289345,2.7161786149241474,4.448873575097267,True,True,True,True,0.8316369731635245
5m,early_hl_wide_3r,early-higher-low,W009,HUT,2026-05-14 13:30,107.23,104.51,115.39,7.6098,2026-05-14 15:55,109.44,session_close,29,2.21,0.02061,0.81,True,True,-2.0768565499362235,-1.9961544945070298,-1.149483277911545,False,False,False,False,0.4326586393789817
5m,early_hl_wide_3r,early-higher-low,W010,HUT,2026-05-15 14:45,103.42,100.69,111.61,7.9192,2026-05-15 15:55,102.44,session_close,14,-0.98,-0.00948,-0.36,False,False,-0.5098102962334816,0.7206133471384213,1.4716968873716763,True,True,True,True,0.8952673266213581
5m,early_hl_wide_3r,early-higher-low,W011,HUT,2026-05-20 10:50,97.98,94.99,106.95,9.1549,2026-05-20 14:50,95.34,time_exit,48,-2.64,-0.02694,-0.88,False,False,-1.2126414388130335,1.2688950202841776,5.30465525645798,True,True,True,True,0.3009718050331928
5m,early_hl_wide_3r,early-higher-low,W012,HUT,2026-05-21 12:40,101.4,98.16,111.12,9.5858,2026-05-21 15:55,105.25,session_close,39,3.85,0.03797,1.19,True,True,-0.4027070450315029,0.401008731405339,0.795231673848984,True,True,True,True,1.5109066261348232
5m,early_hl_wide_3r,early-higher-low,W013,HUT,2026-05-22 12:35,106.305,103.76,113.94,7.1822,2026-05-22 15:55,105.99,session_close,40,-0.315,-0.00296,-0.12,False,False,-0.9911148138833759,-0.25781795670417607,2.013614398011221,True,True,True,True,0.7387478338702039
5m,early_hl_wide_3r,early-higher-low,W014,HUT,2026-05-26 11:50,115.765,112.61,125.23,8.176,2026-05-26 14:05,112.61,stop,27,-3.155,-0.02725,-1.0,False,False,-0.43912703539753517,1.811169240855981,3.3518055881838427,True,True,True,True,0.6664994944148934
5m,early_hl_wide_3r,early-higher-low,W015,HUT,2026-05-27 14:15,117.97,115.87,124.27,5.3403,2026-05-27 15:55,117.6,session_close,20,-0.37,-0.00314,-0.18,False,False,0.6822406684197979,1.8197504664820618,1.4086921623796211,True,True,True,True,0.9924045824746016
5m,early_hl_wide_3r,early-higher-low,W016,HUT,2026-05-28 12:45,125.705,122.22,136.16,8.3171,2026-05-28 15:55,124.26,session_close,38,-1.445,-0.0115,-0.41,False,False,0.3434232955194627,0.9886630426277243,2.621905641159228,True,True,True,True,0.9609257594489431
5m,early_hl_wide_3r,early-higher-low,W001,QBTS,2026-05-01 14:15,20.475,20.29,21.03,2.7106,2026-05-01 14:35,20.29,stop,4,-0.185,-0.00904,-1.0,False,False,-0.5097223811944551,-0.0732034642068613,0.4661492866300465,False,True,True,True,1.0944065689048967
5m,early_hl_wide_3r,early-higher-low,W002,QBTS,2026-05-04 11:15,21.525,21.06,22.92,6.4808,2026-05-04 11:20,21.06,stop,1,-0.465,-0.0216,-1.0,False,False,0.46685518727145325,0.9376112968898287,5.1551443797198,True,True,True,True,0.46719007545120356
5m,early_hl_wide_3r,early-higher-low,W003,QBTS,2026-05-05 14:55,21.605,21.06,23.24,7.5677,2026-05-05 15:55,21.52,session_close,12,-0.085,-0.00393,-0.16,False,False,0.76958490703678,1.5034047315867216,1.7409665841013666,True,True,True,True,1.408273633790186
5m,early_hl_wide_3r,early-higher-low,W004,QBTS,2026-05-06 10:20,22.69,22.19,24.19,6.6108,2026-05-06 14:20,23.815,time_exit,48,1.125,0.04958,2.25,True,True,1.3404877375290392,4.999999558484114,4.70914342081834,True,True,True,True,0.6155343673566898
5m,early_hl_wide_3r,early-higher-low,W006,QBTS,2026-05-08 10:55,22.16,21.34,24.62,11.1011,2026-05-08 14:55,21.89,time_exit,48,-0.27,-0.01218,-0.33,False,False,-0.13526008220343666,2.475132329758223,1.0953891957535378,True,False,False,True,0.46283160592986866
5m,early_hl_wide_3r,early-higher-low,W007,QBTS,2026-05-08 15:10,22.225,21.52,24.34,9.5163,2026-05-08 15:55,22.55,session_close,9,0.325,0.01462,0.46,True,True,0.11261089041045835,-0.3809909749321716,3.0581257756024938,True,False,True,True,0.7743373145027003
5m,early_hl_wide_3r,early-higher-low,W008,QBTS,2026-05-11 11:55,24.22,23.4,26.68,10.1569,2026-05-11 15:55,24.015,time_exit,48,-0.205,-0.00846,-0.25,False,False,0.28991382686724965,2.1729931353156706,4.51014273997834,True,True,True,True,0.5810504490682894
5m,early_hl_wide_3r,early-higher-low,W010,QBTS,2026-05-12 14:40,22.1,21.44,24.08,8.9593,2026-05-12 15:55,22.355,session_close,15,0.255,0.01154,0.39,True,True,1.0597621879586905,1.1675785667812022,2.6957933542173462,True,True,False,False,0.5334338755402677
5m,early_hl_wide_3r,early-higher-low,W011,QBTS,2026-05-13 14:45,21.56,21.22,22.58,4.731,2026-05-13 14:55,21.22,stop,2,-0.34,-0.01577,-1.0,False,False,-0.5071616559734649,0.32573148240930827,0.6301061082341297,True,True,True,True,1.4342559336184175
5m,early_hl_wide_3r,early-higher-low,W012,QBTS,2026-05-14 10:35,20.85,20.61,21.57,3.4532,2026-05-14 10:50,21.57,target,3,0.72,0.03453,3.0,True,True,0.9191647917841772,-0.4307545112815836,-2.0216097642167696,False,False,False,False,0.46571017414349847
5m,early_hl_wide_3r,early-higher-low,W013,QBTS,2026-05-14 12:15,21.81,21.15,23.79,9.0784,2026-05-14 15:55,22.12,session_close,44,0.31,0.01421,0.47,True,True,0.762296163960241,0.6460516343125944,4.454024629096942,True,True,True,True,0.9124240835868851
5m,early_hl_wide_3r,early-higher-low,W015,QBTS,2026-05-18 15:40,18.95,18.39,20.63,8.8654,2026-05-18 15:55,19.09,session_close,3,0.14,0.00739,0.25,True,False,0.23809564657251148,2.129382609216024,1.9644767094560978,True,True,False,True,1.184478168419213
5m,early_hl_wide_3r,early-higher-low,W016,QBTS,2026-05-20 11:55,19.19,18.92,20.0,4.221,2026-05-20 14:55,18.92,stop,36,-0.27,-0.01407,-1.0,False,False,-0.02605765392631465,-0.02605765392631465,3.9566369216779584,True,True,True,True,0.5050030483164338
5m,early_hl_wide_3r,early-higher-low,W017,QBTS,2026-05-21 14:20,24.7907,23.96,27.2828,10.0526,2026-05-21 15:55,25.72,session_close,19,0.9293,0.03749,1.12,True,True,-0.2413979764530838,0.874695497376865,2.3529398796634293,True,True,True,True,0.6965256143577748
5m,early_hl_wide_3r,early-higher-low,W019,QBTS,2026-05-22 11:10,29.615,28.61,32.63,10.1806,2026-05-22 15:10,28.88,time_exit,48,-0.735,-0.02482,-0.73,False,False,-0.8704393089280948,1.5780480200379365,17.40682560079405,True,True,True,True,0.2822804825547871
5m,early_hl_wide_3r,early-higher-low,W020,QBTS,2026-05-28 10:45,28.425,27.48,31.26,9.9736,2026-05-28 14:45,29.44,time_exit,48,1.015,0.03571,1.07,True,True,0.13035284773499356,1.7069285932892475,4.897588504463379,True,True,True,True,0.6792949978979206
5m,early_hl_wide_3r,early-higher-low,W021,QBTS,2026-05-29 11:35,28.64,27.94,30.74,7.3324,2026-05-29 15:35,29.735,time_exit,48,1.095,0.03823,1.56,True,True,-0.8307959305109636,0.561402973375813,3.0935274602636786,True,True,False,True,0.33441143620431485
5m,early_hl_wide_3r,early-higher-low,W002,QUBT,2026-05-01 15:15,9.095,8.98,9.44,3.7933,2026-05-01 15:55,9.21,session_close,8,0.115,0.01264,1.0,True,True,0.27548840473878844,-0.7092152826387643,-0.3831400824867992,False,False,True,True,0.8292702294579285
5m,early_hl_wide_3r,early-higher-low,W003,QUBT,2026-05-04 12:30,9.54,9.24,10.44,9.434,2026-05-04 15:55,9.51,session_close,41,-0.03,-0.00314,-0.1,False,False,-0.8291422487125111,-1.0103897022189168,-2.128338716926148,False,False,True,False,0.528596597206464
5m,early_hl_wide_3r,early-higher-low,W004,QUBT,2026-05-05 14:55,9.575,9.31,10.37,8.3029,2026-05-05 15:55,9.55,session_close,12,-0.025,-0.00261,-0.09,False,False,0.4734358311640374,1.7581242176771372,1.812367528996317,True,True,True,True,1.1001255470002975
5m,early_hl_wide_3r,early-higher-low,W005,QUBT,2026-05-06 13:30,10.2693,9.97,11.1672,8.7435,2026-05-06 15:55,10.455,session_close,29,0.1857,0.01808,0.62,True,True,0.9341225793130015,1.5301254983059787,4.319107562443381,True,True,True,True,2.576866799987926
5m,early_hl_wide_3r,early-higher-low,W006,QUBT,2026-05-08 11:35,9.57,9.48,9.84,2.8213,2026-05-08 11:55,9.48,stop,4,-0.09,-0.0094,-1.0,False,False,-0.2920121547075438,-0.6081581288467142,-0.4104176993998787,False,False,False,False,0.3654303858994165
5m,early_hl_wide_3r,early-higher-low,W008,QUBT,2026-05-11 12:10,10.1689,9.93,10.8856,7.0479,2026-05-11 12:40,9.93,stop,6,-0.2389,-0.02349,-1.0,False,False,-0.596284193840324,0.27214520479490467,1.5376867032856012,True,True,True,True,0.5475228058780804
5m,early_hl_wide_3r,early-higher-low,W009,QUBT,2026-05-13 13:00,11.245,10.89,12.31,9.4709,2026-05-13 15:55,11.04,session_close,35,-0.205,-0.01823,-0.58,False,False,1.527882539532821,3.3532362282334915,2.4123837196633247,True,True,False,True,1.0306096908455697
5m,early_hl_wide_3r,early-higher-low,W010,QUBT,2026-05-14 12:10,11.94,11.66,12.78,7.0352,2026-05-14 15:25,11.66,stop,39,-0.28,-0.02345,-1.0,False,False,-0.13972732465140636,0.2865374287262634,5.7964217199783175,True,True,True,True,0.3554900051899539
5m,early_hl_wide_3r,early-higher-low,W011,QUBT,2026-05-18 15:40,9.76,9.42,10.78,10.4508,2026-05-18 15:55,9.715,session_close,3,-0.045,-0.00461,-0.13,False,False,0.9311966160694629,2.630194602735214,2.414703465847867,True,True,False,False,1.3771821993377402
5m,early_hl_wide_3r,early-higher-low,W012,QUBT,2026-05-21 14:10,11.275,11.03,12.01,6.5188,2026-05-21 15:55,11.4,session_close,21,0.125,0.01109,0.51,True,True,-0.05316406916822114,1.2477552484830845,0.391638869202815,True,True,True,True,0.5738876937785973
5m,early_hl_wide_3r,early-higher-low,W013,QUBT,2026-05-22 11:10,13.0591,12.7,14.1364,8.2494,2026-05-22 13:40,12.7,stop,30,-0.3591,-0.0275,-1.0,False,False,-0.9817850317253574,1.257699314604399,15.034816046778365,True,True,True,True,0.27965575271625415
5m,early_hl_wide_3r,early-higher-low,W015,QUBT,2026-05-27 13:25,11.63,11.31,12.59,8.2545,2026-05-27 15:55,11.43,session_close,30,-0.2,-0.0172,-0.62,False,False,-0.8947553924859575,-1.138225341605803,2.8293517502368415,True,True,True,True,0.5090298632593454
5m,early_hl_wide_3r,early-higher-low,W016,QUBT,2026-05-29 12:45,11.85,11.69,12.33,4.0506,2026-05-29 15:55,11.9616,end_of_data,38,0.1116,0.00942,0.7,True,False,-1.2208302815755245,-0.3078120512143734,2.67215494047901,False,False,False,True,0.5220622737237904
5m,early_hl_wide_3r,early-higher-low,W002,ARQQ,2026-05-04 11:55,14.785,14.46,15.76,6.5945,2026-05-04 15:20,14.46,stop,37,-0.325,-0.02198,-1.0,False,False,-1.8036102401303489,-3.090557814712269,0.10214088675408739,False,False,True,False,0.0960099335912815
5m,early_hl_wide_3r,early-higher-low,W003,ARQQ,2026-05-06 12:30,15.4301,14.93,16.9304,9.7232,2026-05-06 15:55,15.66,session_close,41,0.2299,0.0149,0.46,True,True,0.16186838911345092,1.7763188233666627,1.7094032099260303,True,True,True,True,0.6029244280702291
5m,early_hl_wide_3r,early-higher-low,W004,ARQQ,2026-05-07 11:40,15.975,15.49,17.43,9.108,2026-05-07 12:15,15.49,stop,7,-0.485,-0.03036,-1.0,False,False,-0.5617986892395899,1.464971329330278,0.5047313677012832,True,True,True,True,0.36334583854383773
5m,early_hl_wide_3r,early-higher-low,W005,ARQQ,2026-05-08 14:40,14.97,14.64,15.96,6.6132,2026-05-08 15:55,14.96,session_close,15,-0.01,-0.00067,-0.03,False,False,-0.266317671825822,2.1828083093787143,2.1479685046211117,True,True,True,True,1.6922161341295738
5m,early_hl_wide_3r,early-higher-low,W007,ARQQ,2026-05-13 13:05,14.1195,13.75,15.228,7.8508,2026-05-13 15:55,13.83,session_close,31,-0.2895,-0.0205,-0.78,False,False,-0.08715473543768892,3.145576465076072,1.6589927531229565,True,True,False,True,0.63246004746373
5m,early_hl_wide_3r,early-higher-low,W008,ARQQ,2026-05-14 13:05,13.98,13.67,14.91,6.6524,2026-05-14 15:55,13.86,session_close,34,-0.12,-0.00858,-0.39,False,False,-0.3914612414884555,1.3719050020029488,1.781817349520587,True,True,True,True,0.3106391921779771
5m,early_hl_wide_3r,early-higher-low,W009,ARQQ,2026-05-15 14:15,13.38,12.99,14.55,8.7444,2026-05-15 15:55,13.365,session_close,20,-0.015,-0.00112,-0.04,False,False,-0.297176535955912,2.3646104327608164,1.2066353291880771,True,True,False,True,1.3116259493791969
5m,early_hl_wide_3r,early-higher-low,W010,ARQQ,2026-05-18 10:15,13.25,12.81,14.57,9.9623,2026-05-18 10:30,12.81,stop,3,-0.44,-0.03321,-1.0,False,False,2.7948007511843898,-1.3422841702009247,-0.6010584136606267,True,False,False,True,0.5643379451838603
5m,early_hl_wide_3r,early-higher-low,W011,ARQQ,2026-05-18 15:30,12.67,12.42,13.42,5.9195,2026-05-18 15:55,12.73,session_close,5,0.06,0.00474,0.24,True,False,0.9166980503689137,1.4423101905300717,0.2375275748168093,True,True,False,False,1.1237057502130186
5m,early_hl_wide_3r,early-higher-low,W012,ARQQ,2026-05-19 15:40,12.31,11.94,13.42,9.0171,2026-05-19 15:55,12.15,session_close,3,-0.16,-0.013,-0.43,False,False,-0.08103913094147375,-0.4842648745286948,-0.16194702142423578,True,False,True,True,1.1131414192852649
5m,early_hl_wide_3r,early-higher-low,W013,ARQQ,2026-05-20 15:10,12.91,12.68,13.6,5.3447,2026-05-20 15:55,13.14,session_close,9,0.23,0.01782,1.0,True,True,0.23914424627653474,-0.692308866060698,0.7020292880679513,True,False,True,True,1.8546069659852855
5m,early_hl_wide_3r,early-higher-low,W014,ARQQ,2026-05-21 13:20,16.36,15.83,17.95,9.7188,2026-05-21 15:55,16.41,session_close,31,0.05,0.00306,0.09,True,False,-2.240812586335017,-2.1823603156539306,-1.977231354982023,False,False,True,True,0.260265166733628
5m,early_hl_wide_3r,early-higher-low,W015,ARQQ,2026-05-22 12:20,18.625,18.01,20.47,9.906,2026-05-22 14:00,18.01,stop,20,-0.615,-0.03302,-1.0,False,False,-1.0106310341462255,2.1685449050492966,4.786038122271119,True,True,True,True,1.0843882843321562
5m,early_hl_wide_3r,early-higher-low,W016,ARQQ,2026-05-26 15:10,16.79,16.03,19.07,13.5795,2026-05-26 15:55,16.65,session_close,9,-0.14,-0.00834,-0.18,False,False,0.11926331077953822,0.2986926230157172,-0.6802707272825503,True,False,False,True,2.763459362849021
5m,early_hl_wide_3r,early-higher-low,W017,ARQQ,2026-05-29 12:55,16.78,16.24,18.4,9.6544,2026-05-29 15:55,16.49,end_of_data,33,-0.29,-0.01728,-0.54,False,False,-0.08946847715186612,0.5402170072760892,3.076923076923066,True,True,True,True,0.7879977895615572
5m,early_hl_wide_3r,early-higher-low,W002,LAES,2026-05-04 11:55,3.11,3.02,3.38,8.6817,2026-05-04 13:15,3.02,stop,16,-0.09,-0.02894,-1.0,False,False,0.6482975908981503,0.8116914281397047,8.00000066342561,True,True,True,True,0.3569252098257358
5m,early_hl_wide_3r,early-higher-low,W003,LAES,2026-05-05 15:15,2.925,2.86,3.12,6.6667,2026-05-05 15:55,2.94,session_close,8,0.015,0.00513,0.23,True,False,-0.3401357234227742,0.8605884892822102,1.7361093864397548,True,True,True,True,1.093845765199586
5m,early_hl_wide_3r,early-higher-low,W004,LAES,2026-05-06 12:25,3.175,3.07,3.49,9.9213,2026-05-06 15:55,3.33,session_close,42,0.155,0.04882,1.48,True,True,-0.3139714487570666,0.9538941676219936,3.084416589722494,True,True,True,True,0.9809505863663485
5m,early_hl_wide_3r,early-higher-low,W006,LAES,2026-05-08 15:10,2.97,2.88,3.24,9.0909,2026-05-08 15:35,2.88,stop,5,-0.09,-0.0303,-1.0,False,False,0.1689147283075343,0.1689147283075343,2.0654025256611863,True,True,True,True,0.3812184123406595
5m,early_hl_wide_3r,early-higher-low,W007,LAES,2026-05-11 12:10,3.0199,2.96,3.1996,5.9505,2026-05-11 15:55,3.0638,session_close,45,0.0439,0.01454,0.73,True,True,0.0,0.8375241623460372,0.8375241623460372,True,True,True,True,0.25202549360921495
5m,early_hl_wide_3r,early-higher-low,W009,LAES,2026-05-14 11:40,3.045,2.98,3.24,6.4039,2026-05-14 15:40,3.085,time_exit,48,0.04,0.01314,0.62,True,True,0.4917319089749572,3.9249149118286697,5.729165114462442,True,True,True,True,0.37696826973202885
5m,early_hl_wide_3r,early-higher-low,W010,LAES,2026-05-15 14:40,2.895,2.83,3.09,6.7357,2026-05-15 15:55,2.89,session_close,15,-0.005,-0.00173,-0.08,False,False,-1.025640064233635,-0.6861057011404048,1.757467550561298,False,False,False,True,0.873056443411964
5m,early_hl_wide_3r,early-higher-low,W011,LAES,2026-05-18 15:40,2.775,2.71,2.97,7.027,2026-05-18 15:55,2.8,session_close,3,0.025,0.00901,0.38,True,False,0.9127601663858176,1.8348694489809692,1.8348694489809692,True,True,False,True,0.6213773463835776
5m,early_hl_wide_3r,early-higher-low,W012,LAES,2026-05-19 15:35,2.725,2.69,2.83,3.8532,2026-05-19 15:55,2.73,session_close,4,0.005,0.00183,0.14,True,False,0.003672697926226931,-0.17981573611672852,0.18784574536983012,True,True,True,True,0.8532763826227083
5m,early_hl_wide_3r,early-higher-low,W013,LAES,2026-05-20 11:55,2.84,2.77,3.05,7.3944,2026-05-20 15:55,2.855,time_exit,48,0.015,0.00528,0.21,True,False,-0.6982730443615526,0.17698675886530513,4.044113747749822,True,True,True,True,0.29312336233935493
5m,early_hl_wide_3r,early-higher-low,W014,LAES,2026-05-21 11:55,3.285,3.19,3.57,8.6758,2026-05-21 15:55,3.27,time_exit,48,-0.015,-0.00457,-0.16,False,False,0.45871880708465707,1.8604707898419726,1.6996430696409437,True,True,True,True,0.567278266279381
5m,early_hl_wide_3r,early-higher-low,W015,LAES,2026-05-22 11:10,3.485,3.37,3.83,9.8996,2026-05-22 13:40,3.37,stop,30,-0.115,-0.033,-1.0,False,False,-1.9662902912336522,1.4534869617613966,5.63913312253792,True,True,True,True,0.345758321524065
5m,early_hl_wide_3r,early-higher-low,W016,LAES,2026-05-28 10:20,3.555,3.39,4.05,13.9241,2026-05-28 14:20,3.6601,time_exit,48,0.1051,0.02956,0.64,True,True,2.008613307560858,1.2907087811904194,3.3400224897037756,True,True,True,True,1.2187907359534482
5m,early_hl_wide_3r,early-higher-low,W019,LAES,2026-05-28 15:30,3.72,3.58,4.14,11.2903,2026-05-28 15:55,3.73,session_close,5,0.01,0.00269,0.07,True,False,1.0884343502594263,1.6415853146156678,2.4827562529465386,True,True,True,True,1.534557043353614
5m,early_hl_wide_3r,early-higher-low,W002,QS,2026-05-04 15:10,7.2274,7.15,7.4596,3.2128,2026-05-04 15:55,7.19,session_close,9,-0.0374,-0.00517,-0.48,False,False,-0.5646655464507044,0.27777752022684066,0.9084497341341313,False,False,False,False,1.3679067849227966
5m,early_hl_wide_3r,early-higher-low,W003,QS,2026-05-05 15:40,7.245,7.09,7.71,6.4182,2026-05-05 15:55,7.265,session_close,3,0.02,0.00276,0.13,True,False,0.276816348657527,0.33235965050433247,1.4563799825344503,True,True,True,True,1.084643863401589
5m,early_hl_wide_3r,early-higher-low,W004,QS,2026-05-06 13:10,7.8799,7.65,8.5696,8.7526,2026-05-06 15:55,7.955,session_close,33,0.0751,0.00953,0.33,True,False,-0.6082035243229034,-0.4826266805422419,1.9650505827011777,True,True,True,True,0.48509337079246895
5m,early_hl_wide_3r,early-higher-low,W005,QS,2026-05-08 15:10,7.33,7.17,7.81,6.5484,2026-05-08 15:55,7.55,session_close,9,0.22,0.03001,1.38,True,True,-1.0128111322281308,-0.7450975562401818,1.7395792498896112,False,False,True,True,0.6345522584208622
5m,early_hl_wide_3r,early-higher-low,W006,QS,2026-05-11 12:00,8.175,7.94,8.88,8.6239,2026-05-11 15:55,8.03,session_close,47,-0.145,-0.01774,-0.62,False,False,-1.087074974119595,1.5682214520284843,5.344500268201724,True,True,True,True,0.5773119561008989
5m,early_hl_wide_3r,early-higher-low,W007,QS,2026-05-12 15:10,7.885,7.67,8.53,8.1801,2026-05-12 15:55,8.53,target,9,0.645,0.0818,3.0,True,True,-1.1285225934416943,0.5098845093685966,3.20815736730522,True,True,True,True,1.066924630887822
5m,early_hl_wide_3r,early-higher-low,W008,QS,2026-05-13 12:10,8.6799,8.4,9.5196,9.6741,2026-05-13 13:00,8.4,stop,10,-0.2799,-0.03225,-1.0,False,False,-1.0837544534690546,-1.5426636179608266,8.026139815897526,True,True,True,True,0.38510598504552945
5m,early_hl_wide_3r,early-higher-low,W009,QS,2026-05-14 13:10,8.725,8.39,9.73,11.5186,2026-05-14 15:55,8.57,session_close,33,-0.155,-0.01777,-0.46,False,False,-1.3005052045142906,-0.08478440622559091,2.229812947941512,True,True,True,True,0.5618360164689029
5m,early_hl_wide_3r,early-higher-low,W010,QS,2026-05-15 15:20,8.0189,7.94,8.2556,2.9518,2026-05-15 15:55,7.995,session_close,7,-0.0239,-0.00298,-0.3,False,False,-0.6815285449978337,-0.12460156614126916,0.7542478968214361,False,False,False,True,0.7570134218419411
5m,early_hl_wide_3r,early-higher-low,W011,QS,2026-05-18 14:40,7.26,7.2,7.44,2.4793,2026-05-18 15:30,7.44,target,10,0.18,0.02479,3.0,True,True,-0.88191116077595,0.21255946314124863,0.28314902071511217,False,False,False,False,0.8555825242718447
5m,early_hl_wide_3r,early-higher-low,W012,QS,2026-05-19 14:00,7.39,7.21,7.93,7.3072,2026-05-19 15:55,7.3,session_close,23,-0.09,-0.01218,-0.5,False,False,0.20338802014367996,0.47586468145948135,1.3717408114656493,True,True,True,True,1.6444974509432684
5m,early_hl_wide_3r,early-higher-low,W013,QS,2026-05-20 11:40,7.505,7.43,7.73,2.998,2026-05-20 15:40,7.6,time_exit,48,0.095,0.01266,1.27,True,True,-0.33177994739919114,0.46823176850578907,3.58621005354256,True,True,True,True,0.5003608445500155
5m,early_hl_wide_3r,early-higher-low,W014,QS,2026-05-21 13:35,8.08,7.93,8.53,5.5693,2026-05-21 15:55,8.37,session_close,28,0.29,0.03589,1.93,True,True,0.37266748149547,0.8109741434690232,3.06122151080499,True,True,True,True,1.0742797086035647
5m,early_hl_wide_3r,early-higher-low,W016,QS,2026-05-22 10:40,8.53,8.27,9.31,9.1442,2026-05-22 11:50,8.27,stop,14,-0.26,-0.03048,-1.0,False,False,1.298095709484981,1.6603025864123877,2.086178376258374,True,True,True,True,0.9025891769047135
5m,early_hl_wide_3r,early-higher-low,W017,QS,2026-05-27 13:00,9.22,8.96,10.0,8.4599,2026-05-27 15:05,8.96,stop,25,-0.26,-0.0282,-1.0,False,False,-0.6476250374455872,1.7648973973850124,1.9911758829128212,True,True,True,True,0.519770218414568
5m,early_hl_wide_3r,early-higher-low,W018,QS,2026-05-28 14:50,9.195,8.97,9.87,7.3409,2026-05-28 15:55,9.12,session_close,13,-0.075,-0.00816,-0.33,False,False,-0.7012468660386961,-0.5400438979188626,-1.97226969401042,False,False,True,True,0.9979988181274905
5m,early_hl_wide_3r,early-higher-low,W019,QS,2026-05-29 12:45,8.925,8.83,9.21,3.1933,2026-05-29 14:55,8.83,stop,26,-0.095,-0.01064,-1.0,False,False,-0.6124649699900564,0.3936990557980913,3.2388631364355325,True,True,False,True,0.44638205166108885
5m,early_hl_wide_3r,early-higher-low,W002,ENVX,2026-05-04 11:15,6.935,6.79,7.37,6.2725,2026-05-04 11:35,6.79,stop,4,-0.145,-0.02091,-1.0,False,False,-0.6447002316759098,-0.5734761634399566,2.4372224862317715,True,True,True,True,0.7246190665097192
5m,early_hl_wide_3r,early-higher-low,W003,ENVX,2026-05-05 11:05,6.945,6.71,7.65,10.1512,2026-05-05 15:05,6.86,time_exit,48,-0.085,-0.01224,-0.36,False,False,-0.5014304773133138,2.2075068974722223,2.660758443876965,True,True,True,True,0.2648338280505793
5m,early_hl_wide_3r,early-higher-low,W004,ENVX,2026-05-06 14:10,6.47,6.32,6.92,6.9552,2026-05-06 15:55,6.685,session_close,21,0.215,0.03323,1.43,True,True,-0.7295060325197777,0.26934656037282956,1.4042573076784581,True,True,True,True,0.4869911440769403
5m,early_hl_wide_3r,early-higher-low,W005,ENVX,2026-05-08 15:10,6.5,6.28,7.16,10.1538,2026-05-08 15:55,6.615,session_close,9,0.115,0.01769,0.52,True,True,-0.3828498401865388,0.07692483755259438,3.0087103008529015,True,False,True,True,4.070384866969715
5m,early_hl_wide_3r,early-higher-low,W006,ENVX,2026-05-11 14:15,7.4197,7.27,7.8688,6.0528,2026-05-11 15:25,7.27,stop,14,-0.1497,-0.02018,-1.0,False,False,0.0,1.3670526842151087,-0.06738698638147911,True,True,True,True,0.5388404982673035
5m,early_hl_wide_3r,early-higher-low,W007,ENVX,2026-05-12 15:15,6.865,6.72,7.3,6.3365,2026-05-12 15:55,6.985,session_close,8,0.12,0.01748,0.83,True,True,-0.5792967049206732,-0.29049320404918033,1.9302098741893259,True,True,True,True,0.7607665272197656
5m,early_hl_wide_3r,early-higher-low,W008,ENVX,2026-05-13 11:45,7.205,6.99,7.85,8.9521,2026-05-13 15:45,7.415,time_exit,48,0.21,0.02915,0.98,True,True,-0.414653894329331,1.9094731084420058,4.7999988902698965,True,True,True,True,0.5262972405820917
5m,early_hl_wide_3r,early-higher-low,W010,ENVX,2026-05-15 14:45,6.215,6.11,6.53,5.0684,2026-05-15 15:50,6.11,stop,13,-0.105,-0.01689,-1.0,False,False,-0.5611418600316553,-0.7182773703583223,0.7287384302320454,True,False,True,True,0.5456688879198425
5m,early_hl_wide_3r,early-higher-low,W011,ENVX,2026-05-19 14:10,5.555,5.4,6.02,8.3708,2026-05-19 15:55,5.53,session_close,21,-0.025,-0.0045,-0.16,False,False,-0.4480303890546877,-0.9803975733834069,2.1139663586129176,True,False,False,True,0.7618401120982364
5m,early_hl_wide_3r,early-higher-low,W012,ENVX,2026-05-20 12:20,6.035,5.86,6.56,8.6992,2026-05-20 15:55,6.345,session_close,43,0.31,0.05137,1.77,True,True,0.6504342152779952,2.1133291238979446,8.154120608013526,True,True,True,True,0.7356250755018168
5m,early_hl_wide_3r,early-higher-low,W014,ENVX,2026-05-22 11:15,6.715,6.47,7.45,10.9457,2026-05-22 15:15,6.73,time_exit,48,0.015,0.00223,0.06,True,False,0.2991769797711985,2.8374224435695705,6.1757698012951945,True,True,True,True,0.43623264761017927
5m,early_hl_wide_3r,early-higher-low,W016,ENVX,2026-05-27 11:35,7.515,7.25,8.31,10.5788,2026-05-27 15:35,7.315,time_exit,48,-0.2,-0.02661,-0.75,False,False,2.1739109308372973,2.452313686603391,5.174823505230575,True,True,True,True,1.6787555730355175
5m,early_hl_wide_3r,early-higher-low,W017,ENVX,2026-05-28 10:55,7.55,7.32,8.24,9.1391,2026-05-28 14:55,7.69,time_exit,48,0.14,0.01854,0.61,True,True,-0.526661790098848,2.301957944319888,2.4406756384897976,True,True,True,True,1.497859706482341
5m,early_hl_wide_3r,early-higher-low,W019,ENVX,2026-05-29 10:40,7.49,7.29,8.09,8.0107,2026-05-29 13:15,8.09,target,31,0.6,0.08011,3.0,True,True,-0.7952278618002739,1.1486491493450712,-2.981205632203854,False,False,False,True,0.30393735983415154
5m,early_hl_wide_3r,early-higher-low,W020,ENVX,2026-05-29 15:15,8.075,7.87,8.69,7.6161,2026-05-29 15:55,7.97,end_of_data,8,-0.105,-0.013,-0.51,False,False,-0.7375589173762909,-1.8833504446231553,0.37289910113973423,False,False,True,True,1.1466881885552942
5m,early_hl_wide_3r,early-higher-low,W001,JOBY,2026-05-04 11:15,9.085,8.88,9.7,6.7694,2026-05-04 12:15,8.88,stop,12,-0.205,-0.02256,-1.0,False,False,-0.9269360680455252,0.4067149922663216,-1.83684575031704,False,False,False,True,0.7610877641709095
5m,early_hl_wide_3r,early-higher-low,W002,JOBY,2026-05-06 13:05,10.1901,9.85,11.2104,10.0127,2026-05-06 15:55,10.51,session_close,34,0.3199,0.03139,0.94,True,True,-0.18806885152733432,1.494020110559724,3.556904698861829,True,True,True,True,0.9165933131648756
5m,early_hl_wide_3r,early-higher-low,W004,JOBY,2026-05-08 10:45,10.12,9.87,10.87,7.4111,2026-05-08 14:45,10.475,time_exit,48,0.355,0.03508,1.42,True,True,-1.0792253368345106,0.597009600036591,3.3214084244578723,True,True,True,True,0.4040534910708602
5m,early_hl_wide_3r,early-higher-low,W005,JOBY,2026-05-11 12:15,10.9246,10.56,12.0184,10.0123,2026-05-11 15:55,10.77,session_close,44,-0.1546,-0.01415,-0.42,False,False,-0.023790367589127115,1.912312673504002,1.4862967237279534,True,True,True,True,1.3493003359028737
5m,early_hl_wide_3r,early-higher-low,W006,JOBY,2026-05-12 15:15,10.425,10.22,11.04,5.8993,2026-05-12 15:55,10.49,session_close,8,0.065,0.00623,0.32,True,False,-0.6205824230861023,0.6760082239792853,2.005870042561675,True,True,True,True,1.1102176433030206
5m,early_hl_wide_3r,early-higher-low,W007,JOBY,2026-05-13 11:55,11.045,10.78,11.84,7.1978,2026-05-13 15:55,11.07,time_exit,48,0.025,0.00226,0.09,True,False,-0.807900806231443,1.1163958233465276,7.229498917966071,True,True,True,True,1.7737984595846537
5m,early_hl_wide_3r,early-higher-low,W009,JOBY,2026-05-15 10:40,10.44,10.15,11.31,8.3333,2026-05-15 14:40,10.505,time_exit,48,0.065,0.00623,0.22,True,False,1.261524605444464,1.9540866599734086,-2.382664658630773,True,True,False,True,0.23194652353379724
5m,early_hl_wide_3r,early-higher-low,W010,JOBY,2026-05-15 14:40,10.495,10.21,11.35,8.1467,2026-05-15 15:55,10.37,session_close,15,-0.125,-0.01191,-0.44,False,False,-0.2850331026936326,0.19092604640600364,1.8932008855652827,True,True,True,True,0.6370610727231808
5m,early_hl_wide_3r,early-higher-low,W011,JOBY,2026-05-18 15:40,10.32,10.01,11.25,9.0116,2026-05-18 15:55,10.35,session_close,3,0.03,0.00291,0.1,True,False,0.3404654505958282,1.9772596519102903,1.424758510381019,True,True,True,True,1.3337201536149608
5m,early_hl_wide_3r,early-higher-low,W012,JOBY,2026-05-19 14:00,10.145,9.86,11.0,8.4278,2026-05-19 15:55,9.995,session_close,23,-0.15,-0.01479,-0.53,False,False,-0.04925281728556108,0.39585271983586523,1.5464691523768392,True,True,True,True,0.6864306688382513
5m,early_hl_wide_3r,early-higher-low,W013,JOBY,2026-05-20 11:55,10.23,10.15,10.47,2.346,2026-05-20 14:55,10.15,stop,36,-0.08,-0.00782,-1.0,False,False,-0.4961054741556614,-0.20390221290887967,3.8477126437070686,True,True,True,True,0.24817481149097298
5m,early_hl_wide_3r,early-higher-low,W014,JOBY,2026-05-21 15:10,10.285,10.03,11.05,7.438,2026-05-21 15:55,10.38,session_close,9,0.095,0.00924,0.37,True,False,-0.6283280075379483,-0.33931021653816895,1.8325850524898657,False,True,True,True,0.807926212555293
5m,early_hl_wide_3r,early-higher-low,W015,JOBY,2026-05-22 11:15,10.98,10.65,11.97,9.0164,2026-05-22 15:15,10.9281,time_exit,48,-0.0519,-0.00473,-0.16,False,False,-1.6143440148851718,1.2459642677114857,6.453177507612762,True,True,True,True,0.913226667196567
5m,early_hl_wide_3r,early-higher-low,W016,JOBY,2026-05-26 10:40,11.3931,11.11,12.2424,7.4545,2026-05-26 14:40,11.61,time_exit,48,0.2169,0.01904,0.77,True,True,-0.3933489883757635,-0.14371053308952497,4.3632001517689645,True,True,True,True,0.4361430203700937
5m,early_hl_wide_3r,early-higher-low,W017,JOBY,2026-05-26 15:10,11.525,11.2,12.5,8.4599,2026-05-26 15:55,11.51,session_close,9,-0.015,-0.0013,-0.05,False,False,-0.9454285190171885,-1.6218568637034747,-0.17323913063231888,False,False,True,True,0.8035673461694273
5m,early_hl_wide_3r,early-higher-low,W018,JOBY,2026-05-27 13:25,11.429,11.09,12.446,8.8984,2026-05-27 15:55,11.48,session_close,30,0.051,0.00446,0.15,True,False,-1.125055049827095,0.08760603517525833,0.7291270083637169,True,True,True,True,0.3587818673115023
5m,early_hl_wide_3r,early-higher-low,W019,JOBY,2026-05-28 13:35,12.28,12.1,12.82,4.3974,2026-05-28 15:55,12.29,session_close,28,0.01,0.00081,0.06,True,False,-0.46264651361535014,-0.47715779258450386,0.49654754040144855,False,False,True,True,1.0233220318641423
5m,early_hl_wide_3r,early-higher-low,W001,ACHR,2026-05-01 14:35,5.855,5.8,6.02,2.8181,2026-05-01 15:55,5.87,session_close,16,0.015,0.00256,0.27,True,False,-0.4302505951443103,-0.7627131451960256,0.601371930924155,False,False,True,True,1.0036141485277934
5m,early_hl_wide_3r,early-higher-low,W002,ACHR,2026-05-04 11:15,5.835,5.7,6.24,6.9409,2026-05-04 12:15,5.7,stop,12,-0.135,-0.02314,-1.0,False,False,0.17167775466584434,0.17167775466584434,-0.34158805911803647,True,False,False,True,1.5385406394524104
5m,early_hl_wide_3r,early-higher-low,W003,ACHR,2026-05-04 15:05,5.815,5.74,6.04,3.8693,2026-05-04 15:55,5.74,stop,10,-0.075,-0.0129,-1.0,False,False,-0.5132546458176623,0.0,0.6055336702707415,False,True,True,True,1.0718344965458588
5m,early_hl_wide_3r,early-higher-low,W005,ACHR,2026-05-06 11:25,6.245,6.04,6.86,9.8479,2026-05-06 15:25,6.4001,time_exit,48,0.1551,0.02484,0.76,True,True,-0.08160269649000185,0.727426799895059,7.026561177920976,True,True,True,True,0.6412987269830001
5m,early_hl_wide_3r,early-higher-low,W007,ACHR,2026-05-07 11:15,6.445,6.3,6.88,6.7494,2026-05-07 12:20,6.3,stop,13,-0.145,-0.0225,-1.0,False,False,0.14295186336428234,0.23328683861925104,0.25355361879477734,True,True,True,True,1.540058492642379
5m,early_hl_wide_3r,early-higher-low,W008,ACHR,2026-05-11 14:10,6.6699,6.57,6.9696,4.4933,2026-05-11 15:50,6.57,stop,20,-0.0999,-0.01498,-1.0,False,False,0.22539242693768724,2.222221897428933,1.062142000938815,True,True,True,True,1.0203551015070413
5m,early_hl_wide_3r,early-higher-low,W009,ACHR,2026-05-12 15:40,6.325,6.15,6.85,8.3004,2026-05-12 15:55,6.39,session_close,3,0.065,0.01028,0.37,True,True,0.6364353671304723,0.04428818879560481,1.8518481547784127,True,True,True,True,0.8322579600522767
5m,early_hl_wide_3r,early-higher-low,W010,ACHR,2026-05-13 10:50,6.52,6.37,6.97,6.9018,2026-05-13 14:50,6.675,time_exit,48,0.155,0.02377,1.03,True,True,1.3209019254514232,1.3209019254514232,3.98724084147537,True,True,True,True,0.6900540750634873
5m,early_hl_wide_3r,early-higher-low,W011,ACHR,2026-05-14 13:05,6.52,6.41,6.85,5.0613,2026-05-14 13:20,6.41,stop,3,-0.11,-0.01687,-1.0,False,False,0.23095217224107234,1.2441742251785293,2.924907908229546,True,True,True,True,0.9120905966891726
5m,early_hl_wide_3r,early-higher-low,W012,ACHR,2026-05-14 15:25,6.4399,6.38,6.6196,2.7904,2026-05-14 15:30,6.38,stop,1,-0.0599,-0.0093,-1.0,False,False,-0.23255607642110876,-0.9237866641529036,0.23364277737289996,False,False,True,True,0.8837438096826723
5m,early_hl_wide_3r,early-higher-low,W013,ACHR,2026-05-15 10:40,6.17,6.03,6.59,6.8071,2026-05-15 14:40,6.125,time_exit,48,-0.045,-0.00729,-0.32,False,False,1.1041960434577502,1.188799278618502,-4.676084950127035,False,False,False,True,0.4775618212727195
5m,early_hl_wide_3r,early-higher-low,W014,ACHR,2026-05-18 15:40,5.915,5.8,6.26,5.8326,2026-05-18 15:55,5.92,session_close,3,0.005,0.00085,0.04,True,False,-0.8382261434338956,1.1976077703004018,0.08290855741208691,True,True,False,False,1.3103065986537452
5m,early_hl_wide_3r,early-higher-low,W015,ACHR,2026-05-19 12:30,5.925,5.77,6.39,7.8481,2026-05-19 15:55,5.905,session_close,41,-0.02,-0.00338,-0.13,False,False,0.1655370166769421,1.800864610168218,3.490467375987505,True,True,True,True,0.8782255023433713
5m,early_hl_wide_3r,early-higher-low,W016,ACHR,2026-05-21 12:50,5.9601,5.8,6.4404,8.0586,2026-05-21 15:55,6.11,session_close,37,0.1499,0.02515,0.94,True,True,-0.16582272343994564,0.7624718915981044,1.6214903076441356,True,True,True,True,0.3388728753951295
5m,early_hl_wide_3r,early-higher-low,W018,ACHR,2026-05-22 11:15,6.32,6.16,6.8,7.5949,2026-05-22 15:15,6.2401,time_exit,48,-0.0799,-0.01264,-0.5,False,False,-0.23538651766411567,1.3643665792414161,3.865133823409006,True,True,True,True,1.5665393888961585
5m,early_hl_wide_3r,early-higher-low,W019,ACHR,2026-05-26 10:45,6.685,6.43,7.45,11.4435,2026-05-26 14:45,6.465,time_exit,48,-0.22,-0.03291,-0.86,False,False,-0.593471264263723,2.134144324798215,7.0270431670135025,True,True,True,True,1.6541198104150856
5m,early_hl_wide_3r,early-higher-low,W020,ACHR,2026-05-27 13:00,6.54,6.4,6.96,6.422,2026-05-27 15:55,6.55,session_close,35,0.01,0.00153,0.07,True,False,-0.5327294267089333,1.0827485409447224,0.5384591909555203,True,True,True,True,0.6354934190700057
5m,early_hl_wide_3r,early-higher-low,W021,ACHR,2026-05-28 13:50,6.97,6.78,7.54,8.1779,2026-05-28 15:55,6.805,session_close,25,-0.165,-0.02367,-0.87,False,False,-0.21475079507560224,-0.782922482976911,1.603493506360798,True,False,True,True,0.7848675951067122
5m,early_hl_wide_3r,early-higher-low,W022,ACHR,2026-05-29 14:00,6.77,6.66,7.1,4.8744,2026-05-29 14:45,6.66,stop,9,-0.11,-0.01625,-1.0,False,False,-0.10632056015021929,0.29651565998294327,0.8181650215675074,True,True,True,True,1.3313840983919816
5m,early_hl_wide_3r,early-higher-low,W002,LUNR,2026-05-04 15:35,25.11,24.88,25.8,2.7479,2026-05-04 15:55,25.37,session_close,4,0.26,0.01035,1.13,True,True,-1.5863716245701487,-1.9320875215404931,0.41966243131601466,False,False,True,False,1.3546304966141944
5m,early_hl_wide_3r,early-higher-low,W003,LUNR,2026-05-05 15:25,24.84,24.23,26.67,7.3672,2026-05-05 15:55,24.78,session_close,6,-0.06,-0.00242,-0.1,False,False,-0.21333338646426503,1.7447110942200972,3.1432757049487003,True,True,True,False,0.6377278913566843
5m,early_hl_wide_3r,early-higher-low,W004,LUNR,2026-05-06 11:55,25.98,25.08,28.68,10.3926,2026-05-06 15:55,26.33,time_exit,48,0.35,0.01347,0.39,True,True,-0.837667002286191,-1.6390524719082422,0.4671011150165105,False,False,True,True,0.5362075492939136
5m,early_hl_wide_3r,early-higher-low,W005,LUNR,2026-05-08 11:55,27.875,27.46,29.12,4.4664,2026-05-08 13:55,29.12,target,24,1.245,0.04466,3.0,True,True,0.9163355806104612,0.028724924236733784,8.967544788007565,True,True,True,True,0.37155332814492886
5m,early_hl_wide_3r,early-higher-low,W006,LUNR,2026-05-11 12:10,32.55,31.84,34.68,6.5438,2026-05-11 15:55,32.425,session_close,45,-0.125,-0.00384,-0.18,False,False,-0.1227775115998142,1.0559010699751736,2.0062736822896277,True,True,True,True,0.5233930672197029
5m,early_hl_wide_3r,early-higher-low,W008,LUNR,2026-05-12 15:10,31.27,30.3,34.18,9.306,2026-05-12 15:55,32.07,session_close,9,0.8,0.02558,0.82,True,True,-0.28708182294340245,0.6115240937362154,2.9983520130949293,True,True,True,True,0.5274583816822835
5m,early_hl_wide_3r,early-higher-low,W009,LUNR,2026-05-13 11:40,36.6297,35.32,40.5588,10.7265,2026-05-13 14:55,35.32,stop,39,-1.3097,-0.03576,-1.0,False,False,2.177833970111931,3.572683109239083,7.315639833963061,True,True,True,True,0.8080490619119377
5m,early_hl_wide_3r,early-higher-low,W010,LUNR,2026-05-14 13:35,36.3095,35.15,39.788,9.5802,2026-05-14 15:55,36.52,session_close,28,0.2105,0.0058,0.18,True,False,-1.0643993730782064,1.1010663389278363,1.6110347316493856,True,False,True,True,0.46766161063238254
5m,early_hl_wide_3r,early-higher-low,W011,LUNR,2026-05-18 15:40,34.2,32.77,38.49,12.5439,2026-05-18 15:55,33.6,session_close,3,-0.6,-0.01754,-0.42,False,False,0.707135203823861,2.8898225442399283,2.6734736112107305,True,True,True,False,1.1698937617155083
5m,early_hl_wide_3r,early-higher-low,W012,LUNR,2026-05-19 14:35,33.31,32.54,35.62,6.9349,2026-05-19 15:40,32.54,stop,13,-0.77,-0.02312,-1.0,False,False,0.014711498919717236,0.740625508837689,2.728434223020537,True,True,True,True,0.5501971011886027
5m,early_hl_wide_3r,early-higher-low,W013,LUNR,2026-05-20 12:40,33.09,32.38,35.22,6.437,2026-05-20 15:55,33.685,session_close,39,0.595,0.01798,0.84,True,True,-1.5000773930836653,-1.8934893612266745,1.968017775644415,False,False,True,True,0.6253657187237347
5m,early_hl_wide_3r,early-higher-low,W014,LUNR,2026-05-21 12:30,34.44,33.64,36.84,6.9686,2026-05-21 13:20,33.64,stop,10,-0.8,-0.02323,-1.0,False,False,-0.10147824212476397,0.15988460097713375,4.802903050110197,True,True,True,True,0.6160197261771103
5m,early_hl_wide_3r,early-higher-low,W015,LUNR,2026-05-21 15:10,34.3,33.55,36.55,6.5598,2026-05-21 15:55,34.25,session_close,9,-0.05,-0.00146,-0.07,False,False,-0.8094789767612243,1.3739108755104645,0.9711649072993822,True,True,True,True,0.8767258986598936
5m,early_hl_wide_3r,early-higher-low,W016,LUNR,2026-05-22 11:15,37.76,36.26,42.26,11.9174,2026-05-22 15:15,38.06,time_exit,48,0.3,0.00794,0.2,True,False,0.15918651319390964,3.3682878120110615,11.127753387073724,True,True,True,True,0.8731785830595294
5m,early_hl_wide_3r,early-higher-low,W017,LUNR,2026-05-22 15:40,37.69,36.52,41.2,9.3128,2026-05-22 15:55,38.27,session_close,3,0.58,0.01539,0.5,True,True,-0.5278289260716496,0.185708060118972,1.6165434711010285,True,True,True,True,1.0075444529289843
5m,early_hl_wide_3r,early-higher-low,W018,LUNR,2026-05-27 11:35,39.18,37.87,43.11,10.0306,2026-05-27 15:35,39.76,time_exit,48,0.58,0.0148,0.44,True,True,0.5344943916018918,2.4983698343408633,10.67796219311894,True,True,False,True,0.575748572286406
5m,early_hl_wide_3r,early-higher-low,W019,LUNR,2026-05-28 13:25,43.95,43.11,46.47,5.7338,2026-05-28 15:30,46.47,target,25,2.52,0.05734,3.0,True,True,-0.9909964555964934,-0.15898182322262588,0.5259536808688514,True,True,True,True,0.9033695545327912
5m,early_hl_wide_3r,early-higher-low,W021,LUNR,2026-05-29 13:20,42.61,41.79,45.07,5.7733,2026-05-29 14:00,41.79,stop,8,-0.82,-0.01924,-1.0,False,False,-0.3157855474460902,0.152767197583481,4.422936153972068,True,True,True,True,0.6390316952580317
5m,early_hl_wide_3r,early-higher-low,W002,SPCE,2026-05-01 14:35,2.6101,2.58,2.7004,3.4596,2026-05-01 15:55,2.65,session_close,16,0.0399,0.01529,1.33,True,True,-0.3778570645976087,0.19577780377044718,6.317723503585904,True,True,True,True,0.6667134944208076
5m,early_hl_wide_3r,early-higher-low,W004,SPCE,2026-05-11 11:10,2.95,2.86,3.22,9.1525,2026-05-11 15:10,2.995,time_exit,48,0.045,0.01525,0.5,True,True,-1.990055691889503,1.3722114022807652,0.0,True,True,True,True,0.32203947545865
5m,early_hl_wide_3r,early-higher-low,W006,SPCE,2026-05-12 14:15,2.78,2.73,2.93,5.3957,2026-05-12 15:55,2.79,session_close,20,0.01,0.0036,0.2,True,False,0.7259520905890327,1.4625302305616872,1.4625302305616872,True,True,False,False,1.030576571163248
5m,early_hl_wide_3r,early-higher-low,W007,SPCE,2026-05-13 11:00,2.865,2.77,3.15,9.9476,2026-05-13 15:00,2.8599,time_exit,48,-0.0051,-0.00178,-0.05,False,False,1.522123260462216,3.165469785376107,3.165469785376107,True,True,True,True,1.5276865575635288
5m,early_hl_wide_3r,early-higher-low,W009,SPCE,2026-05-14 10:40,2.865,2.78,3.12,8.9005,2026-05-14 14:40,2.925,time_exit,48,0.06,0.02094,0.71,True,True,-1.3769350171074612,0.88028507475304,-0.0174476972617299,True,True,False,True,0.23569369337778368
5m,early_hl_wide_3r,early-higher-low,W011,SPCE,2026-05-15 15:40,2.8399,2.77,3.0496,7.3841,2026-05-15 15:55,2.81,session_close,3,-0.0299,-0.01053,-0.43,False,False,1.2500030866691603,1.4311256086284585,1.0695176711511767,True,True,True,True,0.7592446788966748
5m,early_hl_wide_3r,early-higher-low,W012,SPCE,2026-05-19 13:20,2.4901,2.45,2.6104,4.8311,2026-05-19 15:55,2.495,session_close,31,0.0049,0.00197,0.12,True,False,-0.3992107155678881,1.0121399457197366,2.044987880632343,True,True,False,True,1.0631704943340083
5m,early_hl_wide_3r,early-higher-low,W013,SPCE,2026-05-21 11:55,2.57,2.5,2.78,8.1712,2026-05-21 15:55,2.735,time_exit,48,0.165,0.0642,2.36,True,True,0.0,2.8056182313487943,1.183430783985151,True,True,True,True,1.1175247605014569
5m,early_hl_wide_3r,early-higher-low,W015,SPCE,2026-05-22 13:05,3.27,3.17,3.57,9.1743,2026-05-22 15:55,3.24,session_close,34,-0.03,-0.00917,-0.3,False,False,-0.8593146462912316,-1.8045095314010218,2.3510986312980098,True,False,True,True,0.6056846001602317
5m,early_hl_wide_3r,early-higher-low,W016,SPCE,2026-05-26 12:10,3.605,3.51,3.89,7.9057,2026-05-26 14:45,3.51,stop,31,-0.095,-0.02635,-1.0,False,False,0.1390786086939766,-0.549741252710878,0.6345521052520731,True,True,True,True,0.19544817626748778
5m,early_hl_wide_3r,early-higher-low,W017,SPCE,2026-05-28 12:50,3.96,3.7,4.74,19.697,2026-05-28 15:55,4.51,session_close,37,0.55,0.13889,2.12,True,True,4.068329447726682,5.73565089356356,6.877195317137219,True,True,True,True,3.0459816463392304
5m,early_hl_wide_3r,early-higher-low,W001,NNE,2026-05-01 14:50,23.53,22.93,25.33,7.6498,2026-05-01 15:55,23.43,session_close,13,-0.1,-0.00425,-0.17,False,False,-0.2123109922732569,0.9016705719949059,2.3519204575776165,True,True,True,True,0.2897784247552671
5m,early_hl_wide_3r,early-higher-low,W002,NNE,2026-05-04 11:15,23.9495,23.27,25.988,8.5116,2026-05-04 12:05,23.27,stop,10,-0.6795,-0.02837,-1.0,False,False,-0.41597494867454676,0.37735912431187124,1.785714575338404,True,True,True,True,0.47199830839767093
5m,early_hl_wide_3r,early-higher-low,W003,NNE,2026-05-04 14:30,23.82,23.41,25.05,5.1637,2026-05-04 15:20,23.41,stop,10,-0.41,-0.01721,-1.0,False,False,0.3579662306526954,0.9959763390141596,2.099399177012562,True,True,True,True,0.49705113261827116
5m,early_hl_wide_3r,early-higher-low,W004,NNE,2026-05-06 13:50,28.045,27.27,30.37,8.2902,2026-05-06 15:55,29.054,session_close,25,1.009,0.03598,1.3,True,True,0.5927821841366088,0.6108518748113356,0.4012475963307338,True,True,True,True,0.7898889518791476
5m,early_hl_wide_3r,early-higher-low,W005,NNE,2026-05-08 14:30,27.4224,26.7,29.5896,7.903,2026-05-08 14:55,26.7,stop,5,-0.7224,-0.02634,-1.0,False,False,2.007438376152826,3.3132571001880162,4.294949034788043,True,True,True,True,0.9457761143370852
5m,early_hl_wide_3r,early-higher-low,W006,NNE,2026-05-11 12:10,28.52,28.13,29.69,4.1024,2026-05-11 12:40,28.13,stop,6,-0.39,-0.01367,-1.0,False,False,-0.7808446201616026,0.9177558403884012,2.3264123339509446,True,True,True,True,0.6060695236343572
5m,early_hl_wide_3r,early-higher-low,W007,NNE,2026-05-12 15:10,26.97,26.3,28.98,7.4527,2026-05-12 15:55,27.09,session_close,9,0.12,0.00445,0.18,True,False,-0.4009590876529634,0.4528513440338777,3.739416527506556,True,True,True,True,0.786510880367082
5m,early_hl_wide_3r,early-higher-low,W008,NNE,2026-05-13 13:05,27.34,26.86,28.78,5.267,2026-05-13 15:20,26.86,stop,27,-0.48,-0.01756,-1.0,False,False,-1.9351317302387039,1.146030987188662,0.5143324780628733,False,False,True,True,0.9266433049525009
5m,early_hl_wide_3r,early-higher-low,W009,NNE,2026-05-14 11:20,26.96,25.85,30.29,12.3516,2026-05-14 15:20,27.365,time_exit,48,0.405,0.01502,0.36,True,True,0.9019156918951943,1.8202484905581962,-0.8310263162677689,True,True,False,True,0.788648966560242
5m,early_hl_wide_3r,early-higher-low,W011,NNE,2026-05-19 14:10,22.37,22.09,23.21,3.755,2026-05-19 15:55,22.29,session_close,21,-0.08,-0.00358,-0.29,False,False,-0.7374008930202347,-1.1979633258059175,0.48943851770979485,False,False,False,True,0.5605197817392468
5m,early_hl_wide_3r,early-higher-low,W012,NNE,2026-05-20 11:45,24.1529,23.73,25.4216,5.2528,2026-05-20 15:45,24.2656,time_exit,48,0.1127,0.00467,0.27,True,False,0.7470820589813298,0.3487844716852484,4.2496187568107135,True,True,True,True,0.3043376948008389
5m,early_hl_wide_3r,early-higher-low,W014,NNE,2026-05-21 14:30,25.0,24.28,27.16,8.64,2026-05-21 15:55,25.06,session_close,17,0.06,0.0024,0.08,True,False,-0.6770213945110792,-0.06010574912559408,1.795920547173946,False,True,True,True,0.9140808325195668
5m,early_hl_wide_3r,early-higher-low,W015,NNE,2026-05-22 10:40,26.475,25.96,28.02,5.8357,2026-05-22 14:40,26.655,time_exit,48,0.18,0.0068,0.35,True,False,-0.15048535851587275,1.4526034798613585,6.822304886367103,True,True,True,True,0.3618007132226759
5m,early_hl_wide_3r,early-higher-low,W017,NNE,2026-05-26 13:45,30.1496,29.46,32.2184,6.8618,2026-05-26 14:35,29.46,stop,10,-0.6896,-0.02287,-1.0,False,False,-1.6971232401222558,0.014611208842874035,0.13298176738298917,False,True,True,True,0.4069708823360496
5m,early_hl_wide_3r,early-higher-low,W018,NNE,2026-05-28 10:45,27.73,26.62,31.06,12.0087,2026-05-28 14:45,28.6001,time_exit,48,0.8701,0.03138,0.78,True,True,1.0334569757634915,3.2294249423791443,2.2229593685623383,True,True,False,True,1.0488253752186665
5m,early_hl_wide_3r,early-higher-low,W020,NNE,2026-05-29 13:00,28.39,27.87,29.95,5.4949,2026-05-29 15:55,28.885,end_of_data,35,0.495,0.01744,0.95,True,True,-0.8781173376521068,-0.9650869197388223,3.7118716018560427,False,True,True,True,0.258076116839301
5m,early_hl_wide_3r,early-higher-low,W002,SMR,2026-05-04 11:15,12.41,12.05,13.49,8.7027,2026-05-04 11:50,12.05,stop,7,-0.36,-0.02901,-1.0,False,False,0.24222634167767598,1.1817400055401661,1.4711917468468894,True,True,True,True,0.5038282129307394
5m,early_hl_wide_3r,early-higher-low,W003,SMR,2026-05-05 14:55,11.93,11.69,12.65,6.0352,2026-05-05 15:55,11.89,session_close,12,-0.04,-0.00335,-0.17,False,False,0.3331882025875421,1.0987670232279534,0.8857950778530022,True,True,False,True,0.8454967443629319
5m,early_hl_wide_3r,early-higher-low,W004,SMR,2026-05-06 10:30,12.6801,12.23,14.0304,10.649,2026-05-06 14:30,13.425,time_exit,48,0.7449,0.05875,1.65,True,True,1.6012795270630376,6.72833653457221,6.148052374469559,True,True,True,True,1.110931306745694
5m,early_hl_wide_3r,early-higher-low,W006,SMR,2026-05-06 15:00,13.44,12.95,14.91,10.9375,2026-05-06 15:55,13.525,session_close,11,0.085,0.00632,0.17,True,False,0.26090083870022873,2.242493974017856,3.4336895839417236,True,True,True,True,1.7106731626974305
5m,early_hl_wide_3r,early-higher-low,W007,SMR,2026-05-11 14:55,13.42,13.06,14.5,8.0477,2026-05-11 15:25,13.06,stop,6,-0.36,-0.02683,-1.0,False,False,-1.1418028371934397,-0.297176535955912,2.97570802206939,True,True,True,True,0.8591529934661878
5m,early_hl_wide_3r,early-higher-low,W008,SMR,2026-05-12 15:15,11.825,11.67,12.29,3.9323,2026-05-12 15:55,11.9852,session_close,8,0.1602,0.01355,1.03,True,True,-0.796476135370705,-1.0041855441339287,1.4609514918622502,False,False,False,False,1.0009481323651077
5m,early_hl_wide_3r,early-higher-low,W009,SMR,2026-05-13 11:20,12.345,12.02,13.32,7.8979,2026-05-13 14:50,12.02,stop,42,-0.325,-0.02633,-1.0,False,False,1.7328961893674721,3.0066852731345683,3.3085034697937665,True,True,True,True,1.162051846186703
5m,early_hl_wide_3r,early-higher-low,W010,SMR,2026-05-14 11:20,11.98,11.44,13.6,13.5225,2026-05-14 15:20,12.0501,time_exit,48,0.0701,0.00585,0.13,True,False,1.7834398721890299,3.5421153707832165,0.25093879684350284,True,True,False,True,0.7170805191643335
5m,early_hl_wide_3r,early-higher-low,W012,SMR,2026-05-15 15:15,11.33,11.23,11.63,2.6478,2026-05-15 15:55,11.23,stop,8,-0.1,-0.00883,-1.0,False,False,-0.2640821644176339,-0.5267815435306078,0.5770046906552473,False,True,False,False,0.961994897329297
5m,early_hl_wide_3r,early-higher-low,W013,SMR,2026-05-18 15:40,10.34,10.13,10.97,6.0928,2026-05-18 15:55,10.495,session_close,3,0.155,0.01499,0.74,True,True,-0.013539592609523865,0.9697966336720043,0.48597662355018834,True,True,False,False,1.0085602316585736
5m,early_hl_wide_3r,early-higher-low,W014,SMR,2026-05-19 15:10,10.05,9.85,10.65,5.9702,2026-05-19 15:55,10.07,session_close,9,0.02,0.00199,0.1,True,False,0.3705241036873197,0.5492763381806487,0.31341743613779727,True,False,True,True,1.0166780356330383
5m,early_hl_wide_3r,early-higher-low,W015,SMR,2026-05-20 11:55,10.545,10.39,11.01,4.4097,2026-05-20 14:55,10.39,stop,36,-0.155,-0.0147,-1.0,False,False,0.04743941611966562,0.21478155325724835,4.096741926600944,True,True,True,True,0.49116580048692055
5m,early_hl_wide_3r,early-higher-low,W016,SMR,2026-05-21 11:25,10.75,10.48,11.56,7.5349,2026-05-21 15:25,11.165,time_exit,48,0.415,0.0386,1.54,True,True,0.0940006030026419,1.415376845703853,3.4641633152745266,True,True,True,True,0.7345009838719607
5m,early_hl_wide_3r,early-higher-low,W018,SMR,2026-05-22 14:30,11.475,11.36,11.82,3.0065,2026-05-22 15:15,11.36,stop,9,-0.115,-0.01002,-1.0,False,False,-0.7352944209476853,-2.2155882642874825,-0.26075386938531064,False,False,True,False,0.6971567019473189
5m,early_hl_wide_3r,early-higher-low,W019,SMR,2026-05-26 12:10,12.33,11.98,13.38,8.5158,2026-05-26 14:55,11.98,stop,33,-0.35,-0.02839,-1.0,False,False,-0.9638545172488855,-1.3205279180812268,-1.870271902309728,False,False,True,False,0.6855660975208933
5m,early_hl_wide_3r,early-higher-low,W020,SMR,2026-05-28 13:50,12.485,12.2,13.34,6.8482,2026-05-28 15:40,12.2,stop,22,-0.285,-0.02283,-1.0,False,False,-0.24291070994897357,-0.3225513183396034,1.997534024040326,True,True,True,True,0.6451830027697915
5m,early_hl_wide_3r,early-higher-low,W021,SMR,2026-05-29 12:45,12.54,12.16,13.68,9.0909,2026-05-29 15:55,12.67,end_of_data,38,0.13,0.01037,0.34,True,True,-0.8439358482754233,1.8406996821343613,7.2504893532353565,True,True,True,True,0.7351964701847481
5m,early_hl_wide_3r,early-higher-low,W002,LEU,2026-05-04 11:15,209.5,201.46,233.62,11.5131,2026-05-04 15:15,206.67,time_exit,48,-2.83,-0.01351,-0.35,False,False,-0.08607709236692074,2.0551246345075658,0.6822883276608405,True,True,True,True,1.9602274373880637
5m,early_hl_wide_3r,early-higher-low,W004,LEU,2026-05-06 13:55,224.23,216.05,248.77,10.9441,2026-05-06 15:55,231.25,session_close,24,7.02,0.03131,0.86,True,True,-0.10231970209422236,3.0222122570327414,1.2901280172566754,True,True,True,True,0.36705822167129054
5m,early_hl_wide_3r,early-higher-low,W006,LEU,2026-05-08 15:40,205.37,202.98,212.54,3.4913,2026-05-08 15:55,207.33,session_close,3,1.96,0.00954,0.82,True,False,-0.5444269446537531,-0.9224952104080697,-0.3312513054485988,False,False,False,False,3.20447681930232
5m,early_hl_wide_3r,early-higher-low,W007,LEU,2026-05-11 12:10,208.845,202.99,226.41,8.4105,2026-05-11 15:55,213.54,session_close,45,4.695,0.02248,0.8,True,True,0.2307006311503601,1.637586865333862,1.017240273150355,True,True,True,True,0.44763164612778206
5m,early_hl_wide_3r,early-higher-low,W009,LEU,2026-05-12 15:10,203.95,200.58,214.06,4.9571,2026-05-12 15:55,202.54,session_close,9,-1.41,-0.00691,-0.42,False,False,-0.3290124051364418,0.2161536877006709,1.6949121600374761,True,False,True,True,0.8459205198084593
5m,early_hl_wide_3r,early-higher-low,W010,LEU,2026-05-14 13:40,191.65,186.86,206.02,7.498,2026-05-14 15:55,192.07,session_close,27,0.42,0.00219,0.09,True,False,-0.5272113354924168,-0.7736269189748568,0.708772020672499,True,False,False,True,0.33634170315432044
5m,early_hl_wide_3r,early-higher-low,W011,LEU,2026-05-15 10:50,181.095,179.37,186.27,2.8576,2026-05-15 11:55,179.37,stop,13,-1.725,-0.00953,-1.0,False,False,-0.8187716453101679,-1.019351456452866,-5.200752563513323,False,False,False,False,0.4867113147691223
5m,early_hl_wide_3r,early-higher-low,W012,LEU,2026-05-18 15:40,173.16,170.67,180.63,4.3139,2026-05-18 15:55,172.79,session_close,3,-0.37,-0.00214,-0.15,False,False,-0.09814003449215569,0.7862586648283765,0.4236279575856594,True,True,False,False,0.8730118335666115
5m,early_hl_wide_3r,early-higher-low,W013,LEU,2026-05-19 14:00,169.65,165.37,182.49,7.5685,2026-05-19 15:55,168.9,session_close,23,-0.75,-0.00442,-0.18,False,False,-0.1942240047793531,0.3432166472579601,1.9258803249979195,True,True,True,True,0.5491544396913605
5m,early_hl_wide_3r,early-higher-low,W014,LEU,2026-05-21 11:00,172.58,168.66,184.34,6.8142,2026-05-21 15:00,177.525,time_exit,48,4.945,0.02865,1.26,True,True,0.9876071351625937,1.5843199152924425,1.84476036812109,True,True,True,True,0.2799106840787604
5m,early_hl_wide_3r,early-higher-low,W015,LEU,2026-05-26 10:45,187.2,180.92,206.04,10.0641,2026-05-26 14:45,184.33,time_exit,48,-2.87,-0.01533,-0.46,False,False,-0.6046459267229909,1.9503258207778318,4.134244779422924,True,True,True,True,0.9361374118372539
5m,early_hl_wide_3r,early-higher-low,W016,LEU,2026-05-27 11:10,182.0,177.61,195.17,7.2363,2026-05-27 15:10,179.605,time_exit,48,-2.395,-0.01316,-0.55,False,False,-0.13681756704694292,1.2648377205221273,-0.9753137351051433,True,True,False,True,0.48700331270923525
5m,early_hl_wide_3r,early-higher-low,W018,LEU,2026-05-28 13:40,183.31,178.8,196.84,7.3809,2026-05-28 15:55,185.66,session_close,27,2.35,0.01282,0.52,True,True,-0.7807430179706865,-0.7484569076183667,0.4832005855514465,False,False,True,True,0.45743300166215084
5m,early_hl_wide_3r,early-higher-low,W019,LEU,2026-05-29 14:00,183.97,181.51,191.35,4.0115,2026-05-29 15:00,181.51,stop,12,-2.46,-0.01337,-1.0,False,False,-0.10317528313957824,0.5273204032189449,-0.725811471816451,True,True,True,True,0.6944005616991399
5m,early_hl_wide_3r,early-higher-low,W001,CCJ,2026-05-04 10:20,121.97,120.16,127.4,4.4519,2026-05-04 11:20,120.16,stop,12,-1.81,-0.01484,-1.0,False,False,0.7017820796285212,0.9810800369793649,1.5401252346156191,True,True,True,True,0.5515414661950344
5m,early_hl_wide_3r,early-higher-low,W002,CCJ,2026-05-06 11:15,120.72,117.54,130.26,7.9026,2026-05-06 15:15,124.42,time_exit,48,3.7,0.03065,1.16,True,True,0.049743172804883606,2.1671084800725327,4.738348455618713,True,True,True,True,0.5613511558707351
5m,early_hl_wide_3r,early-higher-low,W004,CCJ,2026-05-11 12:55,120.055,117.05,129.07,7.5091,2026-05-11 15:55,120.2,session_close,36,0.145,0.00121,0.05,True,False,-0.20788291664655123,0.342812430886541,0.6120081861203941,True,True,True,True,0.5676038278186741
5m,early_hl_wide_3r,early-higher-low,W005,CCJ,2026-05-18 15:40,104.5,103.27,108.19,3.5311,2026-05-18 15:55,105.14,session_close,3,0.64,0.00612,0.52,True,False,-0.25295855693457936,0.5436374865267046,0.5920345681794448,True,True,False,False,1.032545389191906
5m,early_hl_wide_3r,early-higher-low,W006,CCJ,2026-05-19 14:00,103.83,102.29,108.45,4.4496,2026-05-19 15:55,103.51,session_close,23,-0.32,-0.00308,-0.21,False,False,-0.3982087998039341,-0.09143230605700436,0.32378748922303746,True,True,True,True,0.6886901551145196
5m,early_hl_wide_3r,early-higher-low,W007,CCJ,2026-05-20 11:25,105.55,102.93,113.41,7.4467,2026-05-20 15:25,104.16,time_exit,48,-1.39,-0.01317,-0.53,False,False,0.1946096812051712,0.08534098556542968,2.302025823544973,True,True,True,True,0.8181834967410772
5m,early_hl_wide_3r,early-higher-low,W008,CCJ,2026-05-21 15:10,105.46,102.68,113.8,7.9082,2026-05-21 15:55,105.28,session_close,9,-0.18,-0.00171,-0.06,False,False,-0.4060437195279043,-0.43424816685304624,0.7739322857361897,False,False,True,True,0.49865411830658074
5m,early_hl_wide_3r,early-higher-low,W010,CCJ,2026-05-26 10:45,108.075,105.39,116.13,7.4531,2026-05-26 14:45,108.25,time_exit,48,0.175,0.00162,0.07,True,False,-0.1708747606675276,1.2885993874748536,2.933335077194932,True,True,True,True,0.5138768530969338
5m,early_hl_wide_3r,early-higher-low,W011,CCJ,2026-05-27 12:05,107.3545,105.48,112.978,5.2383,2026-05-27 15:55,107.51,session_close,46,0.1555,0.00145,0.08,True,False,-0.7859077099668932,-0.08845551150223896,0.5010805272364083,False,False,False,True,0.32303211772726065
5m,early_hl_wide_3r,early-higher-low,W012,CCJ,2026-05-28 10:40,107.2401,105.03,113.8704,6.1827,2026-05-28 14:40,110.92,time_exit,48,3.6799,0.03431,1.67,True,True,1.0062134296289216,1.272870200444598,-0.5002253834168524,True,True,False,True,0.5094150082314989
5m,early_hl_wide_3r,early-higher-low,W014,CCJ,2026-05-29 14:10,112.725,110.77,118.59,5.2029,2026-05-29 15:55,112.62,end_of_data,21,-0.105,-0.00093,-0.05,False,False,-0.6129015524484305,-0.34485754910026367,0.638475093980162,True,False,True,True,0.5494529570990094
5m,early_hl_wide_3r,early-higher-low,W002,UEC,2026-05-06 11:20,15.335,14.93,16.55,7.9231,2026-05-06 15:20,15.735,time_exit,48,0.4,0.02608,0.99,True,True,-0.3257477241560225,0.9216612718248918,5.906732433187778,True,True,True,True,0.5596363313389693
5m,early_hl_wide_3r,early-higher-low,W004,UEC,2026-05-07 12:35,15.62,15.12,17.12,9.6031,2026-05-07 15:55,15.57,session_close,40,-0.05,-0.0032,-0.1,False,False,-0.7310856609333061,-2.345215793419464,-2.9521465317906004,False,False,False,False,0.7524808534469949
5m,early_hl_wide_3r,early-higher-low,W005,UEC,2026-05-11 12:55,16.11,15.85,16.89,4.8417,2026-05-11 15:55,16.465,session_close,36,0.355,0.02204,1.37,True,True,-0.893134907991433,-1.0759252605439529,0.2492268998678826,False,False,True,True,0.683929706019694
5m,early_hl_wide_3r,early-higher-low,W007,UEC,2026-05-13 11:20,15.735,15.36,16.86,7.1497,2026-05-13 15:20,15.36,stop,48,-0.375,-0.02383,-1.0,False,False,1.7291526767208687,3.2305694252074524,1.4340950208735714,True,True,True,True,0.7665441099580463
5m,early_hl_wide_3r,early-higher-low,W008,UEC,2026-05-18 15:40,13.18,13.01,13.69,3.8695,2026-05-18 15:55,13.225,session_close,3,0.045,0.00341,0.26,True,False,-0.26494963899348356,0.26636108445685647,-0.22718465084832218,True,False,False,False,2.4140715020886905
5m,early_hl_wide_3r,early-higher-low,W009,UEC,2026-05-19 15:10,12.03,11.72,12.96,7.7307,2026-05-19 15:55,11.905,session_close,9,-0.125,-0.01039,-0.4,False,False,-0.08309288748340471,0.5014581293540932,-0.33153720053223923,True,False,False,False,0.8603912474434986
5m,early_hl_wide_3r,early-higher-low,W010,UEC,2026-05-20 12:35,12.68,12.49,13.25,4.4953,2026-05-20 15:55,12.75,session_close,40,0.07,0.00552,0.37,True,False,0.038673558659119145,0.15804392086680163,1.6032048348648908,True,True,True,True,0.4357186509187639
5m,early_hl_wide_3r,early-higher-low,W011,UEC,2026-05-21 12:05,12.868,12.62,13.612,5.7818,2026-05-21 15:55,13.1,session_close,46,0.232,0.01803,0.94,True,True,0.07779252616058052,0.9415448147241712,1.1001916341967677,True,True,True,True,1.0502302388339755
5m,early_hl_wide_3r,early-higher-low,W013,UEC,2026-05-26 10:40,13.5925,13.23,14.68,8.0007,2026-05-26 14:40,13.5001,time_exit,48,-0.0924,-0.0068,-0.25,False,False,0.0743493901854686,1.5317405097122094,3.4241150961886957,True,True,True,True,0.42615988412132144
5m,early_hl_wide_3r,early-higher-low,W014,UEC,2026-05-27 13:25,13.475,13.18,14.36,6.5677,2026-05-27 15:55,13.43,session_close,30,-0.045,-0.00334,-0.15,False,False,-0.6268439197391507,-0.5535041196266355,0.7100169373412513,True,False,True,True,0.45068985743796386
5m,early_hl_wide_3r,early-higher-low,W015,UEC,2026-05-28 11:10,13.425,13.15,14.25,6.1453,2026-05-28 15:10,13.535,time_exit,48,0.11,0.00819,0.4,True,False,0.7504719167064744,1.9362195365504986,-0.07443415384814633,True,True,False,True,0.6950836245859943
5m,early_hl_wide_3r,early-higher-low,W016,UEC,2026-05-29 11:35,13.618,13.17,14.962,9.8693,2026-05-29 15:35,13.715,time_exit,48,0.097,0.00712,0.22,True,False,0.7771986710396916,2.5998440199951123,2.0614663821943324,True,True,True,True,0.7039670570903515
5m,early_hl_wide_3r,early-higher-low,W001,DNN,2026-05-04 15:05,3.765,3.72,3.9,3.5857,2026-05-04 15:55,3.755,session_close,10,-0.01,-0.00266,-0.22,False,False,-0.6596268390627991,0.13298176738298917,0.8032184913242091,False,True,True,True,1.0326361966539033
5m,early_hl_wide_3r,early-higher-low,W002,DNN,2026-05-06 11:20,3.755,3.67,4.01,6.791,2026-05-06 15:20,3.865,time_exit,48,0.11,0.02929,1.29,True,True,-0.38201749284266784,0.5354811220036115,4.741982551883472,True,True,True,True,0.7681808009896234
5m,early_hl_wide_3r,early-higher-low,W004,DNN,2026-05-07 11:00,3.87,3.77,4.17,7.7519,2026-05-07 12:05,3.77,stop,13,-0.1,-0.02584,-1.0,False,False,-1.2748113808773165,2.2371515319351554,0.7766253180720772,False,True,True,False,0.3987894717818351
5m,early_hl_wide_3r,early-higher-low,W005,DNN,2026-05-08 14:10,3.765,3.71,3.93,4.3825,2026-05-08 15:55,3.74,session_close,21,-0.025,-0.00664,-0.45,False,False,-0.2652510164772304,0.672021243830101,0.5374298999974325,True,True,True,True,0.28664660278754894
5m,early_hl_wide_3r,early-higher-low,W006,DNN,2026-05-11 15:25,3.875,3.82,4.04,4.2581,2026-05-11 15:55,3.82,stop,6,-0.055,-0.01419,-1.0,False,False,-0.7682451116406419,0.6493531425117771,1.7060382728782741,True,True,True,True,0.1753635444442921
5m,early_hl_wide_3r,early-higher-low,W007,DNN,2026-05-13 13:05,3.6001,3.57,3.6904,2.5083,2026-05-13 13:55,3.57,stop,10,-0.0301,-0.00836,-1.0,False,False,-0.824181564388704,0.13869281541984968,0.4172424580312084,False,False,False,True,0.5482322942049295
5m,early_hl_wide_3r,early-higher-low,W008,DNN,2026-05-18 15:35,3.235,3.19,3.37,4.1731,2026-05-18 15:55,3.25,session_close,4,0.015,0.00464,0.33,True,False,-0.30816612683898237,0.31007723283627,0.7788117336996692,True,True,True,True,0.8979629273783174
5m,early_hl_wide_3r,early-higher-low,W009,DNN,2026-05-19 14:40,3.155,3.1,3.32,5.2298,2026-05-19 15:55,3.16,session_close,15,0.005,0.00158,0.09,True,False,0.27618710120709267,0.27618710120709267,1.078399658203133,True,True,False,True,0.18373863044520555
5m,early_hl_wide_3r,early-higher-low,W010,DNN,2026-05-21 14:30,3.23,3.14,3.5,8.3591,2026-05-21 15:55,3.195,session_close,17,-0.035,-0.01084,-0.39,False,False,-0.3091187260443662,-0.45989712657018567,1.2558857950282887,True,True,True,True,0.2239132697550222
5m,early_hl_wide_3r,early-higher-low,W011,DNN,2026-05-22 14:20,3.25,3.2,3.4,4.6154,2026-05-22 15:55,3.23,session_close,19,-0.02,-0.00615,-0.4,False,False,-0.4793924090147672,-0.4793924090147672,1.2173556231497962,False,False,True,True,1.86260153419967
5m,early_hl_wide_3r,early-higher-low,W012,DNN,2026-05-26 15:30,3.3399,3.29,3.4896,4.4822,2026-05-26 15:55,3.34,session_close,5,0.0001,3e-05,0.0,True,False,-0.4477572212719494,0.3007515885668388,0.4487807232037344,False,True,True,True,0.2864628889041227
5m,early_hl_wide_3r,early-higher-low,W013,DNN,2026-05-27 10:40,3.355,3.26,3.64,8.4948,2026-05-27 14:40,3.395,time_exit,48,0.04,0.01192,0.42,True,True,0.44977110386872354,1.2084580829157865,-0.2916898446731153,True,True,True,True,0.7875082912003949
5m,early_hl_wide_3r,early-higher-low,W015,DNN,2026-05-28 11:10,3.3901,3.29,3.6904,8.8581,2026-05-28 15:10,3.4297,time_exit,48,0.0396,0.01168,0.4,True,True,0.3077213068275908,1.65217281893828,-0.14432926848966243,True,True,False,True,2.2976145471832092
5m,early_hl_wide_3r,early-higher-low,W016,DNN,2026-05-29 11:35,3.44,3.37,3.65,6.1047,2026-05-29 15:35,3.46,time_exit,48,0.02,0.00581,0.29,True,False,0.5944407070091806,2.739485645614015,0.8040146724072494,True,True,True,True,1.0697798175711881
5m,early_hl_wide_3r,early-higher-low,W001,RUN,2026-05-01 14:30,13.225,13.02,13.84,4.6503,2026-05-01 15:30,13.02,stop,12,-0.205,-0.0155,-1.0,False,False,-0.263950579245642,-0.15099663467086355,0.7235359192748536,True,True,True,True,0.4327725381644594
5m,early_hl_wide_3r,early-higher-low,W002,RUN,2026-05-11 12:55,14.7,14.46,15.42,4.898,2026-05-11 15:50,14.46,stop,35,-0.24,-0.01633,-1.0,False,False,-1.441502870518141,-2.48756222052835,0.20449715620431963,False,False,True,False,0.3463737008377613
5m,early_hl_wide_3r,early-higher-low,W003,RUN,2026-05-13 11:40,14.645,14.16,16.1,9.9351,2026-05-13 15:40,14.55,time_exit,48,-0.095,-0.00649,-0.2,False,False,0.5561299718336965,1.7790101391019109,6.361651572710714,True,True,True,True,0.5769078387681301
5m,early_hl_wide_3r,early-higher-low,W005,RUN,2026-05-14 11:40,14.78,14.26,16.34,10.5548,2026-05-14 15:40,14.63,time_exit,48,-0.15,-0.01015,-0.29,False,False,1.8263224360324903,3.4301699429624577,5.460380993223524,True,True,True,True,1.7865514456186902
5m,early_hl_wide_3r,early-higher-low,W006,RUN,2026-05-15 15:05,14.25,13.87,15.39,8.0,2026-05-15 15:55,13.99,session_close,10,-0.26,-0.01825,-0.68,False,False,-0.24518282555100468,0.6004948057256598,2.5197942343008206,True,True,True,True,1.086624438072719
5m,early_hl_wide_3r,early-higher-low,W007,RUN,2026-05-19 14:05,13.24,12.86,14.38,8.6103,2026-05-19 15:55,13.16,session_close,22,-0.08,-0.00604,-0.21,False,False,-0.18832104895412094,0.40997610448116895,1.5092280937115676,True,True,True,True,1.2475162983903536
5m,early_hl_wide_3r,early-higher-low,W008,RUN,2026-05-20 11:40,13.455,13.29,13.95,3.6789,2026-05-20 12:10,13.95,target,6,0.495,0.03679,3.0,True,True,0.5204950157215116,1.5825100017219373,3.0581010769374473,True,True,True,True,1.2913981897750988
5m,early_hl_wide_3r,early-higher-low,W009,RUN,2026-05-21 10:45,13.985,13.71,14.81,5.8992,2026-05-21 14:45,14.44,time_exit,48,0.455,0.03253,1.65,True,True,-0.9210068476722344,-0.6747178092583739,2.0430480447275468,True,True,True,False,0.3545250425397985
5m,early_hl_wide_3r,early-higher-low,W011,RUN,2026-05-22 14:25,14.69,14.43,15.47,5.3097,2026-05-22 15:55,14.605,session_close,18,-0.085,-0.00579,-0.33,False,False,0.8238986796472059,0.6166505717112525,1.240953490214558,True,False,True,True,1.1204576208878232
5m,early_hl_wide_3r,early-higher-low,W012,RUN,2026-05-27 12:00,15.24,15.12,15.6,2.3622,2026-05-27 14:15,15.12,stop,27,-0.12,-0.00787,-1.0,False,False,-0.5221612506007722,-0.5539265993341758,0.8925634967394069,False,True,True,True,0.5686078259839205
5m,early_hl_wide_3r,early-higher-low,W013,RUN,2026-05-28 14:20,15.745,15.44,16.66,5.8114,2026-05-28 15:55,15.885,session_close,19,0.14,0.00889,0.46,True,False,-0.28499098418404145,1.0914932801014743,3.2120600946722533,True,True,True,True,1.214150435268365
5m,early_hl_wide_3r,early-higher-low,W014,RUN,2026-05-29 11:00,16.465,15.9,18.16,10.2946,2026-05-29 15:00,16.455,time_exit,48,-0.01,-0.00061,-0.02,False,False,1.292302058293271,0.24359931786150923,3.717701343214519,True,True,True,True,0.7388384874288496
5m,early_hl_wide_3r,early-higher-low,W002,ENPH,2026-05-08 15:10,36.225,35.42,38.64,6.6667,2026-05-08 15:55,36.45,session_close,9,0.225,0.00621,0.28,True,False,-0.6035698658388267,-1.4551879676155899,1.1446115323986206,False,False,True,True,0.48988015410788505
5m,early_hl_wide_3r,early-higher-low,W003,ENPH,2026-05-11 12:35,39.23,37.79,43.55,11.012,2026-05-11 14:55,37.79,stop,28,-1.44,-0.03671,-1.0,False,False,0.5767810779272908,2.4947802024779087,5.840304648908923,True,True,True,True,0.8251877294831664
5m,early_hl_wide_3r,early-higher-low,W004,ENPH,2026-05-13 11:40,41.59,40.2,45.76,10.0264,2026-05-13 15:40,42.36,time_exit,48,0.77,0.01851,0.55,True,True,-0.8572871731309828,1.4055853350987801,10.114777647379803,True,True,True,True,0.31641935353327655
5m,early_hl_wide_3r,early-higher-low,W005,ENPH,2026-05-15 11:20,50.79,50.08,52.92,4.1937,2026-05-15 13:25,52.92,target,25,2.13,0.04194,3.0,True,True,-0.029526358019105192,2.6063257770803316,5.626035593472611,True,True,True,True,0.4988916516171312
5m,early_hl_wide_3r,early-higher-low,W006,ENPH,2026-05-15 15:00,53.49,52.27,57.15,6.8424,2026-05-15 15:20,52.27,stop,4,-1.22,-0.02281,-1.0,False,False,-0.018706070697815935,1.249999729069784,3.4440715378367237,True,True,True,True,0.7724017781219106
5m,early_hl_wide_3r,early-higher-low,W007,ENPH,2026-05-19 13:40,47.81,46.27,52.43,9.6633,2026-05-19 15:55,46.75,session_close,27,-1.06,-0.02217,-0.69,False,False,0.4201696835099522,0.6527638400449121,2.3993121777263093,True,True,True,True,0.6771377317878124
5m,early_hl_wide_3r,early-higher-low,W008,ENPH,2026-05-20 10:40,49.1301,46.94,55.7004,13.3733,2026-05-20 14:40,53.04,time_exit,48,3.9099,0.07958,1.79,True,True,2.0535193886482617,4.591836320945131,3.578948974609375,True,True,True,True,1.403345965239968
5m,early_hl_wide_3r,early-higher-low,W009,ENPH,2026-05-21 10:40,57.08,54.58,64.58,13.1395,2026-05-21 14:40,62.29,time_exit,48,5.21,0.09128,2.08,True,True,-1.1418530285159045,1.9285746983119356,8.548070409512132,True,True,True,True,0.3472708023730586
5m,early_hl_wide_3r,early-higher-low,W011,ENPH,2026-05-22 11:00,64.51,62.06,71.86,11.3936,2026-05-22 15:00,63.785,time_exit,48,-0.725,-0.01124,-0.3,False,False,2.5375824001622638,1.5280362523639734,4.245849014006442,True,True,True,True,0.6696256760449706
5m,early_hl_wide_3r,early-higher-low,W012,ENPH,2026-05-22 15:25,64.07,62.57,68.57,7.0236,2026-05-22 15:55,64.01,session_close,6,-0.06,-0.00094,-0.04,False,False,-0.720868704270794,0.23478091612443297,0.9365476153828434,True,True,True,True,0.9681130169066201
5m,early_hl_wide_3r,early-higher-low,W013,ENPH,2026-05-26 12:05,67.67,66.01,72.65,7.3592,2026-05-26 15:55,66.88,session_close,46,-0.79,-0.01167,-0.48,False,False,-0.5673409366440674,0.7830895617299438,1.031696262269599,True,True,True,True,0.6876706595880435
5m,early_hl_wide_3r,early-higher-low,W014,ENPH,2026-05-27 11:15,71.9,69.06,80.42,11.8498,2026-05-27 15:15,71.3,time_exit,48,-0.6,-0.00834,-0.21,False,False,0.8419849230064003,0.7049039843770366,7.397992343924109,True,True,True,True,0.5371588809289366
5m,early_hl_wide_3r,early-higher-low,W015,ENPH,2026-05-29 15:20,69.21,68.12,72.48,4.7247,2026-05-29 15:55,68.12,stop,7,-1.09,-0.01575,-1.0,False,False,-1.396812009379722,-3.0141616019738637,0.2390797898812913,False,False,True,False,0.677456071067118
5m,early_hl_wide_3r,early-higher-low,W001,SEDG,2026-05-01 14:00,42.925,42.14,45.28,5.4863,2026-05-01 15:30,42.14,stop,18,-0.785,-0.01829,-1.0,False,False,-0.31312102742626635,0.9868377711305332,0.5850690444143103,True,True,True,True,0.5593201888666639
5m,early_hl_wide_3r,early-higher-low,W002,SEDG,2026-05-04 13:45,41.19,40.05,44.61,8.303,2026-05-04 15:55,41.54,session_close,26,0.35,0.0085,0.31,True,False,-0.33874473298598495,1.6033490293599684,1.8797880677628998,True,True,False,True,0.7397647557346169
5m,early_hl_wide_3r,early-higher-low,W003,SEDG,2026-05-05 11:55,43.205,42.01,46.79,8.2977,2026-05-05 15:55,44.625,time_exit,48,1.42,0.03287,1.19,True,True,-0.1389153982436997,1.2441375891506512,1.6095461435221337,True,True,True,True,0.440627830984611
5m,early_hl_wide_3r,early-higher-low,W005,SEDG,2026-05-08 14:05,41.44,40.04,45.64,10.1351,2026-05-08 15:55,41.3,session_close,22,-0.14,-0.00338,-0.1,False,False,0.23002717302200715,1.7076159257890522,1.89614161989069,True,True,True,True,0.7295745692017801
5m,early_hl_wide_3r,early-higher-low,W006,SEDG,2026-05-11 12:55,42.23,41.07,45.71,8.2406,2026-05-11 15:55,41.71,session_close,36,-0.52,-0.01231,-0.45,False,False,-1.0560918950799802,-0.30740379593490186,1.9105852837011383,False,False,True,True,0.1515255281991576
5m,early_hl_wide_3r,early-higher-low,W007,SEDG,2026-05-12 15:40,40.34,39.43,43.07,6.7675,2026-05-12 15:55,40.42,session_close,3,0.08,0.00198,0.09,True,False,-0.12379113101289585,1.1027534082263202,3.1977487723730436,True,True,True,True,0.7810943695479778
5m,early_hl_wide_3r,early-higher-low,W008,SEDG,2026-05-14 11:15,46.515,44.42,52.8,13.5118,2026-05-14 15:15,48.46,time_exit,48,1.945,0.04181,0.93,True,True,3.257727624684703,4.583332832153153,8.467396177167274,True,True,True,True,0.8280156631780793
5m,early_hl_wide_3r,early-higher-low,W009,SEDG,2026-05-15 14:30,61.665,60.42,65.4,6.0569,2026-05-15 15:25,60.42,stop,11,-1.245,-0.02019,-1.0,False,False,0.5221075053747359,0.6699343828446391,6.683983740868515,True,True,True,True,0.6871282597437455
5m,early_hl_wide_3r,early-higher-low,W010,SEDG,2026-05-19 14:00,54.8899,52.62,61.6996,12.4061,2026-05-19 15:55,54.52,session_close,23,-0.3699,-0.00674,-0.16,False,False,1.7147080216765698,3.274981797080656,6.923006704616408,True,True,True,True,2.6996916833302143
5m,early_hl_wide_3r,early-higher-low,W011,SEDG,2026-05-20 13:25,56.47,54.21,63.25,12.0064,2026-05-20 15:55,56.2,session_close,30,-0.27,-0.00478,-0.12,False,False,0.180702960654755,0.21628246819556107,2.1110867166196146,True,False,True,True,0.2149347651593995
5m,early_hl_wide_3r,early-higher-low,W012,SEDG,2026-05-21 11:50,60.7,58.07,68.59,12.9984,2026-05-21 15:50,63.21,time_exit,48,2.51,0.04135,0.95,True,True,-0.23844837113810025,2.613332225230014,4.220715345047132,True,True,True,True,1.003667397524261
5m,early_hl_wide_3r,early-higher-low,W014,SEDG,2026-05-22 12:10,61.47,59.85,66.33,7.9063,2026-05-22 15:55,61.91,session_close,45,0.44,0.00716,0.27,True,False,-2.312232154534477,-2.226479107720658,-0.48733438119767936,False,False,False,False,0.38182917831218155
5m,early_hl_wide_3r,early-higher-low,W015,SEDG,2026-05-26 11:25,71.84,68.36,82.28,14.5323,2026-05-26 15:25,70.55,time_exit,48,-1.29,-0.01796,-0.37,False,False,1.2300227285401588,3.4158992459313087,15.558424035006556,True,True,True,True,1.9918577539370992
5m,early_hl_wide_3r,early-higher-low,W017,SEDG,2026-05-28 11:25,72.46,70.86,77.26,6.6243,2026-05-28 11:55,70.86,stop,6,-1.6,-0.02208,-1.0,False,False,-1.7469035062669613,-1.7339895471463418,-0.6027843343383577,False,False,False,False,0.9804075217563601
5m,early_hl_wide_3r,early-higher-low,W004,FSLR,2026-05-08 13:30,217.385,214.68,225.5,3.733,2026-05-08 15:55,220.04,session_close,29,2.655,0.01221,0.98,True,True,0.05053781517081468,0.7401610385661117,0.7519025763441212,True,True,True,True,1.1977589838093983
5m,early_hl_wide_3r,early-higher-low,W005,FSLR,2026-05-11 11:50,233.13,226.96,251.64,7.9398,2026-05-11 15:50,232.595,time_exit,48,-0.535,-0.00229,-0.09,False,False,-0.3292380509462456,0.8697952302037182,1.5686301104643086,True,True,True,True,0.5968784465759834
5m,early_hl_wide_3r,early-higher-low,W006,FSLR,2026-05-13 10:35,238.63,230.01,264.49,10.8369,2026-05-13 14:35,236.31,time_exit,48,-2.32,-0.00972,-0.27,False,False,0.8886216907760591,0.9911878684096154,3.9410554946806453,True,True,True,True,1.1740215022069111
5m,early_hl_wide_3r,early-higher-low,W007,FSLR,2026-05-14 13:40,233.29,228.12,248.8,6.6484,2026-05-14 15:55,231.69,session_close,27,-1.6,-0.00686,-0.31,False,False,-0.7466993662507804,-0.2181421452935206,0.7275621449998493,True,False,True,True,0.8769934369790411
5m,early_hl_wide_3r,early-higher-low,W008,FSLR,2026-05-15 10:40,231.21,225.23,249.15,7.7592,2026-05-15 14:40,235.5,time_exit,48,4.29,0.01855,0.72,True,True,1.3870548247429282,2.673749022098537,-0.43536779245207935,True,False,False,True,1.1777493036362139
5m,early_hl_wide_3r,early-higher-low,W009,FSLR,2026-05-18 14:30,230.89,228.42,238.3,3.2093,2026-05-18 15:55,233.74,session_close,17,2.85,0.01234,1.15,True,True,-0.615878340813214,0.09542865754754715,1.0686698950356899,True,False,False,True,0.8876159432447331
5m,early_hl_wide_3r,early-higher-low,W010,FSLR,2026-05-19 15:10,225.34,222.14,234.94,4.2602,2026-05-19 15:55,222.14,stop,9,-3.2,-0.0142,-1.0,False,False,0.07553460001306078,-0.23476204473458218,-0.17728544369851607,True,False,False,True,0.745865291285233
5m,early_hl_wide_3r,early-higher-low,W011,FSLR,2026-05-20 10:35,225.4,221.12,238.24,5.6965,2026-05-20 14:35,236.23,time_exit,48,10.83,0.04805,2.53,True,True,-0.2710240531822672,0.5327837597691953,0.19996988111312675,True,False,False,True,0.8325924034774967
5m,early_hl_wide_3r,early-higher-low,W013,FSLR,2026-05-21 13:45,249.925,243.83,268.21,7.3162,2026-05-21 15:05,243.83,stop,16,-6.095,-0.02439,-1.0,False,False,-0.28182187680616533,-1.8813858719918253,2.6356306306729804,True,True,True,True,0.2125293828430257
5m,early_hl_wide_3r,early-higher-low,W014,FSLR,2026-05-22 11:15,253.83,250.02,265.26,4.503,2026-05-22 15:15,257.4,time_exit,48,3.57,0.01406,0.94,True,True,-0.10430993366076224,0.6843632945424449,2.409055610793631,True,True,True,True,0.7070484915591015
5m,early_hl_wide_3r,early-higher-low,W015,FSLR,2026-05-22 15:20,257.4,252.48,272.16,5.7343,2026-05-22 15:55,257.88,session_close,7,0.48,0.00186,0.1,True,False,0.44681625406515213,0.7594093523962453,0.9649295644152733,True,True,True,True,0.9118539349190298
5m,early_hl_wide_3r,early-higher-low,W016,FSLR,2026-05-26 11:20,271.09,263.68,293.32,8.2002,2026-05-26 15:20,269.93,time_exit,48,-1.16,-0.00428,-0.16,False,False,0.2996892471100798,1.6362678742291248,5.317744838245231,True,True,True,True,2.642973052257899
5m,early_hl_wide_3r,early-higher-low,W017,FSLR,2026-05-28 11:15,293.115,289.87,302.85,3.3212,2026-05-28 12:45,302.85,target,18,9.735,0.03321,3.0,True,True,-1.2133488221778732,-1.6096218758269165,7.287969356191826,True,True,True,False,0.438007222012399
5m,early_hl_wide_3r,early-higher-low,W018,FSLR,2026-05-28 15:10,304.4,302.2,311.0,2.1682,2026-05-28 15:55,303.28,session_close,9,-1.12,-0.00368,-0.51,False,False,-0.2656339415765485,-0.6768649567102214,-0.19690407623785822,False,False,True,True,0.5984926654004386
5m,early_hl_wide_3r,early-higher-low,W019,FSLR,2026-05-29 12:00,304.96,300.38,318.7,4.5055,2026-05-29 13:20,300.38,stop,16,-4.58,-0.01502,-1.0,False,False,0.050897704632757446,1.4112367092189437,-2.344552064553307,True,True,True,False,2.4781176068992004
5m,early_hl_wide_3r,early-higher-low,W002,BE,2026-05-08 13:55,269.66,261.78,293.3,8.7666,2026-05-08 15:25,261.78,stop,18,-7.88,-0.02922,-1.0,False,False,0.3421155396331921,3.037703703013128,4.488071861903231,True,True,True,True,0.4366179509029147
5m,early_hl_wide_3r,early-higher-low,W003,BE,2026-05-11 11:30,293.005,282.58,324.28,10.6739,2026-05-11 15:30,287.33,time_exit,48,-5.675,-0.01937,-0.54,False,False,1.1641949435092114,2.6950246678094425,12.249684275935579,True,True,True,True,1.823409708213848
5m,early_hl_wide_3r,early-higher-low,W004,BE,2026-05-13 13:00,292.6813,285.59,313.9552,7.2686,2026-05-13 15:55,289.77,session_close,35,-2.9113,-0.00995,-0.41,False,False,-0.19441567566160778,1.5688958409975973,1.954630556663739,True,True,True,True,0.5165681728103666
5m,early_hl_wide_3r,early-higher-low,W005,BE,2026-05-14 13:30,301.145,293.86,323.0,7.2573,2026-05-14 15:55,303.59,session_close,29,2.445,0.00812,0.34,True,False,-0.3113931349955301,0.7567221818334247,1.088346151586883,True,True,True,True,1.00706577439395
5m,early_hl_wide_3r,early-higher-low,W006,BE,2026-05-15 11:05,279.34,274.02,295.3,5.7135,2026-05-15 15:05,283.99,time_exit,48,4.65,0.01665,0.87,True,True,-1.8335737735565516,0.624701949934181,-7.530691505898989,False,False,False,False,0.22782429721753528
5m,early_hl_wide_3r,early-higher-low,W008,BE,2026-05-19 14:35,265.79,263.18,273.62,2.9459,2026-05-19 14:50,263.18,stop,3,-2.61,-0.00982,-1.0,False,False,0.05838545088363567,0.07724106594051428,2.9533718959622757,True,True,True,True,0.27526604348550116
5m,early_hl_wide_3r,early-higher-low,W009,BE,2026-05-20 12:40,285.3639,281.58,296.7156,3.978,2026-05-20 13:05,281.58,stop,5,-3.7839,-0.01326,-1.0,False,False,-1.5445546137887511,-0.2828401231870892,2.9252477505074426,False,True,True,True,0.48802153867593145
5m,early_hl_wide_3r,early-higher-low,W010,BE,2026-05-21 15:05,307.9479,300.02,331.7316,7.7233,2026-05-21 15:55,307.96,session_close,10,0.0121,4e-05,0.0,True,False,-0.8962822513287838,-2.1829706767104162,-2.4452900053685056,False,False,True,True,1.3508628844645691
5m,early_hl_wide_3r,early-higher-low,W011,BE,2026-05-27 13:25,300.46,294.32,318.88,6.1306,2026-05-27 15:05,294.32,stop,20,-6.14,-0.02044,-1.0,False,False,-0.6565834082498223,-0.31200293587854144,1.3532244279460093,True,True,True,True,0.695713815539634
5m,early_hl_wide_3r,early-higher-low,W012,BE,2026-05-28 14:30,302.4505,298.71,313.672,3.7102,2026-05-28 15:15,298.71,stop,9,-3.7405,-0.01237,-1.0,False,False,-0.6797206517084597,0.07613742906924514,2.4005006635424486,True,True,True,True,0.4366358357231352
5m,early_hl_wide_3r,early-higher-low,W001,PLUG,2026-05-01 14:30,3.155,3.08,3.38,7.1315,2026-05-01 15:55,3.105,session_close,17,-0.05,-0.01585,-0.67,False,False,-0.15823146535147714,0.0,0.9599990844726625,True,True,True,True,0.675363643300445
5m,early_hl_wide_3r,early-higher-low,W002,PLUG,2026-05-04 15:05,3.105,3.07,3.21,3.3816,2026-05-04 15:55,3.125,session_close,10,0.02,0.00644,0.57,True,False,-1.213530504797189,-0.7519989013671902,-0.11272092495043795,False,False,True,False,0.8005018958831626
5m,early_hl_wide_3r,early-higher-low,W003,PLUG,2026-05-11 13:50,3.597,3.51,3.858,7.256,2026-05-11 15:55,3.51,stop,25,-0.087,-0.02419,-1.0,False,False,1.408449379940424,1.7926762905991156,1.408449379940424,True,True,True,True,0.4878086914005128
5m,early_hl_wide_3r,early-higher-low,W004,PLUG,2026-05-12 15:10,3.615,3.51,3.93,8.7137,2026-05-12 15:55,3.56,session_close,9,-0.055,-0.01521,-0.52,False,False,-1.1830642297683047,-1.5863950766530466,0.047024189889599555,False,False,True,False,0.8647351853549707
5m,early_hl_wide_3r,early-higher-low,W005,PLUG,2026-05-13 13:20,3.8799,3.76,4.2396,9.2709,2026-05-13 15:55,3.965,session_close,31,0.0851,0.02193,0.71,True,True,0.3158361157990397,1.839682838756307,0.518806247148107,True,True,True,True,0.8407085194024251
5m,early_hl_wide_3r,early-higher-low,W007,PLUG,2026-05-14 11:50,3.845,3.78,4.04,5.0715,2026-05-14 13:20,3.78,stop,18,-0.065,-0.01691,-1.0,False,False,-1.073356149919813,0.6178522254221219,2.5262790877534913,False,True,False,True,0.3440743251457099
5m,early_hl_wide_3r,early-higher-low,W008,PLUG,2026-05-15 10:15,3.72,3.57,4.17,12.0968,2026-05-15 11:55,3.57,stop,20,-0.15,-0.04032,-1.0,False,False,3.7107082702994454,-2.0131425341431863,-2.525491620662257,False,False,False,True,0.657493753826152
5m,early_hl_wide_3r,early-higher-low,W009,PLUG,2026-05-15 15:40,3.915,3.73,4.47,14.1762,2026-05-15 15:55,3.79,session_close,3,-0.125,-0.03193,-0.68,False,False,0.2557542261826251,2.655427082130779,5.945946642567046,True,True,True,True,0.5292039057563118
5m,early_hl_wide_3r,early-higher-low,W010,PLUG,2026-05-18 15:35,3.4399,3.32,3.7996,10.4567,2026-05-18 15:55,3.445,session_close,4,0.0051,0.00148,0.04,True,False,1.0338728545663534,1.9346197450402114,1.6325915301287575,True,True,False,False,1.841124620025868
5m,early_hl_wide_3r,early-higher-low,W011,PLUG,2026-05-19 15:10,3.3414,3.24,3.6456,9.104,2026-05-19 15:55,3.305,session_close,9,-0.0364,-0.01089,-0.36,False,False,-0.44642461172363923,-0.7418355429619106,-0.7418355429619106,False,False,True,True,0.918944205451912
5m,early_hl_wide_3r,early-higher-low,W012,PLUG,2026-05-20 12:40,3.38,3.27,3.71,9.7633,2026-05-20 15:55,3.3,session_close,39,-0.08,-0.02367,-0.73,False,False,-1.0248857336185302,1.8072344097764814,2.176542466542486,True,True,True,True,0.7653702069667176
5m,early_hl_wide_3r,early-higher-low,W013,PLUG,2026-05-21 13:05,3.785,3.73,3.95,4.3593,2026-05-21 15:55,3.78,session_close,34,-0.005,-0.00132,-0.09,False,False,-1.3037797084467062,-0.7863688319739492,3.690109276868636,True,True,True,True,0.4698964341857065
5m,early_hl_wide_3r,early-higher-low,W014,PLUG,2026-05-22 12:35,3.865,3.76,4.18,8.1501,2026-05-22 15:50,3.76,stop,39,-0.105,-0.02717,-1.0,False,False,-0.897438076277568,0.3348852420622439,0.9138403793183425,True,True,True,True,0.5756388343660548
5m,early_hl_wide_3r,early-higher-low,W015,PLUG,2026-05-26 14:15,3.985,3.89,4.27,7.1518,2026-05-26 14:55,3.89,stop,8,-0.095,-0.02384,-1.0,False,False,0.5037778534604964,0.0,2.8350487590559137,True,True,True,True,0.47542657216518225
5m,early_hl_wide_3r,early-higher-low,W016,PLUG,2026-05-27 12:05,4.17,3.94,4.86,16.5468,2026-05-27 15:55,4.14,session_close,46,-0.03,-0.00719,-0.13,False,False,0.060061436101821464,3.6069647167783048,6.2499969589467685,True,True,True,True,0.6741137809007951
5m,early_hl_wide_3r,early-higher-low,W017,PLUG,2026-05-28 13:40,4.295,4.14,4.76,10.8265,2026-05-28 15:55,4.14,stop,27,-0.155,-0.03609,-1.0,False,False,0.20304249937905805,2.109400620784152,3.4626534826748934,True,True,True,True,1.9583395171828863
5m,early_hl_wide_3r,early-higher-low,W018,PLUG,2026-05-29 14:10,3.98,3.94,4.1,3.0151,2026-05-29 14:45,3.94,stop,7,-0.04,-0.01005,-1.0,False,False,-0.9974900249218321,-0.6242220887157646,-1.118014291372016,False,False,False,True,0.5188363441253351
5m,early_hl_wide_3r,early-higher-low,W001,BLDP,2026-05-05 12:10,4.035,3.95,4.29,6.3197,2026-05-05 13:15,3.95,stop,13,-0.085,-0.02107,-1.0,False,False,-1.944105179969824,1.896511197768147,4.941477695399521,True,True,True,True,0.40648078636862955
5m,early_hl_wide_3r,early-higher-low,W002,BLDP,2026-05-06 11:05,4.57,4.43,4.99,9.1904,2026-05-06 15:05,4.74,time_exit,48,0.17,0.0372,1.21,True,True,-0.10941169043983123,1.8654894454530835,8.744854681600799,True,True,True,True,0.2870399804146307
5m,early_hl_wide_3r,early-higher-low,W004,BLDP,2026-05-07 11:35,4.82,4.67,5.27,9.3361,2026-05-07 12:05,4.67,stop,6,-0.15,-0.03112,-1.0,False,False,-0.3105562468432965,1.7153264598995577,1.155458522982955,True,True,True,True,0.5992299876014953
5m,early_hl_wide_3r,early-higher-low,W005,BLDP,2026-05-11 12:30,4.18,4.08,4.48,7.177,2026-05-11 15:55,4.155,session_close,41,-0.025,-0.00598,-0.25,False,False,-0.8303753969683303,-0.9478664417471583,1.5795883556707135,False,True,True,True,0.4930040880661855
5m,early_hl_wide_3r,early-higher-low,W006,BLDP,2026-05-12 14:40,4.175,4.11,4.37,4.6707,2026-05-12 15:25,4.11,stop,9,-0.065,-0.01557,-1.0,False,False,-0.23866894380115689,0.6622438227628757,2.200480987605502,True,True,True,False,5.642897846398658
5m,early_hl_wide_3r,early-higher-low,W007,BLDP,2026-05-13 12:10,4.095,3.99,4.41,7.6923,2026-05-13 15:55,4.135,session_close,45,0.04,0.00977,0.38,True,False,-1.128019378478451,-1.2472886716950238,-1.2472886716950238,False,False,False,False,0.2019519357865776
5m,early_hl_wide_3r,early-higher-low,W009,BLDP,2026-05-15 10:40,4.048,3.94,4.372,8.0039,2026-05-15 12:05,3.94,stop,17,-0.108,-0.02668,-1.0,False,False,1.3784477851063404,0.7472032579320942,-0.8651270554933421,True,True,False,True,0.06787730719588636
5m,early_hl_wide_3r,early-higher-low,W010,BLDP,2026-05-18 15:40,4.25,4.05,4.85,14.1176,2026-05-18 15:55,4.315,session_close,3,0.065,0.01529,0.33,True,True,2.1660570687404013,4.04667041444946,3.916764893953051,True,True,True,True,2.0785270431656055
5m,early_hl_wide_3r,early-higher-low,W011,BLDP,2026-05-19 14:00,4.18,4.05,4.57,9.3301,2026-05-19 15:55,4.17,session_close,23,-0.01,-0.00239,-0.08,False,False,-1.648991677534506,-0.1196085600258745,2.552134552144869,True,True,True,True,0.8201324643818065
5m,early_hl_wide_3r,early-higher-low,W012,BLDP,2026-05-20 15:10,4.71,4.58,5.1,8.2803,2026-05-20 15:55,4.755,session_close,9,0.045,0.00955,0.35,True,False,-0.4232800281520621,0.3433626187491212,1.2917102911930156,True,False,True,True,0.5098644618253181
5m,early_hl_wide_3r,early-higher-low,W013,BLDP,2026-05-21 12:35,5.285,5.14,5.72,8.2308,2026-05-21 15:55,5.42,session_close,40,0.135,0.02554,0.93,True,True,0.18956875571356502,1.0516219529262294,5.48901409115603,True,True,True,True,0.3342398277977788
5m,early_hl_wide_3r,early-higher-low,W015,BLDP,2026-05-22 10:25,5.555,5.44,5.9,6.2106,2026-05-22 11:20,5.9,target,11,0.345,0.06211,3.0,True,True,0.36166329417204324,2.779685407037946,5.24918747245382,True,True,True,True,0.6700848030037094
5m,early_hl_wide_3r,early-higher-low,W016,BLDP,2026-05-22 12:05,5.785,5.65,6.19,7.0009,2026-05-22 12:25,5.65,stop,4,-0.135,-0.02334,-1.0,False,False,-0.6001752038284125,0.610965777450434,4.239851925080584,True,True,True,True,0.5841280027674177
5m,early_hl_wide_3r,early-higher-low,W017,BLDP,2026-05-27 10:40,5.93,5.71,6.59,11.1298,2026-05-27 14:40,5.995,time_exit,48,0.065,0.01096,0.3,True,True,-1.330007073679229,1.626708693655643,-0.7525096346223337,False,False,False,True,0.5349292567640289
5m,early_hl_wide_3r,early-higher-low,W019,BLDP,2026-05-28 13:40,6.3503,6.23,6.7112,5.6832,2026-05-28 14:35,6.23,stop,11,-0.1203,-0.01894,-1.0,False,False,-0.6254880683710717,0.08977543149697453,2.6655890198346466,True,True,True,True,0.7978746244509608
5m,early_hl_wide_3r,early-higher-low,W001,LAC,2026-05-05 12:15,5.5001,5.36,5.9204,7.6417,2026-05-05 15:55,5.52,session_close,44,0.0199,0.00362,0.14,True,False,-1.281547967048824,-2.2222222222222254,-0.7220209770479546,False,False,False,False,0.2424851157300391
5m,early_hl_wide_3r,early-higher-low,W002,LAC,2026-05-06 10:25,5.77,5.64,6.16,6.7591,2026-05-06 14:25,5.995,time_exit,48,0.225,0.03899,1.73,True,True,-0.17285656540079186,5.573941490970213,5.479455633981356,True,True,True,True,0.6069598293603774
5m,early_hl_wide_3r,early-higher-low,W004,LAC,2026-05-08 15:10,5.575,5.42,6.04,8.3408,2026-05-08 15:55,5.565,session_close,9,-0.01,-0.00179,-0.06,False,False,0.08984931517530548,-0.268574151891543,2.0146544458951476,True,False,True,True,0.5334608050994397
5m,early_hl_wide_3r,early-higher-low,W005,LAC,2026-05-11 12:55,5.765,5.65,6.11,5.9844,2026-05-11 15:55,5.78,session_close,36,0.015,0.0026,0.13,True,False,-0.5918869717393194,0.3623776245503363,0.7133008211412717,False,True,True,True,0.689847913746935
5m,early_hl_wide_3r,early-higher-low,W006,LAC,2026-05-12 15:10,5.57,5.41,6.05,8.6176,2026-05-12 15:55,5.57,session_close,9,0.0,0.0,0.0,False,False,-0.624997285859874,0.8206968939109327,3.5348847854969057,True,True,True,True,0.5777711454050521
5m,early_hl_wide_3r,early-higher-low,W007,LAC,2026-05-19 14:00,4.695,4.58,5.04,7.3483,2026-05-19 15:55,4.64,session_close,23,-0.055,-0.01171,-0.48,False,False,-0.4241777365698751,0.42780706118794587,0.2412641025424378,True,True,True,True,0.5949270381877979
5m,early_hl_wide_3r,early-higher-low,W008,LAC,2026-05-20 11:40,4.715,4.68,4.82,2.2269,2026-05-20 15:40,4.755,time_exit,48,0.04,0.00848,1.14,True,False,0.053023481220604296,0.2656808991496895,1.4516153345494498,True,True,True,True,0.30233688776512857
5m,early_hl_wide_3r,early-higher-low,W010,LAC,2026-05-21 10:35,4.805,4.77,4.91,2.1852,2026-05-21 11:25,4.91,target,10,0.105,0.02185,3.0,True,True,-2.0408143405366563,-0.311523703163874,1.1591213172242432,False,True,True,False,0.5148552579748057
5m,early_hl_wide_3r,early-higher-low,W011,LAC,2026-05-21 14:30,5.005,4.93,5.23,4.4955,2026-05-21 15:55,4.985,session_close,17,-0.02,-0.004,-0.27,False,False,-0.09969367371615023,0.3003071805090629,1.1099960852197999,True,True,True,True,0.7212914758041321
5m,early_hl_wide_3r,early-higher-low,W012,LAC,2026-05-26 11:20,5.0053,4.95,5.1712,3.3145,2026-05-26 11:50,4.95,stop,6,-0.0553,-0.01105,-1.0,False,False,-0.2985048000182955,-0.1972074453053585,2.2449006402755156,True,True,True,True,0.9911699053272438
5m,early_hl_wide_3r,early-higher-low,W013,LAC,2026-05-26 13:40,5.025,4.92,5.34,6.2687,2026-05-26 15:55,4.99,session_close,27,-0.035,-0.00697,-0.33,False,False,-0.5934665477733803,0.7014093357648576,1.1066460261089928,True,True,True,True,1.2346441948533156
5m,early_hl_wide_3r,early-higher-low,W014,LAC,2026-05-27 10:40,4.915,4.8,5.26,7.0193,2026-05-27 14:40,5.025,time_exit,48,0.11,0.02238,0.96,True,True,0.10173172898728655,1.7580152528716253,-1.006030503187949,False,False,False,True,0.7007052458434749
5m,early_hl_wide_3r,early-higher-low,W016,LAC,2026-05-28 10:45,5.075,4.94,5.48,7.9803,2026-05-28 14:45,5.195,time_exit,48,0.12,0.02365,0.89,True,True,0.765872385886901,1.4705257479674216,0.6660030328544009,True,True,True,True,0.47890744280544834
5m,early_hl_wide_3r,early-higher-low,W018,LAC,2026-05-29 12:45,5.165,5.11,5.33,3.1946,2026-05-29 15:55,5.23,end_of_data,38,0.065,0.01258,1.18,True,True,-0.3857276981143465,0.09690144551894875,2.786066941862586,True,True,True,True,0.21088279164312143
5m,early_hl_wide_3r,early-higher-low,W001,ALB,2026-05-05 12:50,195.56,194.09,199.97,2.2551,2026-05-05 15:55,194.83,session_close,37,-0.73,-0.00373,-0.5,False,False,-0.303424981258682,-0.5139659737768865,-0.00255997682284681,False,False,True,False,0.6400820033883344
5m,early_hl_wide_3r,early-higher-low,W002,ALB,2026-05-12 15:10,206.02,202.53,216.49,5.082,2026-05-12 15:55,205.46,session_close,9,-0.56,-0.00272,-0.16,False,False,0.08751953349035446,-0.1310000832862923,1.346594455027872,True,True,True,True,0.8312138824726278
5m,early_hl_wide_3r,early-higher-low,W003,ALB,2026-05-13 15:00,201.96,199.0,210.84,4.3969,2026-05-13 15:55,200.98,session_close,11,-0.98,-0.00485,-0.33,False,False,-0.4016571025070692,-0.5242185578897218,0.9339468398970929,False,False,True,True,0.9184929237468642
5m,early_hl_wide_3r,early-higher-low,W004,ALB,2026-05-26 12:10,177.75,175.75,183.75,3.3755,2026-05-26 14:35,175.75,stop,29,-2.0,-0.01125,-1.0,False,False,0.2878235226643655,0.43945588334348695,0.5261032150838396,True,True,True,True,0.6136827104985135
5m,early_hl_wide_3r,early-higher-low,W005,ALB,2026-05-27 12:20,178.97,174.47,192.47,7.5432,2026-05-27 15:55,177.56,session_close,43,-1.41,-0.00788,-0.31,False,False,0.1118989274453197,-0.3175528268628103,0.52811233979837,True,False,True,True,0.7307302678867923
5m,early_hl_wide_3r,early-higher-low,W001,RIVN,2026-05-04 14:50,14.695,14.44,15.46,5.2058,2026-05-04 15:55,14.5,session_close,13,-0.195,-0.01327,-0.76,False,False,1.281192381095364,1.9833447827197759,0.932688214596622,True,True,False,True,0.5680728579800676
5m,early_hl_wide_3r,early-higher-low,W002,RIVN,2026-05-08 15:10,14.205,13.91,15.09,6.2302,2026-05-08 15:55,14.21,session_close,9,0.005,0.00035,0.02,True,False,-0.1406007537948839,-0.1406007537948839,1.1391943506085855,True,True,True,True,0.7825152482009676
5m,early_hl_wide_3r,early-higher-low,W003,RIVN,2026-05-11 12:55,14.205,13.95,14.97,5.3854,2026-05-11 15:55,14.09,session_close,36,-0.115,-0.0081,-0.45,False,False,-0.4206128157913658,0.5663711412818184,0.9953810700287224,True,True,True,True,0.6087661200184208
5m,early_hl_wide_3r,early-higher-low,W004,RIVN,2026-05-12 15:40,14.02,13.72,14.92,6.4194,2026-05-12 15:55,13.95,session_close,3,-0.07,-0.00499,-0.23,False,False,-0.3906271695583108,0.42964171347510405,1.4466532515327923,True,True,True,True,0.4856211673283653
5m,early_hl_wide_3r,early-higher-low,W005,RIVN,2026-05-13 13:35,14.41,14.02,15.58,8.1194,2026-05-13 15:55,14.26,session_close,28,-0.15,-0.01041,-0.38,False,False,-0.5859247094909481,-1.335620845229779,-1.0645651248517463,False,False,True,True,0.5506768252263835
5m,early_hl_wide_3r,early-higher-low,W007,RIVN,2026-05-14 13:05,14.795,14.23,16.49,11.4566,2026-05-14 15:55,14.5201,session_close,34,-0.2749,-0.01858,-0.49,False,False,1.196991738062314,0.8878429218092565,2.42298642342742,True,True,True,True,3.274891490789162
5m,early_hl_wide_3r,early-higher-low,W008,RIVN,2026-05-19 15:10,13.02,12.76,13.8,5.9908,2026-05-19 15:55,12.895,session_close,9,-0.125,-0.0096,-0.48,False,False,-0.1917884067734521,0.34708889906927,0.8918167276909639,True,True,True,True,1.0893292797092469
5m,early_hl_wide_3r,early-higher-low,W009,RIVN,2026-05-20 13:25,13.44,13.11,14.43,7.3661,2026-05-20 15:55,13.74,session_close,30,0.3,0.02232,0.91,True,True,-0.3705090119220156,-0.7727115004409368,0.9937835339081991,False,True,True,True,0.27697207356862114
5m,early_hl_wide_3r,early-higher-low,W010,RIVN,2026-05-21 10:45,13.785,13.65,14.19,2.938,2026-05-21 14:00,14.19,target,39,0.405,0.02938,3.0,True,True,-2.233351958296137,0.3275114777551602,1.6218228811960778,False,True,True,False,0.31362451081156545
5m,early_hl_wide_3r,early-higher-low,W011,RIVN,2026-05-21 15:10,14.15,13.95,14.75,4.2403,2026-05-21 15:55,14.16,session_close,9,0.01,0.00071,0.05,True,False,-0.04238477737683599,-0.0776813537002985,0.9921480135189009,True,True,True,True,0.7567411424591222
5m,early_hl_wide_3r,early-higher-low,W012,RIVN,2026-05-22 14:15,14.245,14.08,14.74,3.4749,2026-05-22 15:55,14.225,session_close,20,-0.02,-0.0014,-0.12,False,False,-0.3846175135816865,-0.2800137366488986,0.3798138590863642,False,False,True,True,0.6954385875252446
5m,early_hl_wide_3r,early-higher-low,W013,RIVN,2026-05-28 15:25,15.15,14.97,15.69,3.5643,2026-05-28 15:55,15.19,session_close,6,0.04,0.00264,0.22,True,False,-0.0989142325122927,-0.39448007538605,-0.37155449759680437,False,False,True,True,0.9282175583486766
5m,early_hl_wide_3r,early-higher-low,W014,RIVN,2026-05-29 14:15,16.245,16.1,16.68,2.6778,2026-05-29 15:55,16.325,end_of_data,20,0.08,0.00492,0.55,True,False,-2.138551410110856,-0.8544362996203092,-0.12295451070085672,False,False,True,True,0.3356859465484628
5m,early_hl_wide_3r,early-higher-low,W002,LCID,2026-05-04 13:50,6.705,6.54,7.2,7.3825,2026-05-04 15:55,6.685,session_close,25,-0.02,-0.00298,-0.12,False,False,-0.5192855875468805,1.2839885138426155,1.514003093774341,True,True,True,True,0.5857490925364228
5m,early_hl_wide_3r,early-higher-low,W003,LCID,2026-05-08 12:10,6.2701,6.22,6.4204,2.3971,2026-05-08 12:55,6.22,stop,9,-0.0501,-0.00799,-1.0,False,False,-0.46038014650833237,-0.2957683897012231,3.5524408668750063,True,True,True,True,0.5336389367232545
5m,early_hl_wide_3r,early-higher-low,W004,LCID,2026-05-11 14:50,6.085,6.0,6.34,4.1906,2026-05-11 15:25,6.0,stop,7,-0.085,-0.01397,-1.0,False,False,-0.9135153686440245,0.32976060573493005,2.5273815806842626,True,True,True,True,0.478014738116715
5m,early_hl_wide_3r,early-higher-low,W005,LCID,2026-05-12 15:10,5.985,5.87,6.33,5.7644,2026-05-12 15:55,6.004,session_close,9,0.019,0.00317,0.17,True,False,-0.33305546287030197,0.16736785006612465,0.7558785042625304,True,True,True,True,0.4539464496332188
5m,early_hl_wide_3r,early-higher-low,W006,LCID,2026-05-13 12:15,6.545,6.39,7.01,7.1047,2026-05-13 15:50,6.39,stop,43,-0.155,-0.02368,-1.0,False,False,-0.15407679368963922,0.8630025280673692,11.404256617769292,True,True,True,True,0.41073176171551296
5m,early_hl_wide_3r,early-higher-low,W007,LCID,2026-05-14 13:10,6.55,6.42,6.94,5.9542,2026-05-14 14:35,6.42,stop,17,-0.13,-0.01985,-1.0,False,False,0.34509261062567465,1.2379098263132216,4.014309360123947,True,True,True,True,0.8405148371752011
5m,early_hl_wide_3r,early-higher-low,W008,LCID,2026-05-15 14:40,6.075,5.97,6.39,5.1852,2026-05-15 15:55,6.045,session_close,15,-0.03,-0.00494,-0.29,False,False,-0.09374104072786826,-0.6947285699397954,0.9136184138352377,True,False,False,True,0.8199066192612607
5m,early_hl_wide_3r,early-higher-low,W009,LCID,2026-05-18 15:40,5.705,5.66,5.84,2.3663,2026-05-18 15:55,5.735,session_close,3,0.03,0.00526,0.67,True,False,-0.8678421556931104,-0.08764442607862577,-0.08764442607862577,False,False,False,False,1.0581382416007739
5m,early_hl_wide_3r,early-higher-low,W010,LCID,2026-05-19 14:05,5.65,5.56,5.92,4.7788,2026-05-19 15:55,5.615,session_close,22,-0.035,-0.00619,-0.39,False,False,0.0,0.4690347279700191,0.35492422562832804,True,True,False,True,0.68283968296729
5m,early_hl_wide_3r,early-higher-low,W011,LCID,2026-05-20 13:10,5.71,5.6,6.04,5.7793,2026-05-20 15:55,5.68,session_close,33,-0.03,-0.00525,-0.27,False,False,-0.6080278012531415,-0.5231073951164067,0.3518026583609002,False,True,True,True,0.3625069639994391
5m,early_hl_wide_3r,early-higher-low,W012,LCID,2026-05-21 15:40,5.87,5.78,6.14,4.5997,2026-05-21 15:55,5.845,session_close,3,-0.025,-0.00426,-0.28,False,False,-0.1702166618184786,0.6866946465715618,2.8045547686558203,True,True,True,True,0.8150873410595436
5m,early_hl_wide_3r,early-higher-low,W013,LCID,2026-05-22 11:15,6.0201,5.91,6.3504,5.4866,2026-05-22 13:55,5.91,stop,32,-0.1101,-0.01829,-1.0,False,False,0.5826311578829957,1.516430555275461,2.553193112637131,True,True,True,True,0.6193911444352267
5m,early_hl_wide_3r,early-higher-low,W014,LCID,2026-05-26 12:05,6.085,5.95,6.49,6.6557,2026-05-26 15:55,5.98,session_close,46,-0.105,-0.01726,-0.78,False,False,-0.9731829546706705,-0.9764026520061031,-0.7340958475340775,False,False,True,False,0.38513080489346596
5m,early_hl_wide_3r,early-higher-low,W015,LCID,2026-05-27 11:35,6.105,5.92,6.66,9.0909,2026-05-27 15:35,6.225,time_exit,48,0.12,0.01966,0.65,True,True,-0.1635282488792189,-1.5306719289827297,1.8178820779126248,False,False,True,False,0.43322138041588226
5m,early_hl_wide_3r,early-higher-low,W017,LCID,2026-05-28 11:20,6.59,6.4,7.16,8.6495,2026-05-28 15:20,6.475,time_exit,48,-0.115,-0.01745,-0.61,False,False,1.1527236624314874,1.8562600503383875,5.021509344982289,True,True,True,True,0.8124386964463476
5m,early_hl_wide_3r,early-higher-low,W018,LCID,2026-05-29 10:40,6.395,6.31,6.65,3.9875,2026-05-29 12:05,6.65,target,17,0.255,0.03987,3.0,True,True,-2.06732809491037,0.1549310373312851,-1.3122617146975601,False,False,False,False,0.47483328860868984
5m,early_hl_wide_3r,early-higher-low,W001,NIO,2026-05-04 11:35,6.055,5.96,6.34,4.7068,2026-05-04 15:35,6.095,time_exit,48,0.04,0.00661,0.42,True,False,0.7487453867395244,0.6650035368396257,0.0,True,True,True,True,2.2213205228033415
5m,early_hl_wide_3r,early-higher-low,W002,NIO,2026-05-07 11:25,5.955,5.91,6.09,2.267,2026-05-07 12:15,5.91,stop,10,-0.045,-0.00756,-1.0,False,False,-0.5016757477033895,-0.14433314740850411,0.33726781628116154,False,False,True,False,0.31096521537826544
5m,early_hl_wide_3r,early-higher-low,W003,NIO,2026-05-13 11:15,6.56,6.42,6.98,6.4024,2026-05-13 15:15,6.515,time_exit,48,-0.045,-0.00686,-0.32,False,False,0.5355826329992652,0.7653265139840881,8.505373376105618,True,True,True,True,0.9076662137664641
5m,early_hl_wide_3r,early-higher-low,W004,NIO,2026-05-21 15:20,5.615,5.55,5.81,3.4728,2026-05-21 15:55,5.58,session_close,7,-0.035,-0.00623,-0.54,False,False,-0.35523944085211756,-0.2666642930772567,0.3577814021571202,True,True,True,True,0.9417668663518759
5m,early_hl_wide_3r,early-higher-low,W005,NIO,2026-05-22 13:50,5.215,5.16,5.38,3.164,2026-05-22 15:30,5.16,stop,20,-0.055,-0.01055,-1.0,False,False,-0.3820435609633299,-0.8555147212134462,0.09597148568729619,False,False,False,False,1.2331839564164726
5m,early_hl_wide_3r,early-higher-low,W006,NIO,2026-05-27 12:25,5.665,5.61,5.83,2.9126,2026-05-27 15:55,5.75,session_close,42,0.085,0.015,1.55,True,True,-1.136884521517001,-1.136884521517001,3.650753759426184,True,True,True,True,0.4526981768532183
5m,early_hl_wide_3r,early-higher-low,W007,NIO,2026-05-29 10:40,5.48,5.4,5.72,4.3796,2026-05-29 14:40,5.605,time_exit,48,0.125,0.02281,1.56,True,True,-0.9695096260537994,0.27656188865909925,-1.4401426854765753,False,False,False,True,0.37927249281977765
5m,early_hl_wide_3r,early-higher-low,W008,NIO,2026-05-29 15:15,5.585,5.47,5.93,6.1773,2026-05-29 15:55,5.595,end_of_data,8,0.01,0.00179,0.09,True,False,-0.44603203001530867,-0.7576593440991597,0.9041539240635554,False,False,True,True,1.0189921309701633
5m,early_hl_wide_3r,early-higher-low,W001,XPEV,2026-05-04 11:35,16.055,15.87,16.61,3.4569,2026-05-04 15:35,15.995,time_exit,48,-0.06,-0.00374,-0.32,False,False,-0.5789482324310424,-0.3011490991226773,0.3531217575073242,False,False,True,True,0.4512679693396012
5m,early_hl_wide_3r,early-higher-low,W002,XPEV,2026-05-08 12:35,15.67,15.55,16.03,2.2974,2026-05-08 15:55,15.62,session_close,40,-0.05,-0.00319,-0.42,False,False,-0.19095947102704125,-0.5391692755844169,-0.2544526792211621,False,False,True,False,0.663566730894788
5m,early_hl_wide_3r,early-higher-low,W003,XPEV,2026-05-13 12:10,16.675,16.41,17.47,4.7676,2026-05-13 15:55,16.66,session_close,45,-0.015,-0.0009,-0.06,False,False,-0.4097951126982191,-0.5286405577651809,0.581594587111689,True,True,True,True,0.20755732249486722
5m,early_hl_wide_3r,early-higher-low,W005,XPEV,2026-05-14 14:40,16.185,15.91,17.01,5.0973,2026-05-14 15:55,16.105,session_close,15,-0.08,-0.00494,-0.29,False,False,-0.4807832126108025,-0.4807832126108025,-0.2968931659236951,False,False,False,True,1.011447144320873
5m,early_hl_wide_3r,early-higher-low,W006,XPEV,2026-05-26 10:50,16.7096,16.48,17.3984,4.1222,2026-05-26 14:50,16.68,time_exit,48,-0.0296,-0.00177,-0.13,False,False,-0.3282506749145764,0.0,7.9159958079004555,True,True,True,True,0.1627621096774515
5m,early_hl_wide_3r,early-higher-low,W007,XPEV,2026-05-27 11:15,16.39,16.17,17.05,4.0268,2026-05-27 15:15,16.49,time_exit,48,0.1,0.0061,0.45,True,False,-0.030503616807564526,0.45969263337908295,-1.6796681785484213,False,False,False,True,0.4098670793078758
5m,early_hl_wide_3r,early-higher-low,W008,XPEV,2026-05-29 11:40,16.5,16.27,17.19,4.1818,2026-05-29 15:40,16.56,time_exit,48,0.06,0.00364,0.26,True,False,-0.1512836254606631,0.12136200436421163,1.9147588370380886,True,True,True,True,0.21340202850732093
5m,early_hl_wide_3r,early-higher-low,W001,LI,2026-05-18 13:55,16.68,16.49,17.25,3.4173,2026-05-18 15:55,16.66,session_close,24,-0.02,-0.0012,-0.11,False,False,-0.4177839351262369,-1.125929090711808,-0.5187210619651772,False,False,False,False,0.9114723178173253
5m,early_hl_wide_3r,early-higher-low,W004,LI,2026-05-22 12:25,15.825,15.62,16.44,3.8863,2026-05-22 15:55,15.895,session_close,42,0.07,0.00442,0.34,True,False,-0.2834650475209033,-0.5965479804771245,0.7317834553073777,False,False,False,True,0.6215150567759286
5m,early_hl_wide_3r,early-higher-low,W005,LI,2026-05-26 11:45,15.92,15.73,16.49,3.5804,2026-05-26 15:45,15.91,time_exit,48,-0.01,-0.00063,-0.05,False,False,-0.09409905924273598,-0.4998373897315833,0.4731849051109016,False,False,True,True,0.6876522840924957
5m,early_hl_wide_3r,early-higher-low,W006,LI,2026-05-27 10:45,15.65,15.36,16.52,5.5591,2026-05-27 14:45,15.685,time_exit,48,0.035,0.00224,0.12,True,False,-0.3876333436181878,0.8376234338419053,-1.5413704446528231,False,False,False,True,0.2821049661580488
5m,early_hl_wide_3r,early-higher-low,W001,CHPT,2026-05-01 15:20,6.38,6.26,6.74,5.6426,2026-05-01 15:55,6.39,session_close,7,0.01,0.00157,0.08,True,False,0.0031439813193534505,-0.15360434325398797,-0.15360434325398797,False,False,True,True,0.3940101349427774
5m,early_hl_wide_3r,early-higher-low,W002,CHPT,2026-05-05 12:10,6.431,6.3,6.824,6.111,2026-05-05 15:55,6.323,session_close,43,-0.108,-0.01679,-0.82,False,False,0.6249993946403354,0.7824756147039258,4.715446461073602,True,True,True,True,1.0481887670322365
5m,early_hl_wide_3r,early-higher-low,W003,CHPT,2026-05-08 10:45,6.16,6.0,6.64,7.7922,2026-05-08 14:55,6.22,time_exit,48,0.06,0.00974,0.38,True,False,-0.1620782618829808,-0.3236242958260749,0.0,True,True,False,True,0.7711301627225741
5m,early_hl_wide_3r,early-higher-low,W004,CHPT,2026-05-08 15:10,6.26,6.17,6.53,4.3131,2026-05-08 15:55,6.24,session_close,9,-0.02,-0.00319,-0.22,False,False,-0.6339138227536623,-0.31796472254066455,1.4563131891232706,True,False,True,True,0.12831905215275574
5m,early_hl_wide_3r,early-higher-low,W005,CHPT,2026-05-11 13:20,6.49,6.29,7.09,9.245,2026-05-11 15:55,6.4,session_close,31,-0.09,-0.01387,-0.45,False,False,-0.30674817461688875,-0.9900998728700539,-1.3657078983912885,False,False,True,True,0.2304599850411369
5m,early_hl_wide_3r,early-higher-low,W006,CHPT,2026-05-12 10:50,6.23,6.15,6.47,3.8523,2026-05-12 11:55,6.15,stop,13,-0.08,-0.01284,-1.0,False,False,-1.4218033755551418,-0.7949155967901356,-3.330753758776983,False,False,False,False,0.26680211353551603
5m,early_hl_wide_3r,early-higher-low,W007,CHPT,2026-05-13 12:15,6.3912,6.27,6.7548,5.6891,2026-05-13 15:55,6.42,session_close,44,0.0288,0.00451,0.24,True,False,-0.15600237570543296,-0.9272559618855092,2.8938956792189163,True,True,True,True,0.055809820862507006
5m,early_hl_wide_3r,early-higher-low,W008,CHPT,2026-05-14 12:10,6.45,6.33,6.81,5.5814,2026-05-14 15:55,6.8,session_close,44,0.35,0.05426,2.92,True,True,0.23364277737289996,0.704226560785437,2.142853142182699,True,True,True,True,0.6768705204635274
5m,early_hl_wide_3r,early-higher-low,W009,CHPT,2026-05-15 14:45,6.6799,6.54,7.0996,6.283,2026-05-15 15:55,6.61,session_close,14,-0.0699,-0.01046,-0.5,False,False,0.6033176645940497,1.3677834898393026,4.056165913745002,True,True,True,True,0.9911698710187742
5m,early_hl_wide_3r,early-higher-low,W010,CHPT,2026-05-18 15:30,6.35,6.28,6.56,3.3071,2026-05-18 15:55,6.395,session_close,5,0.045,0.00709,0.64,True,False,0.9546530506957085,0.6344165415079317,0.4750551496336186,True,True,False,True,0.6576437460259787
5m,early_hl_wide_3r,early-higher-low,W011,CHPT,2026-05-19 13:40,6.28,6.15,6.67,6.2102,2026-05-19 15:55,6.15,stop,25,-0.13,-0.0207,-1.0,False,False,0.4815442972151196,1.4586734436792703,1.956058198066768,True,True,True,True,0.9743949650222996
5m,early_hl_wide_3r,early-higher-low,W012,CHPT,2026-05-20 13:25,6.3,6.23,6.51,3.3333,2026-05-20 15:55,6.23,stop,29,-0.07,-0.01111,-1.0,False,False,-0.466165858470613,0.4769508742494821,2.0177561991330473,True,True,True,True,0.13287874814232015
5m,early_hl_wide_3r,early-higher-low,W013,CHPT,2026-05-21 12:10,6.465,6.26,7.08,9.5128,2026-05-21 15:55,6.81,session_close,45,0.345,0.05336,1.68,True,True,0.15492221533743855,2.0520933489835302,1.1737134220558998,True,True,True,True,0.6568754429266147
5m,early_hl_wide_3r,early-higher-low,W015,CHPT,2026-05-27 11:35,7.94,7.63,8.87,11.7128,2026-05-27 15:35,7.78,time_exit,48,-0.16,-0.02015,-0.52,False,False,0.0,1.9897331266671703,7.801903596076865,True,True,True,True,0.8430905675215169
5m,early_hl_wide_3r,early-higher-low,W016,CHPT,2026-05-28 13:40,7.93,7.63,8.83,11.3493,2026-05-28 15:55,7.83,session_close,26,-0.1,-0.01261,-0.33,False,False,0.25348518713501633,1.2156083108902482,2.196383479600361,True,True,True,True,2.564403712118295
5m,early_hl_wide_3r,early-higher-low,W017,CHPT,2026-05-29 13:45,7.58,7.45,7.97,5.1451,2026-05-29 15:05,7.45,stop,15,-0.13,-0.01715,-1.0,False,False,-0.2706730361073828,0.7968119669025553,1.606430599286024,True,True,False,True,0.8533055459071437
5m,early_hl_wide_3r,early-higher-low,W002,BLNK,2026-05-04 15:15,0.7224,0.71,0.7596,5.1495,2026-05-04 15:55,0.7245,session_close,8,0.0021,0.00291,0.17,True,False,-0.09665795889073348,0.8362428154593537,1.486888859031299,True,True,False,False,1.138378032682043
5m,early_hl_wide_3r,early-higher-low,W003,BLNK,2026-05-05 12:15,0.7336,0.72,0.7744,5.5616,2026-05-05 15:55,0.72,stop,44,-0.0136,-0.01854,-1.0,False,False,-0.38095071271745384,0.5769287609037388,2.3054431276974485,True,True,True,True,0.6241629912683249
5m,early_hl_wide_3r,early-higher-low,W004,BLNK,2026-05-06 10:35,0.7745,0.75,0.848,9.49,2026-05-06 13:35,0.848,target,36,0.0735,0.0949,3.0,True,True,1.1617265196325333,5.830942730947664,7.623939960631643,True,True,True,True,0.35391035132588505
5m,early_hl_wide_3r,early-higher-low,W006,BLNK,2026-05-08 10:40,0.8054,0.78,0.8816,9.4611,2026-05-08 14:40,0.8467,time_exit,48,0.0413,0.05128,1.63,True,True,-0.1239755959393185,-0.24765153572735565,-0.012413627085028356,True,True,True,True,0.4226387042358222
5m,early_hl_wide_3r,early-higher-low,W007,BLNK,2026-05-08 15:00,0.841,0.83,0.874,3.9239,2026-05-08 15:55,0.8494,session_close,11,0.0084,0.00999,0.76,True,False,-0.99776736206586,-0.3897497470832789,1.309311813705305,False,True,True,True,0.21899856071509735
5m,early_hl_wide_3r,early-higher-low,W008,BLNK,2026-05-11 13:55,0.9613,0.94,1.0252,6.6473,2026-05-11 14:55,0.94,stop,12,-0.0213,-0.02216,-1.0,False,False,-0.5078285995546272,1.0632705927339892,-2.290080179620768,False,True,True,True,0.36453205804184646
5m,early_hl_wide_3r,early-higher-low,W009,BLNK,2026-05-12 15:15,0.915,0.9,0.96,4.918,2026-05-12 15:45,0.9,stop,6,-0.015,-0.01639,-1.0,False,False,-0.8387078456567831,0.23913123899461652,2.7177539579029686,True,True,True,False,0.33667248170062763
5m,early_hl_wide_3r,early-higher-low,W010,BLNK,2026-05-13 12:15,0.92,0.9,0.98,6.5217,2026-05-13 13:10,0.9,stop,11,-0.02,-0.02174,-1.0,False,False,-1.9359684702148883,-3.9687505258092393,1.6764044364734776,False,False,True,False,0.2894842231730708
5m,early_hl_wide_3r,early-higher-low,W011,BLNK,2026-05-14 13:00,0.8811,0.86,0.9444,7.1842,2026-05-14 15:55,0.876,session_close,35,-0.0051,-0.00579,-0.24,False,False,0.09092096392750992,0.9977079552790258,-0.11341580456706302,True,True,False,True,1.1817226520350088
5m,early_hl_wide_3r,early-higher-low,W012,BLNK,2026-05-15 12:25,0.8392,0.82,0.8968,6.8637,2026-05-15 15:50,0.82,stop,40,-0.0192,-0.02288,-1.0,False,False,-0.27059105506810344,-1.5561511943667172,-3.8234615083424184,False,False,False,False,2.6897613407800756
5m,early_hl_wide_3r,early-higher-low,W013,BLNK,2026-05-19 14:05,0.7556,0.74,0.8024,6.1937,2026-05-19 14:55,0.74,stop,10,-0.0156,-0.02065,-1.0,False,False,-1.086530512561723,0.15906159662699704,2.343214076415845,True,True,False,True,0.3445847232995617
5m,early_hl_wide_3r,early-higher-low,W014,BLNK,2026-05-20 11:25,0.7881,0.78,0.8124,3.0834,2026-05-20 15:30,0.7915,time_exit,48,0.0034,0.00431,0.34,True,False,0.4585988808753827,3.017637913505755,6.94331876303953,True,True,True,True,1.4831936877700544
5m,early_hl_wide_3r,early-higher-low,W015,BLNK,2026-05-21 11:20,0.8164,0.8,0.8656,6.0265,2026-05-21 15:25,0.8302,time_exit,48,0.0138,0.0169,0.84,True,True,1.0689290116657757,1.5555561278909558,3.406665904906059,True,True,True,True,0.2630271892674226
5m,early_hl_wide_3r,early-higher-low,W017,BLNK,2026-05-22 13:50,0.8644,0.85,0.9076,4.9977,2026-05-22 15:15,0.85,stop,16,-0.0144,-0.01666,-1.0,False,False,-0.21917374584962124,-0.28818416083016274,1.1577632734305787,False,True,True,True,0.26422176698044836
5m,early_hl_wide_3r,early-higher-low,W018,BLNK,2026-05-27 15:25,0.8162,0.8,0.8648,5.9544,2026-05-27 15:55,0.8311,session_close,6,0.0149,0.01826,0.92,True,True,-0.790082111970658,-0.9826487066486145,-2.3450555564786812,False,False,False,False,0.22186024078843197
5m,early_hl_wide_3r,early-higher-low,W019,BLNK,2026-05-28 10:50,0.8347,0.82,0.8788,5.2833,2026-05-28 14:50,0.8463,time_exit,48,0.0116,0.0139,0.79,True,True,-0.8290855992053037,0.504138949005073,2.259407750525866,True,True,True,True,0.4006334912326802
5m,early_hl_wide_3r,early-higher-low,W002,SERV,2026-05-06 10:55,9.325,9.11,9.97,6.9169,2026-05-06 14:55,9.4197,time_exit,48,0.0947,0.01016,0.44,True,True,-0.32086294568463014,0.8112472708873719,1.9136055582368305,True,True,True,True,0.4125534392974958
5m,early_hl_wide_3r,early-higher-low,W004,SERV,2026-05-11 10:50,8.775,8.64,9.18,4.6154,2026-05-11 14:15,9.18,target,41,0.405,0.04615,3.0,True,True,-1.1273892794318452,0.746703442013863,0.11415786096518055,False,True,True,True,0.30478273696495134
5m,early_hl_wide_3r,early-higher-low,W005,SERV,2026-05-11 15:10,9.065,8.91,9.53,5.1296,2026-05-11 15:25,8.91,stop,3,-0.155,-0.0171,-1.0,False,False,-0.5485484584793365,0.0,1.0590781552558326,False,False,True,True,1.0498006407306493
5m,early_hl_wide_3r,early-higher-low,W006,SERV,2026-05-14 11:20,9.1,8.83,9.91,8.9011,2026-05-14 13:20,8.83,stop,24,-0.27,-0.02967,-1.0,False,False,1.232368973101794,2.2447027397948016,5.195157448769194,True,True,True,True,0.8284605480675565
5m,early_hl_wide_3r,early-higher-low,W007,SERV,2026-05-15 15:20,8.295,8.11,8.85,6.6908,2026-05-15 15:55,8.25,session_close,7,-0.045,-0.00542,-0.24,False,False,0.0,0.5454554702296388,1.4678884741199605,True,True,True,True,0.2432106929229284
5m,early_hl_wide_3r,early-higher-low,W008,SERV,2026-05-18 15:40,8.185,7.92,8.98,9.7129,2026-05-18 15:55,8.2325,session_close,3,0.0475,0.0058,0.18,True,False,0.9247936635570886,2.0573560154014903,1.9937795475649889,True,True,True,True,2.61256896431315
5m,early_hl_wide_3r,early-higher-low,W009,SERV,2026-05-19 14:00,8.12,7.97,8.57,5.5419,2026-05-19 15:55,8.105,session_close,23,-0.015,-0.00185,-0.1,False,False,-0.18450606533337854,0.0,1.0585310208412801,True,True,True,True,0.4437608205968316
5m,early_hl_wide_3r,early-higher-low,W010,SERV,2026-05-20 10:25,8.281,8.06,8.944,8.0063,2026-05-20 14:25,8.36,time_exit,48,0.079,0.00954,0.36,True,False,2.1603017232813215,2.097354931618667,2.794040790044594,True,True,True,True,0.6052862672380328
5m,early_hl_wide_3r,early-higher-low,W012,SERV,2026-05-21 12:10,8.7699,8.54,9.4596,7.8644,2026-05-21 15:55,8.81,session_close,45,0.0401,0.00457,0.17,True,False,0.2850618423707374,1.7421669940284046,1.506374423140322,True,True,True,True,0.505601039033328
5m,early_hl_wide_3r,early-higher-low,W014,SERV,2026-05-26 12:05,9.195,9.02,9.72,5.7096,2026-05-26 13:20,9.02,stop,15,-0.175,-0.01903,-1.0,False,False,0.16348108268797734,0.6020727982860352,-0.4161138340953774,True,True,True,True,2.2412004809908286
5m,early_hl_wide_3r,early-higher-low,W015,SERV,2026-05-27 10:40,8.975,8.68,9.86,9.8607,2026-05-27 14:40,8.855,time_exit,48,-0.12,-0.01337,-0.41,False,False,0.5114618625818856,2.0534016424222035,0.1192783928344987,True,True,False,True,0.5245726960936239
5m,early_hl_wide_3r,early-higher-low,W016,SERV,2026-05-28 12:30,9.3201,8.96,10.4004,11.5911,2026-05-28 15:55,9.51,session_close,41,0.1899,0.02038,0.53,True,True,1.3008117137872865,1.678878614179058,3.033117469687907,True,True,True,True,1.2043419169719252
5m,early_hl_wide_3r,early-higher-low,W002,TEM,2026-05-06 10:30,50.96,49.15,56.39,10.6554,2026-05-06 14:30,53.245,time_exit,48,2.285,0.04484,1.26,True,True,1.4650202056545547,-5.879634573366809,-6.355779603131129,False,False,False,True,0.4308121920274721
5m,early_hl_wide_3r,early-higher-low,W003,TEM,2026-05-06 15:10,53.035,51.56,57.46,8.3435,2026-05-06 15:55,53.49,session_close,9,0.455,0.00858,0.31,True,False,-0.13190068819812772,0.9331588157104553,3.4550077563526127,True,True,True,True,0.8414794645659326
5m,early_hl_wide_3r,early-higher-low,W004,TEM,2026-05-08 15:00,48.7165,48.25,50.116,2.8727,2026-05-08 15:55,49.87,session_close,11,1.1535,0.02368,2.47,True,True,-0.4597982681189161,0.06162444352673102,0.020530434038135148,False,False,True,True,0.8197658054051714
5m,early_hl_wide_3r,early-higher-low,W005,TEM,2026-05-11 14:50,49.17,48.29,51.81,5.3691,2026-05-11 15:55,48.46,session_close,13,-0.71,-0.01444,-0.81,False,False,0.45167624011768215,-0.1219214787847478,0.6965788629826664,True,False,True,True,2.213984024852837
5m,early_hl_wide_3r,early-higher-low,W006,TEM,2026-05-13 13:50,45.649,45.27,46.786,2.4907,2026-05-13 15:55,45.89,session_close,25,0.241,0.00528,0.64,True,False,-0.6203065606815383,-1.1181064764177018,-1.3183501281967436,False,False,False,False,0.7370126443987859
5m,early_hl_wide_3r,early-higher-low,W007,TEM,2026-05-19 15:10,45.39,44.41,48.33,6.4772,2026-05-19 15:55,45.53,session_close,9,0.14,0.00308,0.14,True,False,-0.594204537447951,0.732677641317836,2.3114165812743392,True,True,True,True,1.6090477211665695
5m,early_hl_wide_3r,early-higher-low,W008,TEM,2026-05-20 10:55,45.355,44.51,47.89,5.5892,2026-05-20 14:55,45.25,time_exit,48,-0.105,-0.00232,-0.12,False,False,0.37619382343176966,0.6211152793343278,-0.3076909662602989,True,True,True,True,0.5976756534279243
5m,early_hl_wide_3r,early-higher-low,W009,TEM,2026-05-20 15:10,45.36,44.8,47.04,3.7037,2026-05-20 15:55,45.905,session_close,9,0.545,0.01201,0.97,True,True,-0.7768042370017159,-0.744227081903226,0.2542597382947376,False,False,True,True,1.7721702669244361
5m,early_hl_wide_3r,early-higher-low,W010,TEM,2026-05-21 12:40,45.265,44.38,47.92,5.8655,2026-05-21 15:55,46.52,session_close,39,1.255,0.02773,1.42,True,True,-1.038142886525606,-1.1137849443840442,0.27682427943571675,False,False,True,False,0.5099538382629509
5m,early_hl_wide_3r,early-higher-low,W011,TEM,2026-05-22 14:15,46.82,46.37,48.17,2.8834,2026-05-22 15:25,46.37,stop,14,-0.45,-0.00961,-1.0,False,False,-0.8312194428377051,0.33747852342520535,1.6442363790797332,False,True,True,True,0.5359305172008259
5m,early_hl_wide_3r,early-higher-low,W012,TEM,2026-05-27 12:00,46.47,45.23,50.19,8.0052,2026-05-27 15:55,47.18,session_close,47,0.71,0.01528,0.57,True,True,-1.2322031445035186,-1.0640561441586982,1.0871928283362253,False,False,False,False,0.5249113770875835
5m,early_hl_wide_3r,early-higher-low,W013,TEM,2026-05-28 10:45,51.5171,49.67,57.0584,10.7562,2026-05-28 14:45,52.02,time_exit,48,0.5029,0.00976,0.27,True,False,1.6348735048179464,5.262089867385544,10.398756974894274,True,True,True,True,1.113234124404598
5m,early_hl_wide_3r,early-higher-low,W002,RXRX,2026-05-04 10:20,3.458,3.37,3.722,7.6345,2026-05-04 14:20,3.53,time_exit,48,0.072,0.02082,0.82,True,True,1.0248927151289555,1.3215881548327424,1.1700555603874951,True,True,True,True,0.34456958116732644
5m,early_hl_wide_3r,early-higher-low,W003,RXRX,2026-05-04 14:40,3.51,3.43,3.75,6.8376,2026-05-04 15:55,3.515,session_close,15,0.005,0.00142,0.06,True,False,-0.2836876650414655,0.4687617553320589,2.3289712796879636,True,True,True,True,0.9410904322696553
5m,early_hl_wide_3r,early-higher-low,W005,RXRX,2026-05-06 15:05,3.395,3.28,3.74,10.162,2026-05-06 15:55,3.435,session_close,10,0.04,0.01178,0.35,True,True,0.7627724799014635,0.5925920274522545,1.1922492287816278,True,True,True,True,1.9988770780830076
5m,early_hl_wide_3r,early-higher-low,W006,RXRX,2026-05-08 13:55,3.2655,3.19,3.492,6.9362,2026-05-08 15:55,3.33,session_close,24,0.0645,0.01975,0.85,True,True,0.30721935826949487,1.555215927518372,1.1305627003591168,True,True,False,True,1.0751090555266256
5m,early_hl_wide_3r,early-higher-low,W007,RXRX,2026-05-13 11:20,3.1299,3.06,3.3396,6.6999,2026-05-13 15:20,3.09,time_exit,48,-0.0399,-0.01275,-0.57,False,False,0.1600036621093759,0.8051560455349493,-0.8991876829147705,True,True,False,True,1.2650317253795276
5m,early_hl_wide_3r,early-higher-low,W008,RXRX,2026-05-18 10:20,2.925,2.84,3.18,8.7179,2026-05-18 11:05,2.84,stop,9,-0.085,-0.02906,-1.0,False,False,1.0362684486156404,-0.8474608462146094,-1.6806707199696347,False,False,False,True,0.4768448865035994
5m,early_hl_wide_3r,early-higher-low,W009,RXRX,2026-05-19 14:05,2.825,2.79,2.93,3.7168,2026-05-19 15:55,2.855,session_close,22,0.03,0.01062,0.86,True,True,0.17730902692498773,0.7130117807674585,0.7130117807674585,True,True,False,True,0.5015989236587732
5m,early_hl_wide_3r,early-higher-low,W010,RXRX,2026-05-20 10:50,2.905,2.85,3.07,5.6799,2026-05-20 14:50,2.95,time_exit,48,0.045,0.01549,0.82,True,True,-0.0824797170110858,1.8423785138347082,0.9583267519873928,True,True,True,True,0.2619567968086404
5m,early_hl_wide_3r,early-higher-low,W012,RXRX,2026-05-21 11:05,3.005,2.92,3.26,8.4859,2026-05-21 15:05,3.095,time_exit,48,0.09,0.02995,1.06,True,True,2.3850144131547957,1.246636795795597,1.0084104460519328,True,True,True,True,1.2103433785075992
5m,early_hl_wide_3r,early-higher-low,W013,RXRX,2026-05-27 14:55,3.205,3.14,3.4,6.0842,2026-05-27 15:55,3.17,session_close,12,-0.035,-0.01092,-0.54,False,False,-0.6201544656725289,1.1264267651083903,0.9448810028448884,True,True,True,True,0.41063543617311127
5m,early_hl_wide_3r,early-higher-low,W014,RXRX,2026-05-28 11:10,3.2087,3.12,3.4748,8.2931,2026-05-28 15:10,3.3797,time_exit,48,0.171,0.05329,1.93,True,True,0.14665160624944829,1.5727854555013243,0.9403130287901851,True,True,True,True,0.3670316452211922
5m,early_hl_wide_3r,early-higher-low,W016,RXRX,2026-05-29 11:40,3.4822,3.38,3.7888,8.8048,2026-05-29 15:40,3.54,time_exit,48,0.0578,0.0166,0.57,True,True,-1.249611710972709,1.0144883167641616,2.2533850408257283,True,True,True,True,0.38057907344789116
5m,early_hl_wide_3r,early-higher-low,W001,SDGR,2026-05-01 15:00,12.32,12.14,12.86,4.3831,2026-05-01 15:55,12.39,session_close,11,0.07,0.00568,0.39,True,False,-0.6446408113593649,-0.9638545172488855,-0.5573015642393431,False,False,True,True,0.761601028161388
5m,early_hl_wide_3r,early-higher-low,W002,SDGR,2026-05-05 11:10,12.88,12.53,13.93,8.1522,2026-05-05 15:10,12.73,time_exit,48,-0.15,-0.01165,-0.43,False,False,-0.6551062477683445,1.1377046611665165,-0.309357779651509,True,True,False,True,0.5742971493594397
5m,early_hl_wide_3r,early-higher-low,W003,SDGR,2026-05-08 13:20,13.055,12.87,13.61,4.2513,2026-05-08 14:40,12.87,stop,16,-0.185,-0.01417,-1.0,False,False,0.07663010525422731,0.693910182998847,1.0835939821674856,True,True,True,True,0.2874143625296831
5m,early_hl_wide_3r,early-higher-low,W004,SDGR,2026-05-11 11:40,13.03,12.93,13.33,2.3024,2026-05-11 12:05,12.93,stop,5,-0.1,-0.00767,-1.0,False,False,-0.45871151599659044,-1.326254195588894,-1.5128578307516682,False,False,True,False,0.14151887013528885
5m,early_hl_wide_3r,early-higher-low,W005,SDGR,2026-05-12 11:05,12.6,12.48,12.96,2.8572,2026-05-12 15:05,12.69,time_exit,48,0.09,0.00714,0.75,True,False,-0.9889345641379665,-0.6110809700144326,-0.4737498602244039,False,False,False,False,0.4142336575073033
5m,early_hl_wide_3r,early-higher-low,W006,SDGR,2026-05-13 11:15,12.72,12.52,13.32,4.717,2026-05-13 15:15,12.82,time_exit,48,0.1,0.00786,0.5,True,False,0.30122205643912103,-0.857362878654433,0.38671566475037,True,False,True,True,0.832310938803553
5m,early_hl_wide_3r,early-higher-low,W007,SDGR,2026-05-14 12:10,13.005,12.83,13.53,4.0369,2026-05-14 12:20,12.83,stop,2,-0.175,-0.01346,-1.0,False,False,-0.03841808919723411,-0.4590624892374273,1.00931764973482,True,False,True,True,0.38761837712624625
5m,early_hl_wide_3r,early-higher-low,W008,SDGR,2026-05-19 12:20,12.1377,11.83,13.0608,7.6052,2026-05-19 15:55,12.0,session_close,43,-0.1377,-0.01134,-0.45,False,False,-0.20558897075638738,1.2938288194339398,1.2938288194339398,True,True,True,True,0.3170902531924896
5m,early_hl_wide_3r,early-higher-low,W009,SDGR,2026-05-21 11:45,12.68,12.37,13.61,7.3344,2026-05-21 15:45,13.2,time_exit,48,0.52,0.04101,1.68,True,True,-0.1574144369103081,1.5612542199516577,3.805238481397777,True,True,True,True,0.37199802641392526
5m,early_hl_wide_3r,early-higher-low,W011,SDGR,2026-05-22 14:15,13.56,13.29,14.37,5.9735,2026-05-22 15:50,13.29,stop,19,-0.27,-0.01991,-1.0,False,False,-0.1104927429774305,0.37009763055348976,1.269604719455586,True,True,True,True,0.4312236447938331
5m,early_hl_wide_3r,early-higher-low,W012,SDGR,2026-05-27 12:00,13.355,13.21,13.79,3.2572,2026-05-27 12:45,13.21,stop,9,-0.145,-0.01086,-1.0,False,False,-0.8961607732489107,-2.4443636629834065,-1.7634076206638039,False,False,True,False,0.42033384616095393
5m,early_hl_wide_3r,early-higher-low,W013,SDGR,2026-05-28 11:25,13.75,13.59,14.23,3.4909,2026-05-28 15:25,14.005,time_exit,48,0.255,0.01855,1.59,True,True,0.18202091612311566,1.6248173386161469,3.809883893480581,True,True,True,True,0.5598042986211376
5m,early_hl_wide_3r,early-higher-low,W014,SDGR,2026-05-29 13:45,15.35,15.06,16.22,5.6678,2026-05-29 15:55,15.21,end_of_data,26,-0.14,-0.00912,-0.48,False,False,0.5828023624094847,0.9861907833929706,3.853953321801118,True,True,True,True,1.4678036661518834
5m,early_hl_wide_3r,early-higher-low,W001,CRSP,2026-05-04 12:05,53.56,52.79,55.87,4.3129,2026-05-04 15:55,53.56,session_close,46,0.0,0.0,0.0,False,False,-0.37969486878974834,-1.3833978211324482,0.16835045665766213,False,False,True,True,0.5945736493786102
5m,early_hl_wide_3r,early-higher-low,W002,CRSP,2026-05-05 13:55,51.545,49.95,56.33,9.2831,2026-05-05 15:55,52.4,session_close,24,0.855,0.01659,0.54,True,True,1.38669947726493,2.4814579503074308,3.8690139424590653,True,True,False,True,0.7757983340544035
5m,early_hl_wide_3r,early-higher-low,W003,CRSP,2026-05-06 13:55,54.895,53.43,59.29,8.0062,2026-05-06 15:55,55.06,session_close,24,0.165,0.00301,0.11,True,False,0.2557066477597125,0.6971217754837555,2.1969844075400813,True,True,True,True,0.5526503567787971
5m,early_hl_wide_3r,early-higher-low,W004,CRSP,2026-05-08 10:45,53.86,52.35,58.39,8.4107,2026-05-08 14:45,54.545,time_exit,48,0.685,0.01272,0.45,True,True,1.0122731061453338,1.9198021754381234,3.396328477521182,True,True,True,True,0.6948180688894922
5m,early_hl_wide_3r,early-higher-low,W006,CRSP,2026-05-13 11:20,52.9601,52.23,55.1504,4.1357,2026-05-13 15:20,53.17,time_exit,48,0.2099,0.00396,0.29,True,False,0.10383293167508523,0.07549479110420254,0.6548998077155144,True,False,True,True,0.9745411548592453
5m,early_hl_wide_3r,early-higher-low,W007,CRSP,2026-05-18 10:20,49.69,48.4,53.56,7.7883,2026-05-18 13:45,48.4,stop,41,-1.29,-0.02596,-1.0,False,False,0.6266374589536605,2.6180179379638124,2.7347078973412486,True,True,True,True,0.21470242195548675
5m,early_hl_wide_3r,early-higher-low,W008,CRSP,2026-05-19 15:10,47.39,46.91,48.83,3.0386,2026-05-19 15:55,47.6,session_close,9,0.21,0.00443,0.44,True,False,-0.5450778450143856,-0.409362237210531,-0.1473367655172031,False,False,False,False,1.1497191266866877
5m,early_hl_wide_3r,early-higher-low,W009,CRSP,2026-05-20 15:15,48.85,47.96,51.52,5.4657,2026-05-20 15:55,48.55,session_close,8,-0.3,-0.00614,-0.34,False,False,0.0819444779855294,0.0,0.006138252181875359,True,False,True,True,1.0778765831312316
5m,early_hl_wide_3r,early-higher-low,W010,CRSP,2026-05-22 14:50,50.3001,49.89,51.5304,2.4459,2026-05-22 15:55,50.38,session_close,13,0.0799,0.00159,0.19,True,False,-0.41559289441087666,-0.7495089988105219,-0.3367042542901766,False,False,True,False,0.47593003565531095
5m,early_hl_wide_3r,early-higher-low,W011,CRSP,2026-05-26 10:55,51.17,49.94,54.86,7.2112,2026-05-26 14:55,50.7301,time_exit,48,-0.4399,-0.0086,-0.36,False,False,-0.46674031955620254,1.7495051321330113,1.8102244661339917,True,True,True,True,0.5216452576322745
5m,early_hl_wide_3r,early-higher-low,W012,CRSP,2026-05-27 14:55,53.795,53.28,55.34,2.872,2026-05-27 15:55,53.53,session_close,12,-0.265,-0.00493,-0.51,False,False,-0.06967063085232539,0.09286305436175812,0.4575997902415363,True,True,True,True,0.7596866985513274
5m,early_hl_wide_3r,early-higher-low,W001,EDIT,2026-05-04 15:35,2.99,2.96,3.08,3.01,2026-05-04 15:55,3.01,session_close,4,0.02,0.00669,0.67,True,False,0.5025160948521012,1.0101000370632773,0.6711402952518153,True,True,True,True,3.1235803471868504
5m,early_hl_wide_3r,early-higher-low,W002,EDIT,2026-05-05 15:00,2.985,2.92,3.18,6.5327,2026-05-05 15:55,3.04,session_close,11,0.055,0.01843,0.85,True,True,-0.29715951517043093,1.0524546706160542,1.1037726641941914,True,True,True,True,1.2188706125546465
5m,early_hl_wide_3r,early-higher-low,W003,EDIT,2026-05-06 11:40,3.115,3.03,3.37,8.1862,2026-05-06 15:40,3.16,time_exit,48,0.045,0.01445,0.53,True,True,-0.796181354528791,0.0,0.48387436663333006,True,True,True,True,0.14657426500286982
5m,early_hl_wide_3r,early-higher-low,W005,EDIT,2026-05-08 12:10,3.1,3.01,3.37,8.7097,2026-05-08 15:55,3.12,session_close,45,0.02,0.00645,0.22,True,False,-1.0960945768899055,-1.4331234009725913,0.32414879544906405,False,False,True,False,0.8795062570618458
5m,early_hl_wide_3r,early-higher-low,W006,EDIT,2026-05-13 11:25,2.9212,2.88,3.0448,4.2311,2026-05-13 12:50,2.88,stop,17,-0.0412,-0.0141,-1.0,False,False,-0.34071518426629366,0.6884675085537362,-0.6791165154455991,True,False,False,True,1.2886303459033577
5m,early_hl_wide_3r,early-higher-low,W007,EDIT,2026-05-19 13:45,2.5,2.45,2.65,6.0,2026-05-19 15:40,2.45,stop,23,-0.05,-0.02,-1.0,False,False,0.37265025329289436,1.0080683538369994,0.8048378345835605,True,True,True,True,0.37297963325360584
5m,early_hl_wide_3r,early-higher-low,W008,EDIT,2026-05-20 11:20,2.52,2.45,2.73,8.3333,2026-05-20 15:20,2.58,time_exit,48,0.06,0.02381,0.86,True,True,-0.3991986814183779,-0.5917200945284917,2.6476602541940286,True,True,True,True,0.5573780481612008
5m,early_hl_wide_3r,early-higher-low,W010,EDIT,2026-05-21 12:10,2.595,2.51,2.85,9.8266,2026-05-21 15:55,2.67,session_close,44,0.075,0.0289,0.88,True,True,0.3868468207228748,0.5813994320832183,1.3751121283604117,True,True,True,True,0.2829608033689666
5m,early_hl_wide_3r,early-higher-low,W011,EDIT,2026-05-22 14:30,2.775,2.71,2.97,7.027,2026-05-22 15:55,2.76,session_close,17,-0.015,-0.00541,-0.23,False,False,-1.0695176711511545,-1.595738969526117,1.4625302305616872,False,False,True,True,0.2410194154529115
5m,early_hl_wide_3r,early-higher-low,W012,EDIT,2026-05-28 14:45,3.445,3.39,3.61,4.7895,2026-05-28 15:55,3.415,session_close,14,-0.03,-0.00871,-0.55,False,False,-0.14493085135679484,0.8784764780346288,0.5839410570790848,False,False,False,False,0.9146759358514306
5m,early_hl_wide_3r,early-higher-low,W013,EDIT,2026-05-29 12:50,3.385,3.31,3.61,6.647,2026-05-29 15:55,3.44,end_of_data,37,0.055,0.01625,0.73,True,True,-0.8784764780346399,2.1116118260791517,3.675340940382732,True,True,True,True,0.3629320590396441
5m,early_hl_wide_3r,early-higher-low,W002,BEAM,2026-05-04 11:55,31.26,30.78,32.7,4.6065,2026-05-04 12:15,30.78,stop,4,-0.48,-0.01536,-1.0,False,False,-0.5563479176124764,-0.8871951331907768,-0.015979417583456,False,False,True,False,0.6620701323971068
5m,early_hl_wide_3r,early-higher-low,W003,BEAM,2026-05-08 11:20,32.27,31.42,34.82,7.9021,2026-05-08 15:20,31.89,time_exit,48,-0.38,-0.01178,-0.45,False,False,0.5141817224766809,1.6866386076354711,2.3968287876674044,True,True,True,True,0.9545459660810948
5m,early_hl_wide_3r,early-higher-low,W004,BEAM,2026-05-13 11:25,31.83,31.29,33.45,5.0895,2026-05-13 15:25,32.0,time_exit,48,0.17,0.00534,0.31,True,False,-1.224617717201515,0.5681827760158464,0.9026123215382986,True,True,True,True,0.7215071525803061
5m,early_hl_wide_3r,early-higher-low,W005,BEAM,2026-05-19 13:40,26.5,25.97,28.09,6.0,2026-05-19 15:55,26.31,session_close,27,-0.19,-0.00717,-0.36,False,False,0.22736405713805752,0.7235359192748314,0.9927461763268308,True,True,False,True,0.44790991631303523
5m,early_hl_wide_3r,early-higher-low,W006,BEAM,2026-05-20 11:20,27.28,26.38,29.98,9.8974,2026-05-20 15:20,27.22,time_exit,48,-0.06,-0.0022,-0.07,False,False,-0.03671156008026033,-0.12836914797584864,3.5952052513223087,True,True,True,True,0.9800940653358552
5m,early_hl_wide_3r,early-higher-low,W007,BEAM,2026-05-21 12:55,27.25,26.46,29.62,8.6972,2026-05-21 15:55,27.66,session_close,36,0.41,0.01505,0.52,True,True,-0.16480525834461357,0.18376018409245187,1.5270012722050863,True,True,True,True,1.0864179929069167
5m,early_hl_wide_3r,early-higher-low,W008,BEAM,2026-05-22 15:20,28.66,28.06,30.46,6.2805,2026-05-22 15:55,28.635,session_close,7,-0.025,-0.00087,-0.04,False,False,-0.4864534178486979,-1.3094454242628006,-0.13947320467817548,False,False,True,True,2.1113191999400702
5m,early_hl_wide_3r,early-higher-low,W009,BEAM,2026-05-28 13:45,32.968,32.34,34.852,5.7146,2026-05-28 15:55,32.78,session_close,26,-0.188,-0.0057,-0.3,False,False,0.3653051816016717,0.09108255994223491,1.2747685812841691,True,True,True,True,1.042277843138245
5m,early_hl_wide_3r,early-higher-low,W010,BEAM,2026-05-29 11:40,32.92,32.17,35.17,6.8347,2026-05-29 15:40,33.27,time_exit,48,0.35,0.01063,0.47,True,True,0.07596938922767027,1.776887367410973,1.2138919688081007,True,True,False,True,0.4172146586177123
5m,early_hl_wide_3r,early-higher-low,W001,NTLA,2026-05-04 12:05,13.79,13.37,15.05,9.1371,2026-05-04 15:55,13.86,session_close,46,0.07,0.00508,0.17,True,False,-1.2193476230777933,-1.2540321869696558,1.398083725165522,False,False,True,True,0.9003116187709833
5m,early_hl_wide_3r,early-higher-low,W002,NTLA,2026-05-06 11:45,13.6,13.25,14.65,7.7206,2026-05-06 15:45,13.805,time_exit,48,0.205,0.01507,0.59,True,True,-0.5120679914669912,-1.0189184278060814,1.0401214184693863,False,False,True,True,0.46424806800713964
5m,early_hl_wide_3r,early-higher-low,W003,NTLA,2026-05-08 11:45,13.885,13.71,14.41,3.7811,2026-05-08 15:45,14.015,time_exit,48,0.13,0.00936,0.74,True,False,-1.69851216683915,-2.526313380191203,-0.07193723368299487,False,False,True,False,0.7636446686554615
5m,early_hl_wide_3r,early-higher-low,W004,NTLA,2026-05-12 15:15,13.84,13.68,14.32,3.4682,2026-05-12 15:55,13.99,session_close,8,0.15,0.01084,0.94,True,True,-0.6460886619970019,-0.7173560316036998,0.654546564275571,False,False,False,False,0.17365528395849236
5m,early_hl_wide_3r,early-higher-low,W005,NTLA,2026-05-13 11:20,14.12,13.74,15.26,8.0737,2026-05-13 15:20,14.32,time_exit,48,0.2,0.01416,0.53,True,True,-0.10612198853809929,1.254931477695287,1.3275885207865157,True,True,True,True,1.0069542072016344
5m,early_hl_wide_3r,early-higher-low,W007,NTLA,2026-05-15 11:40,13.71,13.26,15.06,9.8468,2026-05-15 15:40,13.4299,time_exit,48,-0.2801,-0.02043,-0.62,False,False,-0.3592751242897707,-2.2084265054746033,-1.469975307344784,False,False,True,False,0.3818292318402688
5m,early_hl_wide_3r,early-higher-low,W008,NTLA,2026-05-19 12:25,12.19,11.83,13.27,8.8597,2026-05-19 15:55,11.925,session_close,42,-0.265,-0.02174,-0.74,False,False,0.24691923940272087,-0.08202851149898827,2.1383657053442917,True,True,False,True,0.2188426462958104
5m,early_hl_wide_3r,early-higher-low,W009,NTLA,2026-05-20 11:20,12.17,11.85,13.13,7.8883,2026-05-20 15:20,12.44,time_exit,48,0.27,0.02219,0.84,True,True,-0.16570504127136898,-0.24753696150433546,1.162918089172793,True,True,True,True,1.0932062941886198
5m,early_hl_wide_3r,early-higher-low,W011,NTLA,2026-05-21 12:55,12.11,11.81,13.01,7.4319,2026-05-21 15:55,12.39,session_close,36,0.28,0.02312,0.93,True,True,-0.2471226177683694,0.4145873575528203,1.3813308168146632,True,True,False,True,0.6078545778840361
5m,early_hl_wide_3r,early-higher-low,W012,NTLA,2026-05-22 14:15,12.64,12.55,12.91,2.1361,2026-05-22 15:00,12.55,stop,9,-0.09,-0.00712,-1.0,False,False,-0.5118077272401322,0.03958918761370889,1.0800018310546777,False,True,True,True,0.7575534201904225
5m,early_hl_wide_3r,early-higher-low,W013,NTLA,2026-05-27 14:50,13.645,13.23,14.89,9.1242,2026-05-27 15:55,13.455,session_close,13,-0.19,-0.01392,-0.46,False,False,0.36764143866252486,0.8124051476156025,1.7138564897821063,True,True,True,True,1.5067149822679926
5m,early_hl_wide_3r,early-higher-low,W014,NTLA,2026-05-28 12:45,13.63,13.34,14.5,6.383,2026-05-28 15:55,13.69,session_close,38,0.06,0.0044,0.21,True,False,-0.292718345881382,0.07345008483252702,0.9633206042486187,True,True,True,True,0.5950504403117425
5m,early_hl_wide_3r,early-higher-low,W015,NTLA,2026-05-29 14:35,14.2896,13.64,16.2384,13.6379,2026-05-29 15:55,14.065,end_of_data,16,-0.2246,-0.01572,-0.35,False,False,1.8558188767609174,1.277503926376622,2.367294744002413,True,True,True,True,1.400815711425655
5m,early_hl_wide_3r,early-higher-low,W001,PACB,2026-05-01 13:55,1.605,1.56,1.74,8.4112,2026-05-01 15:55,1.6,session_close,24,-0.005,-0.00312,-0.11,False,False,0.0,2.2292971625532454,1.9047600305720724,True,True,True,True,0.23305162553016154
5m,early_hl_wide_3r,early-higher-low,W002,PACB,2026-05-04 15:05,1.555,1.54,1.6,2.8939,2026-05-04 15:55,1.54,stop,10,-0.015,-0.00965,-1.0,False,False,-0.955420662613804,-0.32051252660429963,1.302930381851053,False,False,False,False,1.718596511306305
5m,early_hl_wide_3r,early-higher-low,W003,PACB,2026-05-05 15:30,1.545,1.5,1.68,8.7379,2026-05-05 15:55,1.575,session_close,5,0.03,0.01942,0.67,True,True,-0.6430862251169733,0.3246750230832651,2.317878598837675,True,True,True,True,0.21648770447933133
5m,early_hl_wide_3r,early-higher-low,W004,PACB,2026-05-07 12:00,1.685,1.65,1.79,6.2314,2026-05-07 13:30,1.65,stop,18,-0.035,-0.02077,-1.0,False,False,-1.1730263714014644,-2.8818484791540033,1.2012000831672864,False,False,True,False,0.479136701047321
5m,early_hl_wide_3r,early-higher-low,W005,PACB,2026-05-13 11:15,1.305,1.25,1.47,12.6437,2026-05-13 15:15,1.295,time_exit,48,-0.01,-0.00766,-0.18,False,False,2.2727213275504976,2.352938976529795,-0.7604645807912647,True,True,False,True,0.4093906889439067
5m,early_hl_wide_3r,early-higher-low,W006,PACB,2026-05-14 11:15,1.275,1.25,1.35,5.8823,2026-05-14 11:50,1.25,stop,7,-0.025,-0.01961,-1.0,False,False,0.3952565445193956,-1.167314092180416,-1.9305001534071664,False,False,False,False,0.7106459767556482
5m,early_hl_wide_3r,early-higher-low,W008,PACB,2026-05-18 14:15,1.15,1.12,1.24,7.8261,2026-05-18 15:55,1.15,session_close,20,0.0,0.0,0.0,False,False,-1.5579557964368052,1.3215846538256804,1.7699098239742916,True,True,True,True,0.4761678850480524
5m,early_hl_wide_3r,early-higher-low,W009,PACB,2026-05-19 14:00,1.175,1.13,1.31,11.4893,2026-05-19 15:55,1.16,session_close,23,-0.015,-0.01277,-0.33,False,False,0.42553152634363656,3.282267240610248,3.5087686276281227,True,True,True,True,0.17770406121474824
5m,early_hl_wide_3r,early-higher-low,W010,PACB,2026-05-20 10:50,1.155,1.13,1.23,6.4935,2026-05-20 14:50,1.175,time_exit,48,0.02,0.01732,0.8,True,True,-0.4224483876888896,0.0,0.0,True,True,True,False,0.1948935297031055
5m,early_hl_wide_3r,early-higher-low,W011,PACB,2026-05-20 15:10,1.16,1.14,1.22,5.1724,2026-05-20 15:55,1.195,session_close,9,0.035,0.03017,1.75,True,True,-0.8547000709448138,-1.2765945790308875,0.0,False,False,True,True,0.46756071936221494
5m,early_hl_wide_3r,early-higher-low,W012,PACB,2026-05-21 11:45,1.24,1.2,1.36,9.6774,2026-05-21 15:45,1.2589,time_exit,48,0.0189,0.01524,0.47,True,True,-0.4016060411629163,2.057611149904548,4.641356068608227,True,True,True,True,0.3745117465681568
5m,early_hl_wide_3r,early-higher-low,W013,PACB,2026-05-26 12:20,1.26,1.2,1.44,14.2857,2026-05-26 15:55,1.269,session_close,43,0.009,0.00714,0.15,True,False,1.59839070332235,2.4210489432796134,3.6803229047355446,True,True,True,True,0.12451194875069348
5m,early_hl_wide_3r,early-higher-low,W014,PACB,2026-05-27 10:55,1.28,1.24,1.4,9.375,2026-05-27 14:55,1.2999,time_exit,48,0.0199,0.01555,0.5,True,True,-1.1538450957754964,1.9841251069335764,2.2193923199478327,True,True,True,True,0.37865740989900076
5m,early_hl_wide_3r,early-higher-low,W015,PACB,2026-05-28 12:45,1.4197,1.39,1.5088,6.276,2026-05-28 15:55,1.47,session_close,38,0.0503,0.03543,1.69,True,True,0.0,0.21246608402700762,0.3474915747833762,True,True,True,True,1.2324934575138964
5m,early_hl_wide_3r,early-higher-low,W017,PACB,2026-05-29 11:30,1.4506,1.41,1.5724,8.3965,2026-05-29 15:30,1.475,time_exit,48,0.0244,0.01682,0.6,True,True,-0.6825931901308424,0.0,-1.0204071702683226,False,False,True,True,1.073321378657538
5m,early_hl_wide_3r,early-higher-low,W001,DNA,2026-05-01 15:10,9.51,9.35,9.99,5.0473,2026-05-01 15:55,9.69,session_close,9,0.18,0.01893,1.12,True,True,-0.7306857555499979,0.0,0.05260509606224151,True,False,True,True,1.2992294451683477
5m,early_hl_wide_3r,early-higher-low,W002,DNA,2026-05-06 13:15,10.22,10.01,10.85,6.1644,2026-05-06 15:40,10.01,stop,29,-0.21,-0.02055,-1.0,False,False,0.5905553200572289,1.5399969508951061,2.6104440550806185,True,True,True,True,0.8026383123898334
5m,early_hl_wide_3r,early-higher-low,W003,DNA,2026-05-07 14:30,10.21,9.92,11.08,8.5211,2026-05-07 15:55,10.36,session_close,17,0.15,0.01469,0.52,True,True,0.7905130890387913,3.3434643113712914,1.1904750641601236,True,True,True,True,0.480006482663217
5m,early_hl_wide_3r,early-higher-low,W004,DNA,2026-05-11 11:40,9.015,8.62,10.2,13.1448,2026-05-11 15:40,8.665,time_exit,48,-0.35,-0.03882,-0.89,False,False,2.2385970389129373,2.850626989177485,6.998815317072382,True,True,False,True,1.7589551585216325
5m,early_hl_wide_3r,early-higher-low,W005,DNA,2026-05-15 10:45,7.77,7.56,8.4,8.1081,2026-05-15 13:05,7.56,stop,28,-0.21,-0.02703,-1.0,False,False,0.6489317486042756,1.7049195336513723,-3.4246528975726442,False,False,False,True,0.5452400639435533
5m,early_hl_wide_3r,early-higher-low,W006,DNA,2026-05-19 11:20,7.23,7.12,7.56,4.5643,2026-05-19 15:20,7.31,time_exit,48,0.08,0.01106,0.73,True,True,-0.5494565595793977,-0.2754883902634897,-2.425880098719424,False,False,False,True,1.3373165154532713
5m,early_hl_wide_3r,early-higher-low,W008,DNA,2026-05-20 15:10,7.67,7.47,8.27,7.8227,2026-05-20 15:55,7.72,session_close,9,0.05,0.00652,0.25,True,False,-0.13038107930068987,-0.9055649610433925,1.255780429254294,True,False,True,True,1.2162151097573957
5m,early_hl_wide_3r,early-higher-low,W009,DNA,2026-05-21 11:05,7.86,7.57,8.73,11.0687,2026-05-21 15:05,8.03,time_exit,48,0.17,0.02163,0.59,True,True,1.2870000627804856,0.44542776523675,1.6139445041576828,True,True,True,True,0.31801833988329165
5m,early_hl_wide_3r,early-higher-low,W011,DNA,2026-05-22 13:50,8.63,8.52,8.96,3.8239,2026-05-22 15:25,8.52,stop,19,-0.11,-0.01275,-1.0,False,False,0.3480247490658339,0.8158472662781024,4.091446230387286,True,True,True,True,0.15911087634950494
5m,early_hl_wide_3r,early-higher-low,W012,DNA,2026-05-26 10:55,8.87,8.6,9.68,9.1319,2026-05-26 14:00,8.6,stop,37,-0.27,-0.03044,-1.0,False,False,0.07682653415275187,2.3094666603822533,3.9906007118081455,True,True,True,True,0.18486346830593792
5m,early_hl_wide_3r,early-higher-low,W013,DNA,2026-05-28 11:30,9.355,8.96,10.54,12.667,2026-05-28 15:30,9.57,time_exit,48,0.215,0.02298,0.54,True,True,0.48334178938180816,-0.05342002803762069,7.159221452145648,True,True,True,True,0.42548573342180823
5m,early_hl_wide_3r,early-higher-low,W015,DNA,2026-05-29 14:10,9.5422,9.46,9.7888,2.5843,2026-05-29 14:25,9.46,stop,3,-0.0822,-0.00861,-1.0,False,False,-1.0470061939792719,-0.26095635416879537,0.8975716552291013,False,False,True,True,0.3782957585021017
5m,early_hl_wide_3r,early-higher-low,W003,TMDX,2026-05-07 12:35,75.4,74.63,77.71,3.0637,2026-05-07 12:50,74.63,stop,3,-0.77,-0.01021,-1.0,False,False,-0.19984248470283905,-2.002599645647085,-1.426148258782678,False,False,True,False,0.45388674840617843
5m,early_hl_wide_3r,early-higher-low,W004,TMDX,2026-05-08 15:05,69.02,67.96,72.2,4.6073,2026-05-08 15:15,67.96,stop,2,-1.06,-0.01536,-1.0,False,False,-0.17362170058380366,0.7545355851174218,0.6193122794285078,True,True,False,True,1.468699473959875
5m,early_hl_wide_3r,early-higher-low,W005,TMDX,2026-05-12 14:50,64.25,63.2,67.4,4.9027,2026-05-12 15:55,63.93,session_close,13,-0.32,-0.00498,-0.3,False,False,-0.9870441483576076,-0.1399968362162829,0.5875380819744258,True,True,True,False,0.793436831830436
5m,early_hl_wide_3r,early-higher-low,W006,TMDX,2026-05-15 15:35,62.98,62.18,65.38,3.8107,2026-05-15 15:55,63.3,session_close,4,0.32,0.00508,0.4,True,False,-0.06347336597395392,0.3505437007439216,0.20684339104442007,True,False,True,True,1.607828276195872
5m,early_hl_wide_3r,early-higher-low,W007,TMDX,2026-05-18 14:55,67.4878,66.96,69.0712,2.3462,2026-05-18 15:55,68.34,session_close,12,0.8522,0.01263,1.61,True,True,-0.11815983052601009,0.0888176290063436,0.47548243731596607,False,True,True,True,1.2707427455852338
5m,early_hl_wide_3r,early-higher-low,W008,TMDX,2026-05-20 10:45,68.235,66.85,72.39,6.0893,2026-05-20 14:45,69.095,time_exit,48,0.86,0.0126,0.62,True,True,1.8618833237497467,3.221478888594964,3.182571992703931,True,True,True,True,0.18836129418813663
5m,early_hl_wide_3r,early-higher-low,W010,TMDX,2026-05-21 10:35,67.2955,65.17,73.672,9.4754,2026-05-21 14:35,68.53,time_exit,48,1.2345,0.01834,0.58,True,True,0.397092061474158,1.9504479779925754,-2.4177156620593943,False,False,False,True,0.22380722194270983
5m,early_hl_wide_3r,early-higher-low,W011,TMDX,2026-05-22 15:25,68.55,67.66,71.22,3.895,2026-05-22 15:55,68.99,session_close,6,0.44,0.00642,0.49,True,False,-0.4210234133146029,-1.0245406675334578,-0.1601173438689263,False,False,True,True,0.47468432262793114
5m,early_hl_wide_3r,early-higher-low,W012,TMDX,2026-05-28 10:55,69.495,68.24,73.26,5.4177,2026-05-28 11:15,68.24,stop,4,-1.255,-0.01806,-1.0,False,False,-0.05755527414006423,0.5209849758338159,-1.3492465959747624,True,False,True,True,0.2064122311134231
5m,early_hl_wide_3r,early-higher-low,W013,TMDX,2026-05-29 14:25,67.25,66.76,68.72,2.1859,2026-05-29 15:25,66.76,stop,12,-0.49,-0.00729,-1.0,False,False,-1.0303275720963123,-0.4294401314519969,-0.5251917309306298,False,False,True,False,0.756358805457917
5m,early_hl_wide_3r,early-higher-low,W002,GH,2026-05-06 15:10,92.14,90.1,98.26,6.6421,2026-05-06 15:55,92.21,session_close,9,0.07,0.00076,0.03,True,False,-0.38351790371128347,-0.22722255857308138,0.8531103321594458,True,False,True,True,1.7305421175564906
5m,early_hl_wide_3r,early-higher-low,W003,GH,2026-05-07 15:35,90.815,88.45,97.91,7.8126,2026-05-07 15:55,92.3,session_close,4,1.485,0.01635,0.63,True,True,-0.8461556146648452,-0.11548144484559986,1.6965278139692064,True,False,True,True,1.4043613443302172
5m,early_hl_wide_3r,early-higher-low,W004,GH,2026-05-13 11:45,97.505,95.68,102.98,5.6151,2026-05-13 15:45,97.58,time_exit,48,0.075,0.00077,0.04,True,False,-0.6469710915521842,-0.21488778485708737,1.1146795116428354,False,False,True,True,0.613401794127904
5m,early_hl_wide_3r,early-higher-low,W005,GH,2026-05-14 13:10,99.06,96.72,106.08,7.0866,2026-05-14 15:55,98.67,session_close,33,-0.39,-0.00394,-0.17,False,False,-0.37223615784924835,0.020196588864695997,0.9480125582480126,True,True,True,True,0.16394295149316795
5m,early_hl_wide_3r,early-higher-low,W006,GH,2026-05-18 15:35,95.06,93.76,98.96,4.1027,2026-05-18 15:55,95.64,session_close,4,0.58,0.0061,0.45,True,False,-0.15755661900488382,-0.010513893427999133,0.5447711109095144,True,False,True,True,1.1903079194893098
5m,early_hl_wide_3r,early-higher-low,W007,GH,2026-05-19 12:45,95.4,94.2,99.0,3.7736,2026-05-19 15:50,99.0,target,37,3.6,0.03774,3.0,True,True,0.21012195489482632,-0.4695538712798708,1.1023381229223306,True,True,True,True,1.2454530208134538
5m,early_hl_wide_3r,early-higher-low,W009,GH,2026-05-20 11:35,108.66,105.49,118.17,8.7521,2026-05-20 15:35,113.17,time_exit,48,4.51,0.04151,1.42,True,True,0.5187635051595141,1.5108335692799013,3.3428591773623673,True,True,True,True,0.4600547205446202
5m,early_hl_wide_3r,early-higher-low,W010,GH,2026-05-21 12:40,117.77,114.09,128.81,9.3742,2026-05-21 15:55,118.01,session_close,39,0.24,0.00204,0.07,True,False,-0.9554694229168104,-1.696117993655033,0.48253690244877134,False,False,True,True,0.510386084802645
5m,early_hl_wide_3r,early-higher-low,W011,GH,2026-05-26 14:55,118.92,117.84,122.16,2.7245,2026-05-26 15:55,119.84,session_close,12,0.92,0.00774,0.85,True,False,0.26144687475044837,0.6647157158225392,-0.763805609176571,True,True,False,True,1.4007242932785315
5m,early_hl_wide_3r,early-higher-low,W012,GH,2026-05-27 15:00,125.795,123.23,133.49,6.1171,2026-05-27 15:55,127.54,session_close,11,1.745,0.01387,0.68,True,True,-1.0398201567588305,-1.4396666386734647,-0.691699604743079,False,False,True,True,0.7955230151706135
5m,early_hl_wide_3r,early-higher-low,W013,GH,2026-05-28 11:10,129.72,125.91,141.15,8.8113,2026-05-28 15:10,131.995,time_exit,48,2.275,0.01754,0.6,True,True,0.1694728779922272,1.6692745197492975,2.8635863784876037,True,True,True,True,1.7343306267749292
5m,early_hl_wide_3r,early-higher-low,W001,CELH,2026-05-04 11:55,33.98,33.13,36.53,7.5044,2026-05-04 15:55,33.57,time_exit,48,-0.41,-0.01207,-0.48,False,False,-0.3957265999951054,0.029432797097195262,1.630022869927794,True,True,True,True,0.7076790621140253
5m,early_hl_wide_3r,early-higher-low,W002,CELH,2026-05-05 12:50,33.62,33.08,35.24,4.8186,2026-05-05 15:55,33.53,session_close,37,-0.09,-0.00268,-0.17,False,False,-0.7667772116662364,-1.1604392450867418,0.23871557876646854,False,False,True,True,0.7302301324823103
5m,early_hl_wide_3r,early-higher-low,W003,CELH,2026-05-07 13:00,34.93,33.87,38.11,9.1039,2026-05-07 15:55,34.26,session_close,35,-0.67,-0.01918,-0.63,False,False,-1.0487498432168008,-0.8801855836075068,1.2911640587670359,False,False,True,True,0.39620766958788806
5m,early_hl_wide_3r,early-higher-low,W004,CELH,2026-05-12 15:40,29.7,29.34,30.78,3.6364,2026-05-12 15:55,29.605,session_close,3,-0.095,-0.0032,-0.26,False,False,-0.6023098671480986,-1.3122938629822944,-0.2853339684759426,False,False,True,True,1.205281534695188
5m,early_hl_wide_3r,early-higher-low,W005,CELH,2026-05-14 11:20,29.44,29.18,30.22,2.6495,2026-05-14 12:35,29.18,stop,15,-0.26,-0.00883,-1.0,False,False,-0.7421472497647685,0.17064143561504874,4.830157251731948,True,True,True,True,0.42112297165409657
5m,early_hl_wide_3r,early-higher-low,W006,CELH,2026-05-21 12:35,28.985,28.24,31.22,7.7109,2026-05-21 15:55,29.69,session_close,40,0.705,0.02432,0.95,True,True,-0.1893949843037923,-0.08617586464336746,0.1824995442950117,False,False,True,True,0.5471210831952468
5m,early_hl_wide_3r,early-higher-low,W008,CELH,2026-05-26 11:20,29.77,28.98,32.14,7.961,2026-05-26 15:20,29.825,time_exit,48,0.055,0.00185,0.07,True,False,-2.118732050642469,-0.46806884106537217,-0.9976695713508232,False,False,True,True,0.3196722453700478
5m,early_hl_wide_3r,early-higher-low,W009,CELH,2026-05-28 11:05,32.815,31.75,36.01,9.7364,2026-05-28 15:05,33.095,time_exit,48,0.28,0.00853,0.26,True,False,0.4300737274251176,1.2967026599475906,3.894874770603285,True,True,True,True,0.6706872300597138
5m,early_hl_wide_3r,early-higher-low,W001,ELF,2026-05-04 15:10,62.22,61.06,65.7,5.5931,2026-05-04 15:55,61.86,session_close,9,-0.36,-0.00579,-0.31,False,False,0.30614129988255634,-0.1205553371471102,0.2818922718885286,True,False,True,True,2.5246706250584916
5m,early_hl_wide_3r,early-higher-low,W002,ELF,2026-05-06 10:50,61.43,59.7,66.62,8.4486,2026-05-06 14:50,61.1,time_exit,48,-0.33,-0.00537,-0.19,False,False,0.032552829119025795,1.6035665053571346,3.320162148199435,True,True,True,True,0.3450602149867476
5m,early_hl_wide_3r,early-higher-low,W003,ELF,2026-05-12 13:35,54.865,53.7,58.36,6.3702,2026-05-12 15:55,55.67,session_close,28,0.805,0.01467,0.69,True,True,-0.6698094412373345,-0.8313805963254817,0.5313248279612104,False,False,False,True,1.126738653807208
5m,early_hl_wide_3r,early-higher-low,W004,ELF,2026-05-14 11:50,56.22,55.39,58.71,4.429,2026-05-14 15:50,55.75,time_exit,48,-0.47,-0.00836,-0.57,False,False,0.37473069422180316,-0.7060927009793216,3.116408408278204,True,True,True,True,0.2918416794520318
5m,early_hl_wide_3r,early-higher-low,W005,ELF,2026-05-20 14:40,52.48,51.86,54.34,3.5442,2026-05-20 15:35,51.86,stop,11,-0.62,-0.01181,-1.0,False,False,-0.3701940154695271,-0.03809611002604241,0.8067578906380657,False,True,True,True,0.8092223746262346
5m,early_hl_wide_3r,early-higher-low,W006,ELF,2026-05-21 13:50,52.36,51.14,56.02,6.9901,2026-05-21 15:55,53.19,session_close,25,0.83,0.01585,0.68,True,True,0.857748044839024,2.057734144248524,0.9940153947070263,True,True,True,True,2.228300696437327
5m,early_hl_wide_3r,early-higher-low,W007,ELF,2026-05-22 14:00,53.3,52.29,56.33,5.6848,2026-05-22 15:55,52.93,session_close,23,-0.37,-0.00694,-0.37,False,False,0.348598783408427,1.1010950915147255,0.5380400997625712,True,True,True,False,0.3713268750713127
5m,early_hl_wide_3r,early-higher-low,W008,ELF,2026-05-26 14:45,52.85,51.56,56.72,7.3226,2026-05-26 15:55,54.13,session_close,14,1.28,0.02422,0.99,True,True,-0.510449994259643,-1.8588964320328083,-2.3123297274539434,False,False,True,False,0.5643676484817595
5m,early_hl_wide_3r,early-higher-low,W009,ELF,2026-05-27 11:05,58.985,57.1,64.64,9.5872,2026-05-27 15:05,57.65,time_exit,48,-1.335,-0.02263,-0.71,False,False,-0.278953358023426,-0.33792474157093855,10.56232857994155,True,True,True,True,0.37312840573236394
5m,early_hl_wide_3r,early-higher-low,W010,ELF,2026-05-28 11:00,56.64,55.89,58.89,3.9725,2026-05-28 15:00,56.46,time_exit,48,-0.18,-0.00318,-0.24,False,False,-0.0262790712225347,-0.22880798479303355,-1.3058239437054753,False,False,False,True,0.4724098021094563
5m,early_hl_wide_3r,early-higher-low,W011,ELF,2026-05-29 12:05,56.68,56.16,58.24,2.7523,2026-05-29 13:05,56.16,stop,12,-0.52,-0.00917,-1.0,False,False,-0.1555972596813171,-0.6313584837976727,-0.3780222463083738,False,False,True,False,0.8630992295885674
5m,early_hl_wide_3r,early-higher-low,W001,CAVA,2026-05-05 10:45,89.76,88.69,92.97,3.5762,2026-05-05 14:45,89.65,time_exit,48,-0.11,-0.00123,-0.1,False,False,-0.5105428327002448,0.16761820254733717,0.369501556461449,False,True,False,False,0.7002066317255079
5m,early_hl_wide_3r,early-higher-low,W003,CAVA,2026-05-14 10:55,74.855,72.83,80.93,8.1157,2026-05-14 14:55,76.14,time_exit,48,1.285,0.01717,0.63,True,True,0.746921879949336,1.4088335408111163,2.857930566009248,True,True,True,True,0.2587158744666519
5m,early_hl_wide_3r,early-higher-low,W004,CAVA,2026-05-15 11:50,76.12,75.13,79.09,3.9017,2026-05-15 15:50,76.76,time_exit,48,0.64,0.00841,0.65,True,False,-0.6141398513000773,-1.2592512476630513,0.5286728484321879,False,False,True,False,0.940534280529055
5m,early_hl_wide_3r,early-higher-low,W005,CAVA,2026-05-18 15:40,79.47,78.51,82.35,3.624,2026-05-18 15:55,79.9,session_close,3,0.43,0.00541,0.45,True,False,0.006298223171397055,-0.15076658211928828,0.7352032393738162,True,False,True,False,1.324143075835166
5m,early_hl_wide_3r,early-higher-low,W006,CAVA,2026-05-21 15:35,80.835,78.69,87.27,7.9607,2026-05-21 15:55,81.28,session_close,4,0.445,0.00551,0.21,True,False,-1.1800720871643966,-0.7553030029033403,0.31032771546222193,False,False,True,True,1.9055051039333948
5m,early_hl_wide_3r,early-higher-low,W007,CAVA,2026-05-29 11:10,79.56,78.6,82.44,3.6199,2026-05-29 12:45,78.6,stop,19,-0.96,-0.01207,-1.0,False,False,0.5112329879528366,-0.8097184846136196,1.3750103204938302,True,True,True,True,1.3855817159898745
5m,early_hl_wide_3r,early-higher-low,W002,HIMS,2026-05-04 15:35,27.34,26.93,28.57,4.4989,2026-05-04 15:55,27.26,session_close,4,-0.08,-0.00293,-0.2,False,False,-0.9423712484374569,-0.3285886526801063,0.6629845587655891,False,False,True,False,0.9440274547043499
5m,early_hl_wide_3r,early-higher-low,W003,HIMS,2026-05-05 14:45,26.33,26.08,27.08,2.8485,2026-05-05 15:55,26.3,session_close,14,-0.03,-0.00114,-0.12,False,False,-0.8469805268073172,0.15209474025754677,0.3046455560120842,False,False,False,False,0.543409936739894
5m,early_hl_wide_3r,early-higher-low,W004,HIMS,2026-05-06 15:10,26.8499,26.2,28.7996,7.2615,2026-05-06 15:55,26.88,session_close,9,0.0301,0.00112,0.05,True,False,-0.6850563661973896,0.5247353375077646,0.3179318591066238,True,True,True,True,0.9492584960351971
5m,early_hl_wide_3r,early-higher-low,W005,HIMS,2026-05-08 11:25,26.35,25.84,27.88,5.8065,2026-05-08 15:25,27.66,time_exit,48,1.31,0.04972,2.57,True,True,-1.1811043612917405,0.24723706521667665,2.929115459513487,True,True,True,True,0.4803678223173306
5m,early_hl_wide_3r,early-higher-low,W007,HIMS,2026-05-11 12:55,29.32,28.55,31.63,7.8786,2026-05-11 15:55,29.15,session_close,36,-0.17,-0.0058,-0.22,False,False,-0.730179524768948,-1.7423305826057,-0.11920928707258582,False,False,True,True,0.6599407378503448
5m,early_hl_wide_3r,early-higher-low,W008,HIMS,2026-05-13 13:25,24.265,23.6,26.26,8.2217,2026-05-13 15:55,24.14,session_close,30,-0.125,-0.00515,-0.19,False,False,-0.07866926236999028,1.599798832953181,2.3412795062731195,True,True,False,True,0.7731845398755768
5m,early_hl_wide_3r,early-higher-low,W009,HIMS,2026-05-14 11:45,23.95,23.26,26.02,8.643,2026-05-14 15:45,24.42,time_exit,48,0.47,0.01962,0.68,True,True,-0.7252351560172676,-1.0532803403951907,1.806201549759212,False,False,False,True,0.4622477126793147
5m,early_hl_wide_3r,early-higher-low,W011,HIMS,2026-05-15 11:30,25.01,24.41,26.81,7.1971,2026-05-15 15:30,24.785,time_exit,48,-0.225,-0.009,-0.38,False,False,-0.7930168954640382,1.5010176266098352,3.1752596196439997,True,True,True,True,0.5084997850270593
5m,early_hl_wide_3r,early-higher-low,W012,HIMS,2026-05-19 14:05,22.5101,22.07,23.8304,5.8654,2026-05-19 15:55,22.435,session_close,22,-0.0751,-0.00334,-0.17,False,False,-0.2438497203795631,0.87424206301836,1.7869281426988515,True,True,True,True,0.7151452834800949
5m,early_hl_wide_3r,early-higher-low,W013,HIMS,2026-05-20 15:10,22.94,22.34,24.74,7.8466,2026-05-20 15:55,23.025,session_close,9,0.085,0.00371,0.14,True,False,-0.2391837493736504,-1.3757510390171035,1.6393480028191965,False,False,True,True,1.344012166220071
5m,early_hl_wide_3r,early-higher-low,W014,HIMS,2026-05-21 10:30,23.0,22.49,24.53,6.6522,2026-05-21 14:30,23.91,time_exit,48,0.91,0.03957,1.78,True,True,1.3895038950044292,-0.17371990810600701,0.8976984467674143,True,True,True,True,0.7078122346516917
5m,early_hl_wide_3r,early-higher-low,W016,HIMS,2026-05-26 11:30,23.92,23.42,25.42,6.2709,2026-05-26 14:50,23.42,stop,40,-0.5,-0.0209,-1.0,False,False,-1.071989902810433,-1.3576718575034175,0.8048094778182913,False,False,True,False,0.2728461792651906
5m,early_hl_wide_3r,early-higher-low,W017,HIMS,2026-05-27 12:20,25.03,24.59,26.35,5.2737,2026-05-27 15:55,25.19,session_close,43,0.16,0.00639,0.36,True,False,-0.1197078209744018,-1.028075205494372,-1.4954709289591084,False,False,True,False,0.513809770040206
5m,early_hl_wide_3r,early-higher-low,W018,HIMS,2026-05-28 13:05,25.6101,25.18,26.9004,5.0382,2026-05-28 15:55,25.375,session_close,34,-0.2351,-0.00918,-0.55,False,False,0.19162323753614263,-0.15627473848287554,0.293206785039013,True,True,True,True,0.3633572820833313
5m,early_hl_wide_3r,early-higher-low,W019,HIMS,2026-05-29 14:10,26.19,25.59,27.99,6.8729,2026-05-29 15:55,26.16,end_of_data,21,-0.03,-0.00115,-0.05,False,False,-0.9080581473590255,0.11468152454319203,0.3736700003691418,True,True,True,True,0.3754508354019665
5m,early_hl_wide_3r,early-higher-low,W002,DDOG,2026-05-04 14:55,145.375,144.19,148.93,2.4454,2026-05-04 15:55,146.73,session_close,12,1.355,0.00932,1.14,True,False,-0.29146730078655203,-0.061861658326667346,0.1722474859110701,False,True,True,True,0.542005070173675
5m,early_hl_wide_3r,early-higher-low,W003,DDOG,2026-05-06 11:10,143.46,141.51,149.31,4.0778,2026-05-06 13:55,141.51,stop,33,-1.95,-0.01359,-1.0,False,False,-0.8500903357418599,-0.23296460888336812,-1.4257717360283584,False,False,False,True,0.49054102357541846
5m,early_hl_wide_3r,early-higher-low,W004,DDOG,2026-05-08 14:05,195.585,189.82,212.88,8.8427,2026-05-08 15:55,200.14,session_close,22,4.555,0.02329,0.79,True,True,0.3769330643126567,2.3424814261642,2.4630294366632777,True,True,True,True,0.8171963751463382
5m,early_hl_wide_3r,early-higher-low,W005,DDOG,2026-05-13 12:15,202.69,199.53,212.17,4.6771,2026-05-13 15:55,205.29,session_close,44,2.6,0.01283,0.82,True,True,-0.4620311897302942,-0.01975242869367566,0.38665483359767716,True,True,True,True,1.3056733847261772
5m,early_hl_wide_3r,early-higher-low,W006,DDOG,2026-05-14 13:40,202.74,198.79,214.59,5.8449,2026-05-14 15:55,202.79,session_close,27,0.05,0.00025,0.01,True,False,-0.37349838942082325,-0.9091800731762523,-0.6006551077605837,False,False,True,False,0.955571090972255
5m,early_hl_wide_3r,early-higher-low,W007,DDOG,2026-05-15 14:45,209.13,204.17,224.01,7.1152,2026-05-15 15:55,208.07,session_close,14,-1.06,-0.00507,-0.21,False,False,-0.27888006004297416,-0.5727467249158624,1.378792900647463,True,False,True,True,0.3402165070536568
5m,early_hl_wide_3r,early-higher-low,W008,DDOG,2026-05-18 10:50,207.86,202.22,224.78,8.1401,2026-05-18 14:50,206.93,time_exit,48,-0.93,-0.00447,-0.16,False,False,-1.2249712786205569,0.7203495776464841,-0.22824761045721065,False,True,True,True,0.5668577579217358
5m,early_hl_wide_3r,early-higher-low,W009,DDOG,2026-05-21 15:10,217.3,213.85,227.65,4.763,2026-05-21 15:55,218.01,session_close,9,0.71,0.00327,0.21,True,False,-0.1378310423184037,-0.5490469260828079,0.6482653514357839,False,False,True,True,0.6951230940173229
5m,early_hl_wide_3r,early-higher-low,W010,DDOG,2026-05-26 12:10,224.745,219.55,240.33,6.9345,2026-05-26 15:55,223.63,session_close,45,-1.115,-0.00496,-0.21,False,False,-0.4122216676905377,0.055666888577676765,1.225021840893814,True,True,True,True,0.7075326849338148
5m,early_hl_wide_3r,early-higher-low,W011,DDOG,2026-05-27 10:40,226.08,218.74,248.1,9.7399,2026-05-27 14:40,221.195,time_exit,48,-4.885,-0.02161,-0.67,False,False,0.7015800981260645,2.0171485097410624,0.8655701597921173,True,True,True,True,0.32260526355083124
5m,early_hl_wide_3r,early-higher-low,W012,DDOG,2026-05-29 11:00,238.77,234.07,252.87,5.9053,2026-05-29 15:00,242.49,time_exit,48,3.72,0.01558,0.79,True,True,0.39934295291084165,1.1155540680381604,4.754384358723973,True,True,True,True,0.44549008572277
5m,early_hl_wide_3r,early-higher-low,W002,NET,2026-05-04 11:20,221.805,216.39,238.05,7.324,2026-05-04 15:20,222.815,time_exit,48,1.01,0.00455,0.19,True,False,-0.8957512554662816,0.37556643939125056,2.6468007979955965,True,True,True,True,0.7869603800742401
5m,early_hl_wide_3r,early-higher-low,W003,NET,2026-05-05 10:55,237.31,232.02,253.18,6.6875,2026-05-05 14:55,246.735,time_exit,48,9.425,0.03972,1.78,True,True,-0.037878885170283816,1.0593449062098914,6.608617320819232,True,True,True,True,0.3616338125806726
5m,early_hl_wide_3r,early-higher-low,W005,NET,2026-05-07 12:35,254.35,247.38,275.26,8.221,2026-05-07 15:55,257.05,session_close,40,2.7,0.01062,0.39,True,True,0.11215759372900092,-0.15894771367590543,-0.9625540303151991,True,False,True,True,0.500776410346585
5m,early_hl_wide_3r,early-higher-low,W006,NET,2026-05-08 14:05,198.685,193.03,215.65,8.5386,2026-05-08 15:55,195.807,session_close,22,-2.878,-0.01449,-0.51,False,False,-0.6425982168651201,2.2726067787288695,2.4624794009105777,True,True,False,False,1.02239334490928
5m,early_hl_wide_3r,early-higher-low,W007,NET,2026-05-13 12:15,191.0,187.25,202.25,5.8901,2026-05-13 15:55,192.69,session_close,44,1.69,0.00885,0.45,True,False,-0.3859421466379742,0.9460352109387893,1.063545398388066,True,True,True,True,1.1791002871475273
5m,early_hl_wide_3r,early-higher-low,W008,NET,2026-05-14 11:55,199.855,196.51,209.89,5.0211,2026-05-14 15:55,199.76,time_exit,48,-0.095,-0.00048,-0.03,False,False,-0.4799114393050474,0.8423422892829491,3.934577486676716,True,True,True,True,0.5075463667363004
5m,early_hl_wide_3r,early-higher-low,W009,NET,2026-05-15 11:05,198.55,193.05,215.05,8.3103,2026-05-15 15:05,199.015,time_exit,48,0.465,0.00234,0.08,True,False,-0.253693523199372,0.2879115751690531,-1.1549719330038344,False,False,True,True,0.29676119818762337
5m,early_hl_wide_3r,early-higher-low,W011,NET,2026-05-18 10:50,199.36,193.03,218.35,9.5255,2026-05-18 14:50,199.87,time_exit,48,0.51,0.00256,0.08,True,False,-1.4410684712892752,1.5458685039493325,0.2136337823173573,False,True,True,True,0.5376205081988579
5m,early_hl_wide_3r,early-higher-low,W012,NET,2026-05-20 10:35,207.85,201.41,227.17,9.2952,2026-05-20 14:35,208.0,time_exit,48,0.15,0.00072,0.02,True,False,-0.0985041086148275,0.8464144897551318,1.4343574298175232,True,True,True,True,0.6439211228518822
5m,early_hl_wide_3r,early-higher-low,W013,NET,2026-05-21 11:50,210.8,207.49,220.73,4.7106,2026-05-21 15:50,211.905,time_exit,48,1.105,0.00524,0.33,True,False,-0.7182597506907085,-0.23427286332352582,0.7720649917352551,True,False,True,True,0.5057322400882865
5m,early_hl_wide_3r,early-higher-low,W014,NET,2026-05-22 15:10,215.0,213.4,219.8,2.2326,2026-05-22 15:55,216.32,session_close,9,1.32,0.00614,0.83,True,False,-0.3685666111233554,-0.6633066390333675,-0.44933467085263024,False,False,True,True,0.8188129806245396
5m,early_hl_wide_3r,early-higher-low,W015,NET,2026-05-26 15:05,218.8,216.91,224.47,2.5914,2026-05-26 15:55,217.55,session_close,10,-1.25,-0.00571,-0.66,False,False,-0.15961606414814922,-0.5360991919032498,-0.7266541376221625,False,False,True,True,2.1442542852352657
5m,early_hl_wide_3r,early-higher-low,W016,NET,2026-05-27 10:40,214.8,206.96,238.32,10.9497,2026-05-27 14:40,212.91,time_exit,48,-1.89,-0.0088,-0.24,False,False,0.6445715135899865,2.5531411821694716,-1.965750080265416,True,False,False,True,0.6181043208207863
5m,early_hl_wide_3r,early-higher-low,W017,NET,2026-05-28 10:50,224.255,219.85,237.47,5.8929,2026-05-28 14:50,226.23,time_exit,48,1.975,0.00881,0.45,True,False,0.6237376493509306,3.084635108500655,5.968529297473402,True,True,True,True,1.2644102862866424
5m,early_hl_wide_3r,early-higher-low,W018,NET,2026-05-29 11:00,233.9,227.4,253.4,8.3369,2026-05-29 15:00,237.12,time_exit,48,3.22,0.01377,0.5,True,True,-0.19009689309819056,1.1559434662449464,3.1339619285304154,True,True,True,True,0.38196945361059464
5m,early_hl_wide_3r,early-higher-low,W001,CRWD,2026-05-04 10:55,470.525,459.69,503.03,6.9082,2026-05-04 14:55,468.1166,time_exit,48,-2.4084,-0.00512,-0.22,False,False,0.40126460490410576,0.7593327321616883,3.0866816518676066,True,True,True,True,0.6286970532537095
5m,early_hl_wide_3r,early-higher-low,W002,CRWD,2026-05-05 12:30,478.785,464.27,522.33,9.0949,2026-05-05 15:55,476.42,session_close,41,-2.365,-0.00494,-0.16,False,False,0.21548091617089593,0.22019660246754835,1.0867717235205854,True,True,True,True,0.9507236590069412
5m,early_hl_wide_3r,early-higher-low,W003,CRWD,2026-05-06 11:35,468.2,455.17,507.29,8.349,2026-05-06 15:35,468.035,time_exit,48,-0.165,-0.00035,-0.01,False,False,-0.05015803036579891,-1.0324659961924332,0.5162603301034352,False,False,False,True,0.673835431943049
5m,early_hl_wide_3r,early-higher-low,W004,CRWD,2026-05-07 12:30,500.49,488.88,535.32,6.9592,2026-05-07 15:55,505.7,session_close,41,5.21,0.01041,0.45,True,True,-0.597326903867279,-0.4934807717030809,0.21747287552329464,True,False,True,True,0.46908444808134536
5m,early_hl_wide_3r,early-higher-low,W005,CRWD,2026-05-12 10:45,547.2,532.52,591.24,8.0483,2026-05-12 14:45,548.64,time_exit,48,1.44,0.00263,0.1,True,False,0.11709869937359674,1.2395952279428801,1.4347662327362176,True,True,True,True,0.6107323073787571
5m,early_hl_wide_3r,early-higher-low,W007,CRWD,2026-05-14 13:40,579.0565,564.05,624.0761,7.7746,2026-05-14 15:55,579.79,session_close,27,0.7335,0.00127,0.05,True,False,0.0025928900215133055,-0.29699481640955705,-0.06128373304519208,True,False,True,True,1.0262416298249697
5m,early_hl_wide_3r,early-higher-low,W008,CRWD,2026-05-15 14:45,595.085,580.7,638.2401,7.2519,2026-05-15 15:55,594.33,session_close,14,-0.755,-0.00127,-0.05,False,False,-0.23556728275390126,-0.16023911235294452,1.0280385453573349,True,True,True,True,0.9397010881649659
5m,early_hl_wide_3r,early-higher-low,W009,CRWD,2026-05-18 10:50,603.48,593.23,634.2299,5.0954,2026-05-18 14:50,609.765,time_exit,48,6.285,0.01041,0.61,True,True,-1.347221424377043,-0.020699476549856932,1.8858192093363257,False,True,True,False,0.41865233948600383
5m,early_hl_wide_3r,early-higher-low,W010,CRWD,2026-05-18 15:10,615.83,602.81,654.8901,6.3427,2026-05-18 15:55,619.09,session_close,9,3.26,0.00529,0.25,True,False,0.20530015489248488,0.17428958255896188,0.314812399763853,True,True,True,True,1.1247166143968308
5m,early_hl_wide_3r,early-higher-low,W011,CRWD,2026-05-22 13:30,667.692,661.18,687.2281,2.9259,2026-05-22 15:45,661.18,stop,27,-6.512,-0.00975,-1.0,False,False,-0.44983097872796085,-0.5292249301947716,-0.49956552989651737,False,False,True,False,0.6751209002236508
5m,early_hl_wide_3r,early-higher-low,W012,CRWD,2026-05-28 15:15,672.27,656.63,719.1901,6.9793,2026-05-28 15:55,671.0,session_close,8,-1.27,-0.00189,-0.08,False,False,-0.15891039913603633,-0.6142541060281559,-0.1610371349856643,False,False,True,True,0.8723062587974069
5m,early_hl_wide_3r,early-higher-low,W013,CRWD,2026-05-29 11:00,715.285,701.04,758.0199,5.9745,2026-05-29 15:00,726.0551,time_exit,48,10.7701,0.01506,0.76,True,True,0.48602464795193256,-0.020967772755065006,6.6270118747851825,True,True,True,True,0.42629105351379293
5m,early_hl_wide_3r,early-higher-low,W001,SNOW,2026-05-04 10:15,145.135,140.79,158.17,8.9813,2026-05-04 14:15,145.345,time_exit,48,0.21,0.00145,0.05,True,False,2.2350688345342817,2.5604717726442683,3.048818905151851,True,True,True,True,0.7008752632919188
5m,early_hl_wide_3r,early-higher-low,W003,SNOW,2026-05-06 11:00,138.73,135.52,148.36,6.9415,2026-05-06 15:00,138.89,time_exit,48,0.16,0.00115,0.05,True,False,-0.9195979045138691,0.8212841869967402,-1.9022716722600808,False,False,False,True,0.8300299714741494
5m,early_hl_wide_3r,early-higher-low,W004,SNOW,2026-05-08 14:10,151.74,149.32,159.0,4.7845,2026-05-08 15:55,152.4,session_close,21,0.66,0.00435,0.27,True,False,0.23787539253523615,0.8073870039955633,3.348430128085056,True,True,True,True,0.9920026780483723
5m,early_hl_wide_3r,early-higher-low,W005,SNOW,2026-05-15 11:30,157.47,154.07,167.67,6.4774,2026-05-15 15:30,157.455,time_exit,48,-0.015,-0.0001,-0.0,False,False,0.10848579161200078,0.6811438524561675,4.396846725917469,True,True,True,True,0.5225813775438352
5m,early_hl_wide_3r,early-higher-low,W006,SNOW,2026-05-18 14:35,164.345,161.67,172.37,4.883,2026-05-18 15:55,164.24,session_close,16,-0.105,-0.00064,-0.04,False,False,0.0,0.510676253390896,1.4976550637232577,True,True,True,True,0.8613281709626557
5m,early_hl_wide_3r,early-higher-low,W007,SNOW,2026-05-21 10:45,163.65,160.58,172.86,5.6279,2026-05-21 14:45,164.92,time_exit,48,1.27,0.00776,0.41,True,False,-0.41976056753262325,1.0432113835840973,-0.558895671911841,True,False,False,True,0.3149076909185634
5m,early_hl_wide_3r,early-higher-low,W008,SNOW,2026-05-21 15:05,164.35,162.08,171.16,4.1436,2026-05-21 15:55,165.54,session_close,10,1.19,0.00724,0.52,True,False,-0.487410944975053,-0.4994533144589197,0.7200656357991164,False,True,True,True,0.9061897331013299
5m,early_hl_wide_3r,early-higher-low,W009,SNOW,2026-05-28 11:00,235.64,228.34,257.54,9.2938,2026-05-28 15:00,243.66,time_exit,48,8.02,0.03403,1.1,True,True,-0.3508779625224001,-1.03282875586731,34.720237512813036,True,True,True,True,0.2918650093087607
5m,early_hl_wide_3r,early-higher-low,W011,SNOW,2026-05-29 12:40,247.39,240.93,266.77,7.8338,2026-05-29 15:55,255.37,end_of_data,39,7.98,0.03226,1.24,True,True,-0.5727158884213157,-0.8397303307124071,-1.2257475213302227,False,False,True,False,0.7848832228431569
5m,early_hl_wide_3r,early-higher-low,W001,MDB,2026-05-04 10:55,267.06,261.12,284.88,6.6727,2026-05-04 14:55,264.79,time_exit,48,-2.27,-0.0085,-0.38,False,False,-1.0646968143484314,1.6522985091512732,0.931548662100834,True,True,True,True,0.6162891434912539
5m,early_hl_wide_3r,early-higher-low,W002,MDB,2026-05-06 15:20,266.2,262.13,278.41,4.5868,2026-05-06 15:55,265.41,session_close,7,-0.79,-0.00297,-0.19,False,False,-0.18373025981078817,-0.43386191206060687,-0.3182833270138352,False,False,True,True,1.0677339632132625
5m,early_hl_wide_3r,early-higher-low,W003,MDB,2026-05-07 10:50,303.31,291.54,338.62,11.6416,2026-05-07 13:25,291.54,stop,31,-11.77,-0.03881,-1.0,False,False,0.7676961134763127,1.7961479777826028,13.903071957511104,True,True,True,True,0.757297923911898
5m,early_hl_wide_3r,early-higher-low,W004,MDB,2026-05-08 14:05,298.12,291.78,317.14,6.38,2026-05-08 15:55,299.645,session_close,22,1.525,0.00512,0.24,True,False,-0.6430094003089915,-0.17406073196424288,1.060695015641433,True,False,True,True,0.8861106541646104
5m,early_hl_wide_3r,early-higher-low,W005,MDB,2026-05-12 10:45,314.605,305.1,343.12,9.0638,2026-05-12 14:45,309.32,time_exit,48,-5.285,-0.0168,-0.56,False,False,0.9981527189183215,1.416686543433654,8.064625308842377,True,True,True,True,0.7903474224441615
5m,early_hl_wide_3r,early-higher-low,W006,MDB,2026-05-14 13:45,301.13,296.87,313.91,4.244,2026-05-14 15:55,303.15,session_close,26,2.02,0.00671,0.47,True,False,-0.11939812655472615,-0.42983328345284066,-0.48905574404523033,False,False,True,True,0.5254529115990644
5m,early_hl_wide_3r,early-higher-low,W007,MDB,2026-05-15 12:10,311.695,307.49,324.31,4.0472,2026-05-15 15:55,312.14,session_close,45,0.445,0.00143,0.11,True,False,0.22195137370328855,0.3801645091958683,1.3367242182094285,True,True,True,True,0.5517543501423751
5m,early_hl_wide_3r,early-higher-low,W008,MDB,2026-05-18 15:10,336.27,332.46,347.7,3.399,2026-05-18 15:50,332.46,stop,8,-3.81,-0.01133,-1.0,False,False,-0.9350430691060008,-0.8736434805369564,0.11924098432809505,False,False,True,True,0.5513460917818315
5m,early_hl_wide_3r,early-higher-low,W009,MDB,2026-05-21 15:10,318.22,314.88,328.24,3.1488,2026-05-21 15:55,317.44,session_close,9,-0.78,-0.00245,-0.23,False,False,-0.685008610464688,-1.3820580789334125,0.28518720080228377,False,False,True,True,0.5192829026664905
5m,early_hl_wide_3r,early-higher-low,W010,MDB,2026-05-28 15:35,331.44,325.26,349.98,5.5938,2026-05-28 15:50,325.26,stop,3,-6.18,-0.01865,-1.0,False,False,0.21917412400234149,0.4697523457790176,1.1950575311298284,True,True,True,True,1.6245950794626838
5m,early_hl_wide_3r,early-higher-low,W011,MDB,2026-05-29 15:10,324.87,309.79,370.11,13.9256,2026-05-29 15:55,335.58,end_of_data,9,10.71,0.03297,0.71,True,True,2.139043234068483,2.618397812483386,5.269984761246671,True,True,True,True,1.625438113606571
5m,early_hl_wide_3r,early-higher-low,W001,SHOP,2026-05-04 11:55,127.34,124.47,135.95,6.7614,2026-05-04 15:55,127.58,time_exit,48,0.24,0.00188,0.08,True,False,0.27960726749349796,-1.4474825537913905,0.08254007778665251,False,False,True,False,1.0186591964671559
5m,early_hl_wide_3r,early-higher-low,W002,SHOP,2026-05-07 12:15,110.335,108.54,115.72,4.8806,2026-05-07 12:55,108.54,stop,8,-1.795,-0.01627,-1.0,False,False,-0.5318944792003677,-0.2576420674679447,2.207935180942755,True,True,True,True,0.6761228459465952
5m,early_hl_wide_3r,early-higher-low,W003,SHOP,2026-05-14 11:55,96.15,93.97,102.69,6.8019,2026-05-14 15:55,97.415,time_exit,48,1.265,0.01316,0.58,True,True,-0.4194053425749189,0.7966479287993655,1.5631636588119946,True,True,True,True,0.6151042240084871
5m,early_hl_wide_3r,early-higher-low,W004,SHOP,2026-05-15 12:00,99.93,98.42,104.46,4.5332,2026-05-15 15:55,100.29,session_close,47,0.36,0.0036,0.24,True,False,-0.08501183572914295,0.5876198828985046,3.732933086870993,True,True,True,True,0.5553891036692195
5m,early_hl_wide_3r,early-higher-low,W005,SHOP,2026-05-18 15:40,102.1,100.83,105.91,3.7316,2026-05-18 15:55,102.37,session_close,3,0.27,0.00264,0.21,True,False,-0.41955343364072917,-0.565083626757279,-0.4584036148433168,False,False,True,True,0.8018471742900644
5m,early_hl_wide_3r,early-higher-low,W006,SHOP,2026-05-20 10:25,101.72,99.95,107.03,5.2202,2026-05-20 14:25,104.63,time_exit,48,2.91,0.02861,1.64,True,True,0.7520306299134916,0.48356642150910734,0.09339024047987365,True,True,False,True,0.9419840489213175
5m,early_hl_wide_3r,early-higher-low,W007,SHOP,2026-05-21 13:05,103.55,101.39,110.03,6.2579,2026-05-21 15:55,104.83,session_close,34,1.28,0.01236,0.59,True,True,-0.09168674676615085,-0.6954828379429512,-0.2649467996822974,False,False,False,True,0.47263321927161145
5m,early_hl_wide_3r,early-higher-low,W008,SHOP,2026-05-29 11:55,118.93,117.54,123.1,3.5063,2026-05-29 15:55,118.8,time_exit,48,-0.13,-0.00109,-0.09,False,False,0.0022709204213766654,1.3007897937781676,4.112312754750036,True,True,True,True,0.4089980612497033
5m,early_hl_wide_3r,early-higher-low,W001,SE,2026-05-11 14:00,83.76,81.81,89.61,6.9842,2026-05-11 15:55,84.905,session_close,23,1.145,0.01367,0.59,True,True,-0.7582122867864083,-0.6640640054890401,-0.047728095325827447,False,False,False,True,0.8616762560056943
5m,early_hl_wide_3r,early-higher-low,W002,SE,2026-05-12 10:15,93.85,91.79,100.03,6.585,2026-05-12 14:15,96.81,time_exit,48,2.96,0.03154,1.44,True,True,1.2020237596031436,11.124263145314139,12.166846573392377,True,True,True,True,0.4616278467730684
5m,early_hl_wide_3r,early-higher-low,W003,SE,2026-05-12 15:30,96.905,93.98,105.68,9.0553,2026-05-12 15:55,95.98,session_close,5,-0.925,-0.00955,-0.32,False,False,-0.9706800357374035,-0.05156548533395977,1.0109445039653053,True,True,True,True,1.236462719217337
5m,early_hl_wide_3r,early-higher-low,W004,SE,2026-05-15 11:25,89.86,87.56,96.76,7.6786,2026-05-15 15:25,87.93,time_exit,48,-1.93,-0.02148,-0.84,False,False,0.12252240125552039,1.022697233517178,1.3644554356209593,True,True,False,True,0.6282212606093877
5m,early_hl_wide_3r,early-higher-low,W005,SE,2026-05-21 15:10,87.7,86.47,91.39,4.2075,2026-05-21 15:55,88.92,session_close,9,1.22,0.01391,0.99,True,True,-0.4371794987306443,-0.6909056563893179,0.8395668574527226,False,False,True,True,0.836169452644642
5m,early_hl_wide_3r,early-higher-low,W006,SE,2026-05-26 10:40,90.295,88.03,97.09,7.5253,2026-05-26 14:40,89.11,time_exit,48,-1.185,-0.01312,-0.52,False,False,0.3669541086787964,1.9541436584072036,4.250404512992101,True,True,True,True,0.7689950608594348
5m,early_hl_wide_3r,early-higher-low,W007,SE,2026-05-29 10:40,90.94,88.92,97.0,6.6637,2026-05-29 14:40,91.03,time_exit,48,0.09,0.00099,0.04,True,False,-0.48157918491693597,0.6698442858478648,-1.1577289235172095,False,False,False,True,0.4416367043861149
5m,early_hl_wide_3r,early-higher-low,W002,MELI,2026-05-04 12:00,1843.24,1817.14,1921.54,4.248,2026-05-04 15:50,1817.14,stop,46,-26.1,-0.01416,-1.0,False,False,-0.37189931592908065,-1.4521805192414972,0.3203003147657535,False,False,True,False,0.7681922505737816
5m,early_hl_wide_3r,early-higher-low,W003,MELI,2026-05-05 13:35,1804.0201,1769.38,1907.9406,5.7605,2026-05-05 15:55,1816.85,session_close,28,12.8298,0.00711,0.37,True,False,-0.015514088469525955,-0.5285804289735463,-0.33604296582572246,False,False,False,False,0.919996656077579
5m,early_hl_wide_3r,early-higher-low,W004,MELI,2026-05-06 11:05,1854.0699,1822.24,1949.5598,5.1503,2026-05-06 15:05,1837.425,time_exit,48,-16.6449,-0.00898,-0.52,False,False,-0.24352570668476625,0.609834759945227,2.0362669928030375,True,True,True,True,0.47663156747626373
5m,early_hl_wide_3r,early-higher-low,W005,MELI,2026-05-07 10:45,1878.45,1847.58,1971.0598,4.9301,2026-05-07 12:20,1847.58,stop,19,-30.87,-0.01643,-1.0,False,False,-0.4818894866863377,0.6504423604289267,1.9861930281231066,True,True,True,True,0.5778173635852241
5m,early_hl_wide_3r,early-higher-low,W008,MELI,2026-05-13 12:40,1536.99,1499.23,1650.27,7.3702,2026-05-13 15:55,1562.1074,session_close,39,25.1174,0.01634,0.67,True,True,0.04360590399630215,0.2553266966861756,1.5363282540042933,True,True,False,True,1.1705242112349923
5m,early_hl_wide_3r,early-higher-low,W009,MELI,2026-05-14 15:15,1605.52,1575.58,1695.3401,5.5945,2026-05-14 15:55,1607.45,session_close,8,1.9299,0.0012,0.06,True,False,-0.7483180878602891,-0.6026903072353429,-0.4594144775614373,False,False,True,True,0.5171420232152614
5m,early_hl_wide_3r,early-higher-low,W010,MELI,2026-05-21 12:55,1654.74,1638.5,1703.46,2.9443,2026-05-21 15:55,1678.01,session_close,36,23.27,0.01406,1.43,True,True,-0.6137953737667567,-0.8981427811290299,0.11107174667395192,False,False,True,True,0.6953509082258793
5m,early_hl_wide_3r,early-higher-low,W011,MELI,2026-05-28 14:45,1696.17,1675.86,1757.1002,3.5922,2026-05-28 15:55,1694.85,session_close,14,-1.3201,-0.00078,-0.06,False,False,-0.3940640275008178,-0.5553938816849735,-0.798075633800388,False,False,False,False,0.38166938217502855
5m,early_hl_wide_3r,early-higher-low,W001,NU,2026-05-12 10:45,13.47,13.34,13.86,2.8953,2026-05-12 14:45,13.38,time_exit,48,-0.09,-0.00668,-0.69,False,False,-0.03710659962425922,0.33967951133320184,0.14870229031449522,False,False,False,True,0.3371985741740332
5m,early_hl_wide_3r,early-higher-low,W002,NU,2026-05-14 15:00,13.035,12.89,13.47,3.3372,2026-05-14 15:55,12.89,stop,11,-0.145,-0.01112,-1.0,False,False,-0.30592705496395034,-0.4201703936948187,0.42373117962610785,False,False,True,True,0.9448018033073246
5m,early_hl_wide_3r,early-higher-low,W003,NU,2026-05-15 13:05,12.245,12.04,12.86,5.0225,2026-05-15 15:55,12.15,session_close,34,-0.095,-0.00776,-0.46,False,False,0.9484517205621712,1.115243568665969,1.0317788061209532,True,True,False,True,0.8905452646537382
5m,early_hl_wide_3r,early-higher-low,W005,NU,2026-05-19 11:00,12.265,12.1,12.76,4.0359,2026-05-19 15:00,12.225,time_exit,48,-0.04,-0.00326,-0.24,False,False,-0.6077780254273968,0.4916052436850782,1.071282340246782,True,True,True,True,0.22516797505771907
5m,early_hl_wide_3r,early-higher-low,W007,NU,2026-05-20 11:00,12.595,12.46,13.0,3.2156,2026-05-20 15:00,12.75,time_exit,48,0.155,0.01231,1.15,True,True,-0.15853749070328105,0.2786611962006358,3.110930083454888,True,True,True,True,0.20503774272897948
5m,early_hl_wide_3r,early-higher-low,W008,NU,2026-05-21 15:10,13.1701,12.83,14.1904,7.7471,2026-05-21 15:55,13.165,session_close,9,-0.0051,-0.00039,-0.01,False,False,-0.34026521736060245,-0.5658227734259169,1.1900245004613508,False,False,True,True,0.7936585817620694
5m,early_hl_wide_3r,early-higher-low,W009,NU,2026-05-27 11:20,13.105,12.89,13.75,4.9218,2026-05-27 15:20,13.105,time_exit,48,0.0,0.0,0.0,False,False,-0.07625031686129269,-0.038139699251416026,1.4711543239992464,True,False,True,True,0.7146434719233569
5m,early_hl_wide_3r,early-higher-low,W010,NU,2026-05-29 12:50,13.13,13.0,13.52,2.9703,2026-05-29 15:55,13.13,end_of_data,37,0.0,0.0,0.0,False,False,-0.19011117304553737,-0.22804814580118515,0.45924547679885297,False,False,False,False,0.6099424954159998
5m,early_hl_wide_3r,early-higher-low,W001,TOST,2026-05-04 10:55,30.21,29.53,32.25,6.7527,2026-05-04 12:00,29.53,stop,13,-0.68,-0.02251,-1.0,False,False,-0.09919221627724406,0.8511384376089337,3.228560574120398,True,True,True,True,0.4535606505995694
5m,early_hl_wide_3r,early-higher-low,W002,TOST,2026-05-05 12:15,28.865,28.7,29.36,1.7149,2026-05-05 12:45,28.7,stop,6,-0.165,-0.00572,-1.0,False,False,-0.7050728059390443,-1.6019063084873109,-0.06922309047264763,False,False,False,False,0.40755442651531876
5m,early_hl_wide_3r,early-higher-low,W003,TOST,2026-05-07 13:10,29.5,28.94,31.18,5.6949,2026-05-07 15:55,29.355,session_close,33,-0.145,-0.00492,-0.26,False,False,-0.60656580439723,-0.5563014464853633,-0.23676541031542042,False,False,True,True,0.709882857655672
5m,early_hl_wide_3r,early-higher-low,W004,TOST,2026-05-11 14:55,24.375,24.02,25.44,4.3692,2026-05-11 15:55,24.18,session_close,12,-0.195,-0.008,-0.55,False,False,-0.3067515770925344,-1.0554098902626263,0.765197705116516,False,False,False,False,1.1811799475857643
5m,early_hl_wide_3r,early-higher-low,W005,TOST,2026-05-14 13:05,23.155,22.69,24.55,6.0246,2026-05-14 15:55,23.07,session_close,34,-0.085,-0.00367,-0.18,False,False,-0.21546751659096142,-0.4085991972236247,0.3249599791480984,True,True,True,True,0.6110940965661129
5m,early_hl_wide_3r,early-higher-low,W006,TOST,2026-05-19 15:25,23.29,22.57,25.45,9.2744,2026-05-19 15:55,23.24,session_close,6,-0.05,-0.00215,-0.07,False,False,0.5180182479696427,1.5260535845639023,2.8262282036254804,True,True,True,True,0.954942439954998
5m,early_hl_wide_3r,early-higher-low,W007,TOST,2026-05-20 10:50,23.36,22.87,24.83,6.2928,2026-05-20 14:50,23.405,time_exit,48,0.045,0.00193,0.09,True,False,-0.1710090176249235,1.8094655556613493,0.5598668043046429,True,True,True,True,0.48585789741398416
5m,early_hl_wide_3r,early-higher-low,W008,TOST,2026-05-21 15:40,23.025,22.78,23.76,3.1922,2026-05-21 15:55,23.04,session_close,3,0.015,0.00065,0.06,True,False,-0.36788178384196124,-0.7116627646297169,-0.7544696674412821,False,False,False,True,1.4315497085181752
5m,early_hl_wide_3r,early-higher-low,W009,TOST,2026-05-22 10:45,23.295,23.01,24.15,3.6703,2026-05-22 14:45,23.195,time_exit,48,-0.1,-0.00429,-0.35,False,False,-0.34224566291359837,-0.36355469428455134,1.084834016803371,True,True,True,True,0.5364317687077518
5m,early_hl_wide_3r,early-higher-low,W010,TOST,2026-05-26 13:15,23.655,23.2,25.02,5.7705,2026-05-26 15:55,23.325,session_close,32,-0.33,-0.01395,-0.73,False,False,0.0,0.2542969910452886,0.29680561751193046,True,True,True,True,1.035076182972053
5m,early_hl_wide_3r,early-higher-low,W011,TOST,2026-05-27 11:35,24.825,24.19,26.73,7.6737,2026-05-27 15:35,24.405,time_exit,48,-0.42,-0.01692,-0.66,False,False,0.3637839669382581,-0.3811406871108036,1.4711917468468894,True,True,True,True,0.6482194199990952
5m,early_hl_wide_3r,early-higher-low,W012,TOST,2026-05-29 12:40,26.0637,25.52,27.6948,6.2581,2026-05-29 15:55,26.03,end_of_data,39,-0.0337,-0.00129,-0.06,False,False,-0.019175914173841235,-0.6290469350295869,0.7148430420796714,True,True,True,True,0.8969563926279823
5m,early_hl_wide_3r,early-higher-low,W002,RBLX,2026-05-04 11:55,47.87,47.26,49.7,3.8228,2026-05-04 15:55,47.61,time_exit,48,-0.26,-0.00543,-0.43,False,False,-0.5404326188566566,0.0,-0.281342366392201,True,True,True,True,0.5725273408116858
5m,early_hl_wide_3r,early-higher-low,W003,RBLX,2026-05-07 12:35,45.27,44.69,47.01,3.8436,2026-05-07 14:40,44.69,stop,25,-0.58,-0.01281,-1.0,False,False,-0.984253610946284,-0.15438838682981793,0.3546881960701853,False,False,True,False,0.40216578272043035
5m,early_hl_wide_3r,early-higher-low,W004,RBLX,2026-05-11 13:50,41.96,41.02,44.78,6.7207,2026-05-11 15:55,41.31,session_close,25,-0.65,-0.01549,-0.69,False,False,-0.4507768316202698,-0.5687243462743519,-0.6628849026227179,False,False,False,True,0.6431619800011049
5m,early_hl_wide_3r,early-higher-low,W005,RBLX,2026-05-13 15:15,42.05,41.25,44.45,5.7075,2026-05-13 15:55,41.95,session_close,8,-0.1,-0.00238,-0.12,False,False,-0.060629927258593064,-0.05944252273558659,0.7067516940170604,True,True,True,True,0.9367281934319301
5m,early_hl_wide_3r,early-higher-low,W006,RBLX,2026-05-14 13:10,43.15,42.4,45.4,5.2144,2026-05-14 15:55,43.71,session_close,33,0.56,0.01298,0.75,True,True,-0.3233242312129514,0.17407627836409922,1.5768372381233853,True,True,True,True,0.5979494645047461
5m,early_hl_wide_3r,early-higher-low,W007,RBLX,2026-05-15 14:45,42.85,42.52,43.84,2.3104,2026-05-15 15:10,42.52,stop,5,-0.33,-0.0077,-1.0,False,False,-0.7973219714658586,-0.10472883957214352,0.33894451122293834,False,False,True,True,0.7117468327390781
5m,early_hl_wide_3r,early-higher-low,W008,RBLX,2026-05-18 12:00,47.2,46.27,49.99,5.911,2026-05-18 15:55,46.965,session_close,47,-0.235,-0.00498,-0.25,False,False,0.08503007235078908,0.1272833561049902,0.7685751690410081,True,True,True,True,0.5799269937484172
5m,early_hl_wide_3r,early-higher-low,W009,RBLX,2026-05-19 14:25,44.94,43.66,48.78,8.5447,2026-05-19 15:55,44.44,session_close,18,-0.5,-0.01113,-0.39,False,False,0.6724140981566151,1.2395187155249232,0.9438355012658883,True,True,False,False,0.846941369123266
5m,early_hl_wide_3r,early-higher-low,W010,RBLX,2026-05-21 11:00,46.62,45.77,49.17,5.4697,2026-05-21 15:00,46.6,time_exit,48,-0.02,-0.00043,-0.02,False,False,-0.3199363928890975,0.9092920461784226,1.782558337909368,True,True,True,True,0.41306783026793165
5m,early_hl_wide_3r,early-higher-low,W011,RBLX,2026-05-21 15:35,46.425,45.98,47.76,2.8756,2026-05-21 15:55,45.98,stop,4,-0.445,-0.00959,-1.0,False,False,-0.36480294959604365,-0.8329760619190107,-0.21491183482599263,False,False,True,False,0.9851837843025455
5m,early_hl_wide_3r,early-higher-low,W012,RBLX,2026-05-22 15:10,47.82,46.76,51.0,6.6499,2026-05-22 15:55,48.2,session_close,9,0.38,0.00795,0.36,True,False,-0.5201290068509001,-0.6751158434982196,0.854247586163992,False,False,True,True,0.6061060070167178
5m,early_hl_wide_3r,early-higher-low,W013,RBLX,2026-05-26 13:40,46.01,45.58,47.3,2.8037,2026-05-26 15:55,46.0,session_close,27,-0.01,-0.00022,-0.02,False,False,-1.1230140603998628,-1.0804670509213632,-0.5024899960160756,False,False,False,False,0.8465642286120209
5m,early_hl_wide_3r,early-higher-low,W014,RBLX,2026-05-27 11:35,46.552,45.69,49.138,5.5551,2026-05-27 15:35,46.04,time_exit,48,-0.512,-0.011,-0.59,False,False,-0.48301831772337156,-0.544598595889767,0.5486902446819375,True,False,True,True,1.2694822106439652
5m,early_hl_wide_3r,early-higher-low,W015,RBLX,2026-05-29 10:40,46.65,46.26,47.82,2.508,2026-05-29 11:10,47.82,target,6,1.17,0.02508,3.0,True,True,-1.499470131684788,-0.38445174359041934,-0.4269871099229716,False,False,False,False,0.6406886295102192
5m,early_hl_wide_3r,early-higher-low,W001,U,2026-05-04 11:15,27.53,26.87,29.51,7.1922,2026-05-04 15:15,27.985,time_exit,48,0.455,0.01653,0.69,True,True,-0.2896448996207779,-0.25353021831506783,1.4364688857339214,False,True,True,True,0.563436446222385
5m,early_hl_wide_3r,early-higher-low,W002,U,2026-05-04 15:25,28.01,27.52,29.48,5.2481,2026-05-04 15:55,27.74,session_close,6,-0.27,-0.00964,-0.55,False,False,-0.178186878161668,-0.1945502946085087,0.9915255542761514,True,True,True,True,0.7053956017799969
5m,early_hl_wide_3r,early-higher-low,W003,U,2026-05-06 11:10,27.05,26.52,28.64,5.878,2026-05-06 15:10,27.07,time_exit,48,0.02,0.00074,0.04,True,False,-0.569750733615837,-0.6792780214614602,-1.8683159333182875,False,False,False,False,0.44351386727331377
5m,early_hl_wide_3r,early-higher-low,W004,U,2026-05-06 15:25,27.31,26.77,28.93,5.9319,2026-05-06 15:55,27.28,session_close,6,-0.03,-0.0011,-0.06,False,False,0.7980084688251843,1.0592387454603447,0.9471142465112825,True,True,False,True,1.1280717747689952
5m,early_hl_wide_3r,early-higher-low,W005,U,2026-05-08 11:30,27.825,26.89,30.63,10.0809,2026-05-08 15:30,27.88,time_exit,48,0.055,0.00198,0.06,True,False,0.3244417928279564,2.6179906434424804,4.154194007770018,True,True,True,True,0.9709873376804873
5m,early_hl_wide_3r,early-higher-low,W007,U,2026-05-12 11:15,27.18,26.78,28.38,4.415,2026-05-12 12:05,26.78,stop,10,-0.4,-0.01472,-1.0,False,False,-0.40292566328574697,1.4930929632721135,1.5120428932339003,True,True,True,True,0.7481638230615224
5m,early_hl_wide_3r,early-higher-low,W008,U,2026-05-13 13:10,26.765,26.2,28.46,6.3329,2026-05-13 15:55,26.885,session_close,33,0.12,0.00448,0.21,True,False,-0.8892173884898935,0.6395789194202806,0.10253142340095334,True,True,True,True,0.5350181209885306
5m,early_hl_wide_3r,early-higher-low,W009,U,2026-05-14 10:55,27.36,26.41,30.21,10.4167,2026-05-14 14:55,27.5959,time_exit,48,0.2359,0.00862,0.25,True,False,0.2197852562924485,2.0705103482823395,1.8994421662422267,True,True,True,True,0.6901717828266213
5m,early_hl_wide_3r,early-higher-low,W010,U,2026-05-15 13:30,27.58,26.95,29.47,6.8528,2026-05-15 15:55,27.17,session_close,29,-0.41,-0.01487,-0.65,False,False,-0.5410265697616601,-0.5948053696471223,1.0813785515715102,True,False,True,True,1.614597850608061
5m,early_hl_wide_3r,early-higher-low,W011,U,2026-05-20 12:50,26.37,26.08,27.24,3.2992,2026-05-20 14:50,26.08,stop,24,-0.29,-0.011,-1.0,False,False,-0.34026521736059134,-0.34026521736059134,-0.15151139680563697,False,False,True,True,0.875044235977642
5m,early_hl_wide_3r,early-higher-low,W012,U,2026-05-26 11:15,27.325,27.02,28.24,3.3486,2026-05-26 12:30,27.02,stop,15,-0.305,-0.01116,-1.0,False,False,-0.7626623774700803,-0.564042146575161,7.009989920594251,True,True,True,True,0.8813182346270858
5m,early_hl_wide_3r,early-higher-low,W001,DKNG,2026-05-05 13:20,23.88,23.15,26.07,9.1708,2026-05-05 15:55,24.17,session_close,31,0.29,0.01214,0.4,True,True,0.04147956240421191,-0.1463816295920961,0.14681143954737852,True,False,True,True,1.6906290187151827
5m,early_hl_wide_3r,early-higher-low,W002,DKNG,2026-05-06 14:25,24.525,24.04,25.98,5.9327,2026-05-06 15:00,24.04,stop,7,-0.485,-0.01978,-1.0,False,False,-1.2288489481302456,0.7810837440895835,0.9886705453744371,False,True,True,True,1.057274609209655
5m,early_hl_wide_3r,early-higher-low,W003,DKNG,2026-05-07 12:20,25.0,24.81,25.57,2.28,2026-05-07 13:20,24.81,stop,12,-0.19,-0.0076,-1.0,False,False,-0.536328365619787,-0.0588115039788728,2.043714748526826,True,True,True,True,0.8085581395348838
5m,early_hl_wide_3r,early-higher-low,W004,DKNG,2026-05-12 11:50,25.49,25.1,26.66,4.59,2026-05-12 12:45,25.1,stop,11,-0.39,-0.0153,-1.0,False,False,-0.5656347043847876,0.9904912926586906,1.9192304591905351,True,True,True,True,0.5029094116388575
5m,early_hl_wide_3r,early-higher-low,W006,DKNG,2026-05-15 12:35,24.91,24.5,26.14,4.9378,2026-05-15 15:55,25.01,session_close,40,0.1,0.00401,0.24,True,False,-0.7768912026319241,-2.505380261252632,-3.3562361625091075,False,False,False,False,0.6161104987662148
5m,early_hl_wide_3r,early-higher-low,W007,DKNG,2026-05-18 12:45,25.69,25.32,26.8,4.3208,2026-05-18 15:55,25.785,session_close,38,0.095,0.0037,0.26,True,False,-0.42635157463463136,0.15594899072997048,0.4693032485944437,True,False,True,True,0.9299670074371459
5m,early_hl_wide_3r,early-higher-low,W008,DKNG,2026-05-20 12:10,25.065,24.74,26.04,3.8899,2026-05-20 15:55,25.015,session_close,45,-0.05,-0.00199,-0.15,False,False,-0.5553327835488342,-0.9873617812527158,0.5619777196602449,False,False,False,False,1.3116833205226748
5m,early_hl_wide_3r,early-higher-low,W009,DKNG,2026-05-21 15:20,25.465,24.99,26.89,5.5959,2026-05-21 15:55,25.425,session_close,7,-0.04,-0.00157,-0.08,False,False,-0.6826648833496707,-1.0108873865592782,0.1179660988473108,False,False,True,True,0.7930928349517851
5m,early_hl_wide_3r,early-higher-low,W010,DKNG,2026-05-27 11:40,25.2,24.69,26.73,6.0714,2026-05-27 15:40,25.295,time_exit,48,0.095,0.00377,0.19,True,False,0.49850447137274045,0.6389770030435393,4.239923715519978,True,True,True,True,0.604576358189519
5m,early_hl_wide_3r,early-higher-low,W001,RDDT,2026-05-01 14:00,168.06,163.27,182.43,8.5505,2026-05-01 15:55,166.5,session_close,23,-1.56,-0.00928,-0.33,False,False,-0.6948568949421086,1.3672578411070724,2.3340149319377668,True,True,True,True,0.7563469115135528
5m,early_hl_wide_3r,early-higher-low,W002,RDDT,2026-05-05 12:15,173.81,169.15,187.79,8.0433,2026-05-05 14:20,169.15,stop,25,-4.66,-0.02681,-1.0,False,False,-1.2047478012467971,0.8675942872100606,1.792092274432644,True,True,True,True,0.45146907634868244
5m,early_hl_wide_3r,early-higher-low,W003,RDDT,2026-05-06 13:40,166.75,165.17,171.49,2.8426,2026-05-06 15:55,165.17,stop,27,-1.58,-0.00948,-1.0,False,False,-0.707089572915609,-0.04356649363526088,0.39566763367664404,False,False,False,True,0.6893607699631251
5m,early_hl_wide_3r,early-higher-low,W004,RDDT,2026-05-11 13:35,160.52,157.74,168.86,5.1956,2026-05-11 15:55,159.59,session_close,28,-0.93,-0.00579,-0.33,False,False,0.507167694285382,-0.9319228033153992,0.5227165705252279,True,False,True,True,1.8212454517917518
5m,early_hl_wide_3r,early-higher-low,W005,RDDT,2026-05-14 13:10,155.87,151.63,168.59,8.1606,2026-05-14 15:55,156.24,session_close,33,0.37,0.00237,0.09,True,False,-0.5609674580317581,-0.2430067377943379,1.8510703120781402,True,True,True,True,0.4320876356997295
5m,early_hl_wide_3r,early-higher-low,W006,RDDT,2026-05-15 11:20,157.36,152.37,172.33,9.5132,2026-05-15 15:20,157.43,time_exit,48,0.07,0.00044,0.01,True,False,-0.5038330710260497,0.18185718276475527,1.5425874765026437,True,True,True,True,0.5553728671124265
5m,early_hl_wide_3r,early-higher-low,W007,RDDT,2026-05-15 15:40,158.425,155.83,166.21,4.914,2026-05-15 15:55,158.17,session_close,3,-0.255,-0.00161,-0.1,False,False,0.31343682610236456,-0.24243224369019378,0.827395043379564,True,True,True,True,1.483700251675062
5m,early_hl_wide_3r,early-higher-low,W008,RDDT,2026-05-18 12:10,159.41,156.31,168.71,5.834,2026-05-18 12:45,156.31,stop,7,-3.1,-0.01945,-1.0,False,False,-0.7883058449968838,-0.07907357612544352,-0.06341041216959553,False,False,True,True,0.4883106541637462
5m,early_hl_wide_3r,early-higher-low,W009,RDDT,2026-05-20 14:20,145.58,143.19,152.75,4.9251,2026-05-20 15:55,146.73,session_close,19,1.15,0.0079,0.48,True,False,-0.8308936903146491,-0.7023996069176142,0.3100006454185955,False,False,False,False,0.42645196874180324
5m,early_hl_wide_3r,early-higher-low,W010,RDDT,2026-05-21 11:30,150.125,147.41,158.27,5.4255,2026-05-21 15:30,150.215,time_exit,48,0.09,0.0006,0.03,True,False,-0.424501304838254,0.9650935066459754,2.3137765769209784,True,True,True,True,0.5731519128904455
5m,early_hl_wide_3r,early-higher-low,W011,RDDT,2026-05-26 12:05,144.21,142.99,147.87,2.538,2026-05-26 14:50,142.99,stop,33,-1.22,-0.00846,-1.0,False,False,-0.767645778426207,-0.1489515674322206,-0.514225808163915,False,True,True,True,0.5673453786035793
5m,early_hl_wide_3r,early-higher-low,W012,RDDT,2026-05-27 12:20,154.31,152.87,158.63,2.7996,2026-05-27 13:15,152.87,stop,11,-1.44,-0.00933,-1.0,False,False,-1.9291299672536177,-1.6822784125802515,-0.2840532277328056,False,False,True,True,0.40021563859648623
5m,early_hl_wide_3r,early-higher-low,W013,RDDT,2026-05-28 11:55,159.34,157.02,166.3,4.368,2026-05-28 15:25,166.3,target,42,6.96,0.04368,3.0,True,True,-1.193956224823045,0.22341923594306756,2.8440219563424574,True,True,True,True,0.4882018571850793
5m,early_hl_wide_3r,early-higher-low,W014,RDDT,2026-05-29 12:40,174.815,172.13,182.87,4.6077,2026-05-29 15:55,175.86,end_of_data,39,1.045,0.00598,0.39,True,False,-0.44451973207421114,-0.14290613725338464,2.510083582300182,True,True,True,True,0.5556348299354089
5m,early_hl_wide_3r,early-higher-low,W001,CART,2026-05-04 15:10,43.55,42.83,45.71,4.9598,2026-05-04 15:55,43.29,session_close,9,-0.26,-0.00597,-0.36,False,False,-0.1375862702390651,-0.18336426563406727,0.938692258662388,True,True,True,True,0.9420152192202539
5m,early_hl_wide_3r,early-higher-low,W002,CART,2026-05-05 14:50,43.89,43.31,45.63,3.9645,2026-05-05 15:55,43.73,session_close,13,-0.16,-0.00365,-0.28,False,False,-0.44217619403917885,-0.9028360752142195,0.14826329033477137,False,False,True,True,0.9023274732655098
5m,early_hl_wide_3r,early-higher-low,W003,CART,2026-05-11 12:05,40.93,39.97,43.81,7.0364,2026-05-11 15:55,40.4,session_close,46,-0.53,-0.01295,-0.55,False,False,-1.1371913861130678,-0.9094215943963424,0.7148161639358941,False,False,True,False,0.6118727339040141
5m,early_hl_wide_3r,early-higher-low,W004,CART,2026-05-12 15:05,39.355,38.91,40.69,3.3922,2026-05-12 15:35,38.91,stop,6,-0.445,-0.01131,-1.0,False,False,-0.3292833577066445,-0.4301669576757039,0.33145652568042916,False,False,True,True,0.6317964287622605
5m,early_hl_wide_3r,early-higher-low,W005,CART,2026-05-15 15:10,39.71,39.09,41.57,4.684,2026-05-15 15:55,39.71,session_close,9,0.0,0.0,0.0,False,False,-0.48902744783503316,-0.20120226291382437,0.07565896126711102,False,False,True,True,1.4268871310439875
5m,early_hl_wide_3r,early-higher-low,W006,CART,2026-05-18 15:15,40.74,40.34,41.94,2.9455,2026-05-18 15:55,40.97,session_close,8,0.23,0.00565,0.57,True,False,-0.3426318833998465,-0.5130688563569352,-0.306035001258953,False,False,True,True,1.758007952334532
5m,early_hl_wide_3r,early-higher-low,W007,CART,2026-05-22 11:15,41.29,40.88,42.52,2.9789,2026-05-22 13:20,40.88,stop,25,-0.41,-0.00993,-1.0,False,False,0.42553005972170155,-0.5538154322099142,2.013087845923356,True,True,True,True,0.36743420259088605
5m,early_hl_wide_3r,early-higher-low,W002,SOFI,2026-05-05 12:10,16.115,15.91,16.73,3.8163,2026-05-05 15:55,16.03,session_close,45,-0.085,-0.00527,-0.41,False,False,-0.33890359949571014,-0.7091814352080728,0.34246766503585047,False,False,False,False,0.9181278464655881
5m,early_hl_wide_3r,early-higher-low,W003,SOFI,2026-05-11 11:05,16.03,15.77,16.81,4.8659,2026-05-11 15:05,16.215,time_exit,48,0.185,0.01154,0.71,True,True,-0.481467210526787,0.5006252362898422,1.9701226499172497,True,True,True,False,0.3459451222952518
5m,early_hl_wide_3r,early-higher-low,W005,SOFI,2026-05-12 15:35,15.8884,15.62,16.6936,5.0678,2026-05-12 15:55,15.9,session_close,4,0.0116,0.00073,0.04,True,False,0.5061684413878664,0.09452012243809094,1.017487081276336,True,True,False,True,1.0233884355131035
5m,early_hl_wide_3r,early-higher-low,W006,SOFI,2026-05-14 12:45,15.755,15.39,16.85,6.9502,2026-05-14 15:55,16.02,session_close,38,0.265,0.01682,0.73,True,True,-0.47329968002944867,1.2210753074890723,2.1738577669766945,True,True,True,True,0.8626915831276386
5m,early_hl_wide_3r,early-higher-low,W008,SOFI,2026-05-15 15:10,15.715,15.37,16.75,6.5861,2026-05-15 15:55,15.59,session_close,9,-0.125,-0.00795,-0.36,False,False,-0.5813908589554662,-0.5064889099058778,-0.06359445875513403,False,False,True,True,3.33825522856684
5m,early_hl_wide_3r,early-higher-low,W009,SOFI,2026-05-19 15:10,15.3093,14.94,16.4172,7.2368,2026-05-19 15:55,15.215,session_close,9,-0.0943,-0.00616,-0.26,False,False,-0.21189446886914487,-0.2606709752816072,0.11382258872465467,True,False,True,True,0.8304378895553569
5m,early_hl_wide_3r,early-higher-low,W010,SOFI,2026-05-20 10:55,15.575,15.15,16.85,8.1862,2026-05-20 14:55,15.525,time_exit,48,-0.05,-0.00321,-0.12,False,False,1.1702370583950295,2.165339635051744,1.8652272558812077,True,True,True,True,0.536293830585344
5m,early_hl_wide_3r,early-higher-low,W011,SOFI,2026-05-21 11:00,15.535,15.36,16.06,3.3795,2026-05-21 12:50,15.36,stop,22,-0.175,-0.01126,-1.0,False,False,0.09664554900792321,-0.03667860137749335,-0.4166700799240308,False,False,False,False,0.4766351909033831
5m,early_hl_wide_3r,early-higher-low,W013,SOFI,2026-05-22 14:15,15.615,15.46,16.08,2.9779,2026-05-22 15:55,15.62,session_close,20,0.005,0.00032,0.03,True,False,-0.5097159940209428,-0.07359522916898786,0.9255543765970042,False,True,True,True,0.4377705107809782
5m,early_hl_wide_3r,early-higher-low,W014,SOFI,2026-05-28 10:50,16.49,16.05,17.81,8.0048,2026-05-28 14:50,17.0,time_exit,48,0.51,0.03093,1.16,True,True,0.8275361317935603,2.5186609985515807,1.3146101476284144,True,True,True,True,0.7910403254681263
5m,early_hl_wide_3r,early-higher-low,W016,SOFI,2026-05-29 11:35,18.505,17.82,20.56,11.1051,2026-05-29 15:35,18.105,time_exit,48,-0.4,-0.02162,-0.58,False,False,1.265122717926448,2.4820036095763998,2.299589592465612,True,True,True,True,1.2466305015578978
5m,early_hl_wide_3r,early-higher-low,W002,UWM,2026-05-08 15:10,60.65,59.89,62.93,3.7593,2026-05-08 15:55,60.74,session_close,9,0.09,0.00148,0.12,True,False,-0.3452796539401004,-0.42713705617795084,0.1983781262275608,False,False,True,True,0.13716267703707596
5m,early_hl_wide_3r,early-higher-low,W003,UWM,2026-05-14 13:40,60.825,59.46,64.92,6.7324,2026-05-14 15:55,60.79,session_close,25,-0.035,-0.00058,-0.03,False,False,-0.27895991594394376,-0.3933746441111219,0.0411581633361191,False,False,True,True,0.42902004248637665
5m,early_hl_wide_3r,early-higher-low,W004,UWM,2026-05-18 15:40,57.11,56.08,60.2,5.4106,2026-05-18 15:55,57.17,session_close,3,0.06,0.00105,0.06,True,False,-0.017541452385427814,0.9026518965189467,0.2638018107131934,True,True,False,False,1.7313549277601907
5m,early_hl_wide_3r,early-higher-low,W005,UWM,2026-05-19 15:10,56.39,55.7,58.46,3.6709,2026-05-19 15:55,55.98,session_close,9,-0.41,-0.00727,-0.59,False,False,-0.2304098859214787,-0.0177590082925283,0.09780440042470584,True,False,True,True,0.1641116526362428
5m,early_hl_wide_3r,early-higher-low,W006,UWM,2026-05-20 12:40,58.19,57.43,60.47,3.9182,2026-05-20 15:55,58.76,session_close,38,0.57,0.0098,0.75,True,False,-0.470121747505059,-0.2740661947323808,0.6918047872537691,True,True,True,True,0.20676691729323307
5m,early_hl_wide_3r,early-higher-low,W007,UWM,2026-05-21 15:10,59.89,58.5,64.06,6.9628,2026-05-21 15:55,59.83,session_close,9,-0.06,-0.001,-0.04,False,False,-0.565059578256899,-0.26671085670187944,1.6998129676619067,True,False,True,True,0.8958103889247908
5m,early_hl_wide_3r,early-higher-low,W008,UWM,2026-05-22 11:20,60.71,60.06,62.66,3.212,2026-05-22 15:30,60.8,time_exit,48,0.09,0.00148,0.14,True,False,-0.29624176341480624,0.03302585421092186,1.4060932858839692,True,True,True,False,0.20171022136977543
5m,early_hl_wide_3r,early-higher-low,W009,UWM,2026-05-27 10:40,63.39,62.4,66.36,4.6853,2026-05-27 14:40,63.3,time_exit,48,-0.09,-0.00142,-0.09,False,False,0.04730778123678281,0.5865550430320665,0.9225414997749315,True,True,True,True,0.810702733444709
5m,early_hl_wide_3r,early-higher-low,W001,OPEN,2026-05-01 14:00,5.5099,5.35,5.9896,8.7062,2026-05-01 15:55,5.445,session_close,23,-0.0649,-0.01178,-0.41,False,False,0.0,0.7319297481462206,1.3812207821973788,True,True,True,True,0.6317671187024154
5m,early_hl_wide_3r,early-higher-low,W002,OPEN,2026-05-05 11:45,5.115,4.97,5.55,8.5044,2026-05-05 15:45,5.2501,time_exit,48,0.1351,0.02641,0.93,True,True,-0.2904580514548005,0.3925413493640395,1.8903936611178285,True,True,False,True,0.8949401835339931
5m,early_hl_wide_3r,early-higher-low,W003,OPEN,2026-05-06 10:50,5.355,5.23,5.73,7.0028,2026-05-06 14:50,5.555,time_exit,48,0.2,0.03735,1.6,True,True,0.282771570362228,0.868339413927699,2.29417417954636,True,True,True,True,0.3795770695568255
5m,early_hl_wide_3r,early-higher-low,W005,OPEN,2026-05-11 13:55,4.925,4.83,5.21,5.7868,2026-05-11 15:25,4.83,stop,18,-0.095,-0.01929,-1.0,False,False,0.7150122073235288,0.8159306769008667,3.0303027283257844,True,True,True,True,0.7974913214883348
5m,early_hl_wide_3r,early-higher-low,W006,OPEN,2026-05-14 12:10,4.6397,4.48,5.1188,10.3261,2026-05-14 15:25,4.48,stop,39,-0.1597,-0.03442,-1.0,False,False,1.1995600410256824,2.8482763628384644,1.5383965218861206,True,True,True,True,0.7833713069840135
5m,early_hl_wide_3r,early-higher-low,W007,OPEN,2026-05-15 11:35,4.345,4.26,4.6,5.8688,2026-05-15 15:35,4.4,time_exit,48,0.055,0.01266,0.65,True,True,0.00691084244157647,-1.0193875345095194,0.819982723098045,False,False,False,True,0.9445903606859201
5m,early_hl_wide_3r,early-higher-low,W009,OPEN,2026-05-18 15:30,4.23,4.15,4.47,5.6738,2026-05-18 15:55,4.28,session_close,5,0.05,0.01182,0.63,True,True,0.8343229077449221,0.7142907421607392,-0.587546291305252,True,False,False,False,3.108872753627079
5m,early_hl_wide_3r,early-higher-low,W010,OPEN,2026-05-19 10:40,4.23,4.13,4.53,7.0922,2026-05-19 14:40,4.305,time_exit,48,0.075,0.01773,0.75,True,True,0.3554583902496411,1.1947477041458487,0.23669181319674326,True,False,False,True,0.5092188227680178
5m,early_hl_wide_3r,early-higher-low,W012,OPEN,2026-05-20 10:50,4.325,4.24,4.58,5.8959,2026-05-20 14:50,4.375,time_exit,48,0.05,0.01156,0.59,True,True,-0.23042001221758035,1.050176847056905,0.9324000514850717,True,True,True,True,0.9602206939972385
5m,early_hl_wide_3r,early-higher-low,W014,OPEN,2026-05-22 14:25,4.56,4.47,4.83,5.921,2026-05-22 15:55,4.53,session_close,18,-0.03,-0.00658,-0.33,False,False,-0.5458536197354813,0.5474333083733018,1.9015669381793998,True,True,True,True,0.3171915469703012
5m,early_hl_wide_3r,early-higher-low,W015,OPEN,2026-05-28 10:55,4.825,4.69,5.23,8.3938,2026-05-28 14:50,5.23,target,47,0.405,0.08394,3.0,True,True,1.3634151162020824,2.6442871950141944,-0.2068299649004457,True,True,False,True,0.5089833523558972
5m,early_hl_wide_3r,early-higher-low,W017,OPEN,2026-05-29 13:45,5.0801,5.03,5.2304,2.9586,2026-05-29 15:55,5.03,stop,26,-0.0501,-0.00986,-1.0,False,False,-0.19626599522002408,0.09842745110260065,-0.19626599522002408,True,True,True,True,0.4920267504885688
5m,early_hl_wide_3r,early-higher-low,W001,CVNA,2026-05-07 14:55,79.052,78.15,81.758,3.4231,2026-05-07 15:55,80.048,session_close,12,0.996,0.0126,1.1,True,True,-0.5682480333029982,0.4572694770516472,1.6528753003306695,False,True,True,False,0.6508806781994542
5m,early_hl_wide_3r,early-higher-low,W002,CVNA,2026-05-14 13:10,69.88,68.66,73.54,5.2375,2026-05-14 15:55,69.525,session_close,33,-0.355,-0.00508,-0.29,False,False,-0.19994201136869227,-0.3777880138720269,1.2166806586784151,True,True,True,True,0.4623937740830091
5m,early_hl_wide_3r,early-higher-low,W003,CVNA,2026-05-15 14:10,68.92,67.37,73.57,6.7469,2026-05-15 14:55,67.37,stop,9,-1.55,-0.02249,-1.0,False,False,-0.877572423542794,-0.33270032789953774,-0.06526676212124105,False,False,True,True,0.5544761563037977
5m,early_hl_wide_3r,early-higher-low,W004,CVNA,2026-05-19 15:20,63.63,63.09,65.25,2.546,2026-05-19 15:30,63.09,stop,2,-0.54,-0.00849,-1.0,False,False,-1.011197454146484,-2.2430409462559586,1.450892585620256,False,False,True,True,0.7188657305463593
5m,early_hl_wide_3r,early-higher-low,W005,CVNA,2026-05-20 11:50,65.8,63.52,72.64,10.3952,2026-05-20 15:50,64.89,time_exit,48,-0.91,-0.01383,-0.4,False,False,1.1767410621605023,2.7894980474938436,5.671142508745253,True,True,True,True,0.5732607484247074
5m,early_hl_wide_3r,early-higher-low,W006,CVNA,2026-05-21 10:55,64.03,62.62,68.26,6.6063,2026-05-21 14:55,64.305,time_exit,48,0.275,0.00429,0.2,True,False,-0.10920389468103142,0.3919724126447255,-2.0948053740333927,False,False,False,True,0.2951981712064681
5m,early_hl_wide_3r,early-higher-low,W008,CVNA,2026-05-26 11:40,71.85,70.24,76.68,6.7223,2026-05-26 15:05,70.24,stop,41,-1.61,-0.02241,-1.0,False,False,-0.6086629351691464,-1.1487915147820327,0.6443466709699308,True,True,True,False,0.45658208899587804
5m,early_hl_wide_3r,early-higher-low,W009,CVNA,2026-05-28 12:35,74.405,72.99,78.65,5.7053,2026-05-28 15:55,73.5,session_close,40,-0.905,-0.01216,-0.64,False,False,0.23574196850402185,-0.6475639264240884,0.6088479464611662,True,True,True,True,0.8241992369114293
5m,early_hl_wide_3r,early-higher-low,W001,W,2026-05-01 14:05,65.625,64.77,68.19,3.9086,2026-05-01 15:55,65.485,session_close,22,-0.14,-0.00213,-0.16,False,False,-0.5690872131480118,-0.12195401359078595,0.5988014833333555,False,False,True,True,0.9067504581308263
5m,early_hl_wide_3r,early-higher-low,W002,W,2026-05-12 15:20,60.19,59.39,62.59,3.9874,2026-05-12 15:55,60.49,session_close,7,0.3,0.00498,0.38,True,False,-0.9708740301852647,-0.21555474242255235,0.7028145840680899,False,True,True,True,1.250678818501641
5m,early_hl_wide_3r,early-higher-low,W003,W,2026-05-14 10:45,60.695,59.66,63.8,5.1157,2026-05-14 14:45,61.27,time_exit,48,0.575,0.00947,0.56,True,False,-1.668689841650961,0.5383481343210761,1.074105688523641,False,True,True,False,0.35457357255922695
5m,early_hl_wide_3r,early-higher-low,W004,W,2026-05-19 15:05,57.37,55.88,61.84,7.7915,2026-05-19 15:55,57.43,session_close,10,0.06,0.00105,0.04,True,False,-0.7009997114629796,0.5432834755220606,0.7905846405753536,True,True,True,True,0.7920148751180847
5m,early_hl_wide_3r,early-higher-low,W005,W,2026-05-20 14:45,63.65,63.06,65.42,2.7808,2026-05-20 15:55,64.88,session_close,14,1.23,0.01932,2.08,True,True,-0.9630303795203243,0.37783038734251484,0.015683641620700683,True,True,True,True,0.8285202852551893
5m,early_hl_wide_3r,early-higher-low,W006,W,2026-05-21 14:30,67.425,66.49,70.23,4.1602,2026-05-21 15:30,66.49,stop,12,-0.935,-0.01387,-1.0,False,False,-0.34732574287926754,0.1857355042077291,3.6032593035117966,True,True,True,True,0.6397416975629829
5m,early_hl_wide_3r,early-higher-low,W007,W,2026-05-22 14:30,66.84,65.87,69.75,4.3537,2026-05-22 15:55,67.08,session_close,17,0.24,0.00359,0.25,True,False,-0.059787633595653755,0.029914941583109034,1.3106028238932366,True,True,True,True,0.7514720884488973
5m,early_hl_wide_3r,early-higher-low,W008,W,2026-05-26 11:20,71.69,69.84,77.24,7.7417,2026-05-26 15:20,71.54,time_exit,48,-0.15,-0.00209,-0.08,False,False,-0.7057876019280651,-1.489667190376831,7.57121931456235,True,True,True,False,0.6927758321118819
5m,early_hl_wide_3r,early-higher-low,W009,W,2026-05-27 11:05,75.885,73.28,83.7,10.2985,2026-05-27 15:05,73.75,time_exit,48,-2.135,-0.02813,-0.82,False,False,0.2910069115655167,1.289154090728184,5.203274616177511,True,True,True,True,0.7399637865627476
5m,early_hl_wide_3r,early-higher-low,W010,W,2026-05-28 11:00,74.36,72.71,79.31,6.6568,2026-05-28 15:00,74.02,time_exit,48,-0.34,-0.00457,-0.21,False,False,0.006736500351101071,1.4334512651983822,1.0197144376353329,True,True,True,True,0.11157026634239853
5m,early_hl_wide_3r,early-higher-low,W001,ETSY,2026-05-04 15:30,64.665,64.18,66.12,2.2501,2026-05-04 15:55,64.18,stop,5,-0.485,-0.0075,-1.0,False,False,-0.3313243025317769,-1.560272586107514,-1.1614495838490724,False,False,True,False,1.3442069638000658
5m,early_hl_wide_3r,early-higher-low,W002,ETSY,2026-05-06 14:20,64.37,63.46,67.1,4.2411,2026-05-06 15:55,64.97,session_close,19,0.6,0.00932,0.66,True,False,-0.7172666267956429,-0.39462220980173157,-0.023298214178846255,False,False,True,True,0.5667277531422649
5m,early_hl_wide_3r,early-higher-low,W003,ETSY,2026-05-12 15:20,57.72,56.84,60.36,4.5738,2026-05-12 15:55,57.505,session_close,7,-0.215,-0.00372,-0.24,False,False,-0.3798297875703516,-0.517240063897495,0.1301531677908141,False,False,False,False,1.1468666030745
5m,early_hl_wide_3r,early-higher-low,W004,ETSY,2026-05-14 10:55,58.38,56.5,64.02,9.6608,2026-05-14 14:55,57.79,time_exit,48,-0.59,-0.01011,-0.31,False,False,0.11150603559135774,1.6901920735654885,0.3783990763892131,True,True,True,True,0.450986720813319
5m,early_hl_wide_3r,early-higher-low,W005,ETSY,2026-05-18 11:15,59.69,58.9,62.06,3.9705,2026-05-18 14:55,58.9,stop,44,-0.79,-0.01324,-1.0,False,False,-0.1673118421490205,-0.016759611560523968,2.7110713747277027,True,True,True,True,0.9043085954170549
5m,early_hl_wide_3r,early-higher-low,W006,ETSY,2026-05-20 13:10,59.52,58.81,61.65,3.5786,2026-05-20 15:55,60.92,session_close,33,1.4,0.02352,1.97,True,True,0.025202704868143577,0.0336085671782671,0.6169151662663852,True,True,True,True,0.9717658927621982
5m,early_hl_wide_3r,early-higher-low,W007,ETSY,2026-05-21 15:10,60.34,59.65,62.41,3.4306,2026-05-21 15:55,60.74,session_close,9,0.4,0.00663,0.58,True,False,-0.6753415476775548,-1.3416225607890908,0.14631731451755225,False,False,True,False,0.5713405213837065
5m,early_hl_wide_3r,early-higher-low,W008,ETSY,2026-05-27 11:35,65.39,64.26,68.78,5.1843,2026-05-27 13:45,64.26,stop,26,-1.13,-0.01728,-1.0,False,False,-0.456764693002254,-0.525066397979268,0.3676580820829445,True,False,True,False,0.15160259087423023
5m,early_hl_wide_3r,early-higher-low,W009,ETSY,2026-05-28 11:20,66.315,65.16,69.78,5.2251,2026-05-28 15:20,67.17,time_exit,48,0.855,0.01289,0.74,True,True,-0.15060010816734248,0.3025787931220991,3.8859344543912933,True,True,True,True,1.0349799487026883
5m,early_hl_wide_3r,early-higher-low,W010,ETSY,2026-05-29 12:55,67.38,66.39,70.35,4.4078,2026-05-29 13:30,66.39,stop,7,-0.99,-0.01469,-1.0,False,False,-0.4726731303531184,-0.5167667003810883,0.6069477057820905,False,False,True,True,0.391982393449606
5m,early_hl_wide_3r,early-higher-low,W001,FUBO,2026-05-01 14:20,13.5,13.18,14.46,7.1111,2026-05-01 15:55,13.805,session_close,19,0.305,0.02259,0.95,True,True,-0.589101061528019,-0.23278914377996562,1.1993991422936334,True,True,True,True,0.2936165397733702
5m,early_hl_wide_3r,early-higher-low,W003,FUBO,2026-05-07 10:55,10.73,10.43,11.63,8.3877,2026-05-07 14:55,10.64,time_exit,48,-0.09,-0.00839,-0.3,False,False,-1.379941307355026,1.5151500099837678,1.6113751016160194,True,True,False,True,0.2074956080421628
5m,early_hl_wide_3r,early-higher-low,W004,FUBO,2026-05-13 13:05,9.99,9.77,10.65,6.6066,2026-05-13 15:55,9.915,session_close,34,-0.075,-0.00751,-0.34,False,False,-0.6958314669851862,0.9090924854121774,2.0428989790034713,True,True,True,True,0.28382103344884674
5m,early_hl_wide_3r,early-higher-low,W005,FUBO,2026-05-14 13:05,9.95,9.73,10.61,6.6332,2026-05-14 13:55,9.73,stop,10,-0.22,-0.02211,-1.0,False,False,-0.4004000277224251,-0.3005985405533318,1.1178826724745239,True,True,True,True,0.4126410879162063
5m,early_hl_wide_3r,early-higher-low,W006,FUBO,2026-05-20 12:00,9.32,9.14,9.86,5.794,2026-05-20 15:55,9.155,session_close,47,-0.165,-0.0177,-0.92,False,False,0.26881309696293876,1.0840045925231356,2.6417145856954205,True,True,True,True,1.5585956459992452
5m,early_hl_wide_3r,early-higher-low,W007,FUBO,2026-05-21 15:05,9.19,8.94,9.94,8.161,2026-05-21 15:55,9.15,session_close,10,-0.04,-0.00435,-0.16,False,False,-0.9169367200600798,-0.8099331253925146,2.169084020724976,False,False,True,True,0.7860544037952313
5m,early_hl_wide_3r,early-higher-low,W008,FUBO,2026-05-22 10:40,9.5701,9.36,10.2004,6.5861,2026-05-22 14:40,9.73,time_exit,48,0.1599,0.01671,0.76,True,True,-0.49853876228824756,-0.518126829399379,4.746322110499501,True,True,True,True,0.3557250772653804
5m,early_hl_wide_3r,early-higher-low,W010,FUBO,2026-05-26 10:50,9.61,9.45,10.09,4.9948,2026-05-26 14:50,9.54,time_exit,48,-0.07,-0.00728,-0.44,False,False,-1.030921956306552,-0.4149373488428587,-1.6393426604503047,False,False,False,False,0.5077877252365025
5m,early_hl_wide_3r,early-higher-low,W011,FUBO,2026-05-28 11:20,10.21,9.97,10.93,7.0519,2026-05-28 15:20,10.3306,time_exit,48,0.1206,0.01181,0.5,True,True,0.5527177088213486,0.7522333427791628,3.61522912290817,True,True,True,True,0.7556682544338057
5m,early_hl_wide_3r,early-higher-low,W013,FUBO,2026-05-29 14:30,10.33,10.19,10.75,4.0658,2026-05-29 15:45,10.19,stop,15,-0.14,-0.01355,-1.0,False,False,-0.48169740061274613,-0.5296129413923101,1.076317551890127,False,False,True,True,0.6126144771563098
5m,early_hl_wide_3r,early-higher-low,W001,ROKU,2026-05-01 15:10,123.47,120.3,132.98,7.7023,2026-05-01 15:55,123.63,session_close,9,0.16,0.0013,0.05,True,False,0.05874066758648766,1.813682516812043,1.3874086489438664,True,True,True,True,0.8147277462950753
5m,early_hl_wide_3r,early-higher-low,W002,ROKU,2026-05-04 12:50,125.4,124.04,129.48,3.2536,2026-05-04 15:55,126.1,session_close,37,0.7,0.00558,0.51,True,False,-0.13435368046196272,0.5328319489613875,-1.3833231861928974,False,False,True,False,0.4018617246340019
5m,early_hl_wide_3r,early-higher-low,W003,ROKU,2026-05-06 14:45,127.43,124.6,135.92,6.6625,2026-05-06 15:55,127.95,session_close,14,0.52,0.00408,0.18,True,False,-0.22713993232469365,-0.4415746975283352,-0.2779049111286347,False,False,True,True,1.2963829404354867
5m,early_hl_wide_3r,early-higher-low,W004,ROKU,2026-05-08 13:15,129.43,126.65,137.77,6.4436,2026-05-08 15:55,129.43,session_close,32,0.0,0.0,0.0,False,False,0.1934535388572467,0.18569345726906494,1.0220781597164441,True,True,True,True,0.5775999948092564
5m,early_hl_wide_3r,early-higher-low,W005,ROKU,2026-05-12 14:05,126.96,124.99,132.87,4.655,2026-05-12 15:55,127.62,session_close,22,0.66,0.0052,0.34,True,False,-0.11400603009478205,0.7733786598566494,0.613765380915976,True,True,False,True,0.6598226784881008
5m,early_hl_wide_3r,early-higher-low,W006,ROKU,2026-05-15 11:15,124.6,121.62,133.54,7.175,2026-05-15 15:15,124.135,time_exit,48,-0.465,-0.00373,-0.16,False,False,-0.15226384247319924,-0.24419559763783072,-0.8120022771266444,False,False,False,True,0.49080730232681413
5m,early_hl_wide_3r,early-higher-low,W007,ROKU,2026-05-20 11:00,122.89,119.88,131.92,7.348,2026-05-20 15:00,123.525,time_exit,48,0.635,0.00517,0.21,True,False,0.4823840888415587,1.423559670458019,2.1188226706177593,True,True,True,True,0.34283557131729575
5m,early_hl_wide_3r,early-higher-low,W009,ROKU,2026-05-21 13:00,125.336,123.7,130.244,3.9159,2026-05-21 15:55,125.1,session_close,35,-0.236,-0.00188,-0.14,False,False,-0.11163780631650022,-0.5525513084222999,-0.3381359244987836,False,False,True,True,0.2610532146937645
5m,early_hl_wide_3r,early-higher-low,W010,ROKU,2026-05-27 12:25,132.15,129.69,139.53,5.5845,2026-05-27 15:55,132.01,session_close,42,-0.14,-0.00106,-0.06,False,False,0.21234550128987895,0.5210890031207116,0.9633335622321271,True,True,True,True,0.9930833214151729
5m,early_hl_wide_3r,early-higher-low,W011,ROKU,2026-05-29 14:40,130.725,129.86,133.32,1.9851,2026-05-29 15:55,130.19,end_of_data,15,-0.535,-0.00409,-0.62,False,False,-0.3808363360262357,-1.7576891090325453,-1.290571104805427,False,False,False,False,0.5912471659123043
5m,early_hl_wide_3r,early-higher-low,W003,TTD,2026-05-05 12:15,24.17,23.63,25.79,6.7025,2026-05-05 13:55,23.63,stop,20,-0.54,-0.02234,-1.0,False,False,-0.6576237070030078,-1.24617078824113,1.8323086383283504,False,False,True,True,0.42576262722852926
5m,early_hl_wide_3r,early-higher-low,W004,TTD,2026-05-08 15:10,22.425,21.94,23.88,6.4883,2026-05-08 15:55,23.07,session_close,9,0.645,0.02876,1.33,True,True,-0.3111873730218373,1.516983726330401,1.2415332878841667,True,True,False,True,0.8177527469308853
5m,early_hl_wide_3r,early-higher-low,W005,TTD,2026-05-11 13:00,21.395,21.12,22.22,3.856,2026-05-11 15:55,21.51,session_close,35,0.115,0.00538,0.42,True,False,-0.09339461549670025,0.6113382170070292,0.3282517811013186,True,True,False,True,0.9501038072139358
5m,early_hl_wide_3r,early-higher-low,W006,TTD,2026-05-15 11:20,20.765,20.5,21.56,3.8285,2026-05-15 15:20,20.9,time_exit,48,0.135,0.0065,0.51,True,False,-0.45552297022156685,0.4358963072833788,1.9145771898903874,True,True,True,False,0.558302419541484
5m,early_hl_wide_3r,early-higher-low,W007,TTD,2026-05-20 11:55,20.7999,20.23,22.5096,8.2198,2026-05-20 15:55,21.025,time_exit,48,0.2251,0.01082,0.39,True,True,-0.3832331674541556,1.0692554323048498,1.7367883217264124,True,False,False,True,1.0124189826202588
5m,early_hl_wide_3r,early-higher-low,W008,TTD,2026-05-21 11:00,21.025,20.52,22.54,7.2057,2026-05-21 15:00,21.335,time_exit,48,0.31,0.01474,0.61,True,True,-0.5910165591231697,1.2277282385484423,0.4778990925486726,True,True,True,True,0.5909761460515424
5m,early_hl_wide_3r,early-higher-low,W009,TTD,2026-05-22 14:50,22.03,21.89,22.45,1.9065,2026-05-22 15:55,22.38,session_close,13,0.35,0.01589,2.5,True,True,-0.3619087326973025,-1.5096665999399739,-1.5642475149484802,False,False,True,False,0.44182308765294276
5m,early_hl_wide_3r,early-higher-low,W010,TTD,2026-05-26 13:15,22.365,22.06,23.28,4.0912,2026-05-26 15:45,22.06,stop,30,-0.305,-0.01364,-1.0,False,False,-0.044693760365743795,-0.26755615600300153,0.313970372660588,False,False,True,True,0.45586824817022004
5m,early_hl_wide_3r,early-higher-low,W011,TTD,2026-05-27 11:00,23.135,22.91,23.81,2.9177,2026-05-27 11:50,22.91,stop,10,-0.225,-0.00973,-1.0,False,False,-0.516013486197886,0.7402572399930696,4.32920417068996,True,True,True,True,0.4301551283674939
5m,early_hl_wide_3r,early-higher-low,W012,TTD,2026-05-29 10:45,21.58,21.01,23.29,7.924,2026-05-29 14:45,21.89,time_exit,48,0.31,0.01437,0.54,True,True,0.4885972236139402,1.3373995990360932,1.6474392106153424,True,True,True,True,0.6817538797403037
5m,early_hl_wide_3r,early-higher-low,W001,BILL,2026-05-04 11:55,39.69,38.59,42.99,8.3144,2026-05-04 15:55,39.72,time_exit,48,0.03,0.00076,0.03,True,False,-0.6262525337350389,-1.5877032561198656,1.1215871318970283,False,False,True,False,0.7578742618964919
5m,early_hl_wide_3r,early-higher-low,W002,BILL,2026-05-06 11:00,37.75,37.02,39.94,5.8013,2026-05-06 15:00,37.02,stop,48,-0.73,-0.01934,-1.0,False,False,-0.9963321295132777,0.989566563050559,-1.5897853201258805,False,False,False,True,0.3536434069272838
5m,early_hl_wide_3r,early-higher-low,W003,BILL,2026-05-08 13:15,40.42,39.87,42.07,4.0821,2026-05-08 15:55,41.77,session_close,32,1.35,0.0334,2.45,True,True,0.0,0.0,-0.1608374116880973,True,True,True,False,0.39201804302231913
5m,early_hl_wide_3r,early-higher-low,W005,BILL,2026-05-13 10:55,40.67,39.6,43.88,7.8928,2026-05-13 13:10,39.6,stop,27,-1.07,-0.02631,-1.0,False,False,-1.0044274464748204,1.9413866769207422,-0.37943399041999726,True,True,False,True,0.3796379336706169
5m,early_hl_wide_3r,early-higher-low,W006,BILL,2026-05-14 11:10,40.535,39.48,43.7,7.8081,2026-05-14 12:50,39.48,stop,20,-1.055,-0.02603,-1.0,False,False,0.14829800951241534,0.39643172693875073,0.8461925087245303,True,True,True,True,0.5788989768209879
5m,early_hl_wide_3r,early-higher-low,W007,BILL,2026-05-15 11:15,40.53,39.74,42.9,5.8475,2026-05-15 15:15,40.44,time_exit,48,-0.09,-0.00222,-0.11,False,False,0.48351025532080705,1.1102786289780786,2.413449174677651,True,True,True,True,0.9970142590060551
5m,early_hl_wide_3r,early-higher-low,W009,BILL,2026-05-20 14:25,37.89,37.26,39.78,4.9881,2026-05-20 15:55,38.31,session_close,18,0.42,0.01108,0.67,True,True,-0.4398722397040422,0.33743185714929513,0.403866947475251,True,False,True,True,0.6441438916254957
5m,early_hl_wide_3r,early-higher-low,W001,TWLO,2026-05-01 14:05,178.84,175.36,189.28,5.8376,2026-05-01 15:55,183.35,session_close,22,4.51,0.02522,1.3,True,True,0.4772902021419112,-0.759799864531796,0.6864737859122894,True,False,True,True,0.5902741410544364
5m,early_hl_wide_3r,early-higher-low,W003,TWLO,2026-05-04 11:55,188.81,185.67,198.23,4.9891,2026-05-04 15:55,189.67,time_exit,48,0.86,0.00455,0.27,True,False,0.4442034461849209,0.3241236026795935,2.1256991410576243,True,True,True,True,1.664846865618606
5m,early_hl_wide_3r,early-higher-low,W005,TWLO,2026-05-05 11:40,194.1725,189.83,207.2,6.7092,2026-05-05 15:40,195.905,time_exit,48,1.7325,0.00892,0.4,True,False,-0.27225498755946154,-0.23125389624902848,-0.2286955874627683,True,True,True,True,0.4574219387107881
5m,early_hl_wide_3r,early-higher-low,W006,TWLO,2026-05-07 11:20,200.055,195.21,214.59,7.2655,2026-05-07 15:20,196.77,time_exit,48,-3.285,-0.01642,-0.68,False,False,0.027496337890631217,0.2103830392977013,4.751804980239416,True,True,True,True,0.688465153362451
5m,early_hl_wide_3r,early-higher-low,W007,TWLO,2026-05-08 12:55,201.465,196.49,216.39,7.4082,2026-05-08 15:55,201.66,session_close,36,0.195,0.00097,0.04,True,False,-0.39555157070844116,0.4738139392729046,0.8965207118607932,True,True,True,True,0.3976125578658354
5m,early_hl_wide_3r,early-higher-low,W008,TWLO,2026-05-14 12:10,195.46,193.89,200.17,2.4097,2026-05-14 12:45,193.89,stop,7,-1.57,-0.00803,-1.0,False,False,-0.7061928449513033,-1.1331395777866349,1.1829896593669176,False,False,True,True,0.3740085722288946
5m,early_hl_wide_3r,early-higher-low,W009,TWLO,2026-05-15 14:45,199.185,195.18,211.2,6.0321,2026-05-15 15:55,198.2,session_close,14,-0.985,-0.00495,-0.25,False,False,-0.2628857531539075,-0.7301252840538175,0.3450869312814797,False,False,True,True,0.882795643115069
5m,early_hl_wide_3r,early-higher-low,W010,TWLO,2026-05-18 10:45,198.09,191.52,217.8,9.95,2026-05-18 14:45,195.54,time_exit,48,-2.55,-0.01287,-0.39,False,False,-0.3320529390021032,2.0713129815200126,-0.42723843064331746,True,False,False,True,0.32318985392524535
5m,early_hl_wide_3r,early-higher-low,W011,TWLO,2026-05-26 12:10,188.0,185.45,195.65,4.0691,2026-05-26 15:55,189.67,session_close,45,1.67,0.00888,0.65,True,False,0.1625235453435181,0.023952231942026003,0.411316078592705,True,True,True,True,0.9943909181181396
5m,early_hl_wide_3r,early-higher-low,W012,TWLO,2026-05-29 12:40,188.57,183.52,203.72,8.0342,2026-05-29 15:55,190.67,end_of_data,39,2.1,0.01114,0.42,True,True,-0.6292989796109261,0.7447768756893902,1.730546854286663,True,True,True,True,0.6103195137851309
5m,early_hl_wide_3r,early-higher-low,W002,DOCN,2026-05-04 11:35,105.6,104.01,110.37,4.517,2026-05-04 15:35,107.28,time_exit,48,1.68,0.01591,1.06,True,True,-1.2814542135008655,0.009478002791785123,2.272398108084639,True,True,True,True,0.4458285886759319
5m,early_hl_wide_3r,early-higher-low,W004,DOCN,2026-05-05 14:45,149.01,145.34,160.02,7.3888,2026-05-05 15:55,152.76,session_close,14,3.75,0.02517,1.02,True,True,1.3036380940106396,-0.20401185552910706,1.9804797226890436,True,True,True,True,0.6401735482442592
5m,early_hl_wide_3r,early-higher-low,W005,DOCN,2026-05-06 14:25,158.755,154.85,170.47,7.3793,2026-05-06 15:55,161.015,session_close,18,2.26,0.01424,0.58,True,True,0.573328314414745,1.4279328835571814,3.578652350398026,True,True,True,True,0.5302529270746488
5m,early_hl_wide_3r,early-higher-low,W006,DOCN,2026-05-08 13:35,163.51,159.98,174.1,6.4767,2026-05-08 15:55,163.94,session_close,28,0.43,0.00263,0.12,True,False,-0.28993795426508484,0.62835228297633,2.6196843947768444,True,True,True,True,0.8491133967674289
5m,early_hl_wide_3r,early-higher-low,W008,DOCN,2026-05-13 14:05,158.46,153.28,174.0,9.8069,2026-05-13 15:55,159.16,session_close,22,0.7,0.00442,0.14,True,False,-0.2425181907866114,-1.0187530517578147,-0.5838091128398393,False,False,True,False,0.5138585698220547
5m,early_hl_wide_3r,early-higher-low,W009,DOCN,2026-05-14 11:35,156.12,153.93,162.69,4.2083,2026-05-14 13:10,153.93,stop,19,-2.19,-0.01403,-1.0,False,False,0.09938049109499136,0.7615803905950624,4.07999674479167,True,True,False,True,0.372697969105255
5m,early_hl_wide_3r,early-higher-low,W010,DOCN,2026-05-15 15:40,155.52,151.43,167.79,7.8897,2026-05-15 15:55,154.83,session_close,3,-0.69,-0.00444,-0.17,False,False,-0.38431390180110325,-0.6261953530600994,-0.7989299065634281,False,False,True,True,1.2549976995089156
5m,early_hl_wide_3r,early-higher-low,W011,DOCN,2026-05-19 14:05,150.055,145.29,164.35,9.5265,2026-05-19 15:55,150.07,session_close,22,0.015,0.0001,0.0,True,False,0.8691262878827599,1.5026613997895177,4.328058250740696,True,True,True,True,0.5526746692739931
5m,early_hl_wide_3r,early-higher-low,W012,DOCN,2026-05-20 12:40,159.87,154.89,174.81,9.3451,2026-05-20 15:55,160.07,session_close,39,0.2,0.00125,0.04,True,False,-1.6789734833036363,-2.19027341566016,2.1142038900166416,False,False,True,True,0.4353102653551507
5m,early_hl_wide_3r,early-higher-low,W013,DOCN,2026-05-21 13:35,163.36,160.68,171.4,4.9216,2026-05-21 14:50,160.68,stop,15,-2.68,-0.01641,-1.0,False,False,0.8613169645864449,0.22393411993002488,2.1607266810099945,True,True,True,True,0.7340548043410285
5m,early_hl_wide_3r,early-higher-low,W014,DOCN,2026-05-26 15:15,160.497,157.93,168.198,4.7982,2026-05-26 15:55,160.73,session_close,8,0.233,0.00145,0.09,True,False,-0.15254038743319764,-0.3634616130289481,0.48663396369654777,True,False,True,True,1.2911827754352077
5m,early_hl_wide_3r,early-higher-low,W015,DOCN,2026-05-27 15:20,152.86,151.25,157.69,3.1598,2026-05-27 15:50,151.25,stop,6,-1.61,-0.01053,-1.0,False,False,-0.9364519192621601,-0.5594591487914524,0.282101919065858,False,False,False,False,0.568486419901177
5m,early_hl_wide_3r,early-higher-low,W016,DOCN,2026-05-29 12:45,156.92,153.54,167.06,6.4619,2026-05-29 15:55,156.04,end_of_data,38,-0.88,-0.00561,-0.26,False,False,0.23277437963731273,1.4622333627476225,3.089430585096564,True,True,True,True,0.22636776516080312
5m,early_hl_wide_3r,early-higher-low,W001,FROG,2026-05-01 14:20,50.48,49.56,53.24,5.4675,2026-05-01 15:55,49.87,session_close,19,-0.61,-0.01208,-0.66,False,False,0.31802791302855127,-0.5517217326046819,1.0208209479110497,True,False,True,True,0.5164073843600913
5m,early_hl_wide_3r,early-higher-low,W002,FROG,2026-05-04 11:00,52.54,51.35,56.11,6.7948,2026-05-04 15:00,52.3,time_exit,48,-0.24,-0.00457,-0.2,False,False,-0.26540168653732543,1.8783912319285667,4.738206430031888,True,True,True,True,0.42008016829596084
5m,early_hl_wide_3r,early-higher-low,W003,FROG,2026-05-05 12:30,53.95,53.42,55.54,2.9472,2026-05-05 15:55,54.46,session_close,41,0.51,0.00945,0.96,True,False,-0.6269595343128986,-0.5168890322344355,-0.05563572016987761,False,True,True,True,0.7771047733215289
5m,early_hl_wide_3r,early-higher-low,W004,FROG,2026-05-06 14:15,53.16,52.04,56.52,6.3205,2026-05-06 15:55,53.84,session_close,20,0.68,0.01279,0.61,True,True,-0.7097517026844691,0.08471837997428011,1.431024617789678,True,True,True,True,0.8627288973181731
5m,early_hl_wide_3r,early-higher-low,W005,FROG,2026-05-07 15:30,57.42,55.82,62.22,8.3594,2026-05-07 15:55,57.01,session_close,5,-0.41,-0.00714,-0.26,False,False,0.4636909581331228,1.7996442591986517,2.2938885935060993,True,True,True,True,2.296908098696487
5m,early_hl_wide_3r,early-higher-low,W006,FROG,2026-05-08 13:40,71.25,69.59,76.23,6.9895,2026-05-08 15:45,69.59,stop,25,-1.66,-0.0233,-1.0,False,False,-0.6903697883624993,0.7998335876104878,2.8974060277952463,True,True,True,True,0.45338793735647237
5m,early_hl_wide_3r,early-higher-low,W007,FROG,2026-05-12 14:55,67.485,65.88,72.3,7.1349,2026-05-12 15:55,67.6,session_close,12,0.115,0.0017,0.07,True,False,0.2897684822498414,1.3972360866706612,2.9124671841811223,True,True,True,True,0.8876654750600458
5m,early_hl_wide_3r,early-higher-low,W008,FROG,2026-05-15 11:20,66.04,63.99,72.19,9.3125,2026-05-15 15:20,66.115,time_exit,48,0.075,0.00114,0.04,True,False,0.5787347429547118,0.3649012977411825,2.2132801294954207,True,True,True,True,0.5465705181955391
5m,early_hl_wide_3r,early-higher-low,W010,FROG,2026-05-18 10:50,66.76,65.64,70.12,5.033,2026-05-18 14:50,67.12,time_exit,48,0.36,0.00539,0.32,True,False,-0.17181811332016572,0.28518190079738215,0.9747684604949125,False,True,True,False,0.3461000852548724
5m,early_hl_wide_3r,early-higher-low,W012,FROG,2026-05-19 14:25,69.275,68.38,71.96,3.8759,2026-05-19 15:55,70.74,session_close,18,1.465,0.02115,1.64,True,True,-0.057708885693474876,0.6319076280206781,1.957468300873355,True,True,True,True,0.8172315128301586
5m,early_hl_wide_3r,early-higher-low,W013,FROG,2026-05-20 10:35,71.295,68.51,79.65,11.7189,2026-05-20 14:35,73.187,time_exit,48,1.892,0.02654,0.68,True,True,0.06285212854060251,2.028675147709458,2.101870920271409,True,True,True,True,2.610317492041393
5m,early_hl_wide_3r,early-higher-low,W015,FROG,2026-05-22 10:40,72.7242,71.32,76.9368,5.7926,2026-05-22 14:40,73.93,time_exit,48,1.2058,0.01658,0.86,True,True,-0.8313340150862825,0.4606741347913168,1.4209101724371953,True,True,True,False,0.13046147309622627
5m,early_hl_wide_3r,early-higher-low,W017,FROG,2026-05-27 11:30,71.72,69.99,76.91,7.2365,2026-05-27 15:30,71.8,time_exit,48,0.08,0.00112,0.05,True,False,-0.6930006783446241,-0.7892546180971571,-1.835862963568835,False,False,False,False,0.3846513247874139
5m,early_hl_wide_3r,early-higher-low,W018,FROG,2026-05-28 12:05,73.47,71.67,78.87,7.3499,2026-05-28 15:55,72.76,session_close,46,-0.71,-0.00966,-0.39,False,False,-0.474262993282204,0.27303337643984626,0.10221049164182983,True,True,True,True,0.44545341510273984
5m,early_hl_wide_3r,early-higher-low,W019,FROG,2026-05-29 15:15,79.44,77.05,86.61,9.0257,2026-05-29 15:55,79.49,end_of_data,8,0.05,0.00063,0.02,True,False,0.13866205447192748,0.8633827916860515,1.5986698567207691,True,True,True,True,1.3828429529670156
5m,early_hl_wide_3r,early-higher-low,W001,ESTC,2026-05-04 10:55,50.69,49.42,54.5,7.5163,2026-05-04 14:55,50.32,time_exit,48,-0.37,-0.0073,-0.29,False,False,-0.3144651023059386,1.5212212773372036,3.8493060242458244,True,True,True,True,0.2720354630311286
5m,early_hl_wide_3r,early-higher-low,W002,ESTC,2026-05-08 10:45,51.29,49.67,56.15,9.4755,2026-05-08 14:45,51.73,time_exit,48,0.44,0.00858,0.27,True,False,0.33248223233721674,2.089550720518507,-0.8599859001060195,True,True,False,True,0.6192336287572136
5m,early_hl_wide_3r,early-higher-low,W003,ESTC,2026-05-14 12:45,50.15,48.98,53.66,6.999,2026-05-14 15:55,49.79,session_close,38,-0.36,-0.00718,-0.31,False,False,-0.781560052647956,-0.06974859944052225,0.9022721337805351,True,True,True,True,0.5084948112774359
5m,early_hl_wide_3r,early-higher-low,W004,ESTC,2026-05-15 12:55,50.84,50.27,52.55,3.3635,2026-05-15 15:55,50.54,session_close,36,-0.3,-0.0059,-0.53,False,False,-0.7038134889779446,0.19728209021034893,-0.3335913893238507,False,True,True,True,0.4081597312414498
5m,early_hl_wide_3r,early-higher-low,W005,ESTC,2026-05-21 10:55,54.64,53.39,58.39,6.8631,2026-05-21 14:55,54.28,time_exit,48,-0.36,-0.00659,-0.29,False,False,-0.16483544890673052,0.5534020330697276,0.018345544097631006,True,False,True,True,0.24241367282874082
5m,early_hl_wide_3r,early-higher-low,W006,ESTC,2026-05-21 15:10,54.3199,53.93,55.4896,2.1534,2026-05-21 15:20,53.93,stop,2,-0.3899,-0.00718,-1.0,False,False,-0.47636886681549084,-0.43988576324391904,0.16596008362086412,False,False,True,True,1.2149427591974062
5m,early_hl_wide_3r,early-higher-low,W007,ESTC,2026-05-27 11:30,53.83,53.01,56.29,4.57,2026-05-27 15:30,54.22,time_exit,48,0.39,0.00725,0.48,True,False,-0.4822821782027642,-1.0512720066235826,-1.4149148639733045,False,False,False,False,0.5476332661779858
5m,early_hl_wide_3r,early-higher-low,W008,ESTC,2026-05-28 13:25,58.55,57.23,62.51,6.7634,2026-05-28 15:40,57.23,stop,27,-1.32,-0.02254,-1.0,False,False,-0.5042399030301348,-0.8048157999562933,0.15395831848696861,False,False,True,True,0.8925910479939322
5m,early_hl_wide_3r,early-higher-low,W009,ESTC,2026-05-29 12:40,62.11,60.55,66.79,7.535,2026-05-29 15:55,64.759,end_of_data,39,2.649,0.04265,1.7,True,True,-0.4726777273939442,1.5282794518258758,1.5780868822701466,True,True,True,True,0.3689707622105797
5m,early_hl_wide_3r,early-higher-low,W001,GTLB,2026-05-01 14:10,23.76,23.42,24.78,4.2929,2026-05-01 15:55,24.06,session_close,21,0.3,0.01263,0.88,True,True,-0.25209860447791277,0.0843189643450648,0.7212561667163442,True,True,True,True,0.725905006743622
5m,early_hl_wide_3r,early-higher-low,W002,GTLB,2026-05-04 11:25,24.55,23.9,26.5,7.943,2026-05-04 15:25,24.59,time_exit,48,0.04,0.00163,0.06,True,False,-0.6075318561591825,-0.8084028190828874,2.6563489255056805,True,True,True,True,0.6213101950173958
5m,early_hl_wide_3r,early-higher-low,W003,GTLB,2026-05-06 14:20,24.325,23.94,25.48,4.7482,2026-05-06 15:55,24.31,session_close,19,-0.015,-0.00062,-0.04,False,False,-0.491001786461398,-0.10268892682431252,0.3714409999513446,False,False,True,True,0.8804041483449702
5m,early_hl_wide_3r,early-higher-low,W004,GTLB,2026-05-07 10:55,25.68,25.14,27.3,6.3084,2026-05-07 14:55,25.945,time_exit,48,0.265,0.01032,0.49,True,True,0.039002453665704095,0.5291014388054682,6.035547962957244,True,True,True,True,0.42953430799359715
5m,early_hl_wide_3r,early-higher-low,W005,GTLB,2026-05-08 15:10,25.65,25.14,27.18,5.9649,2026-05-08 15:55,25.98,session_close,9,0.33,0.01287,0.65,True,True,-0.2914840922080386,-0.09735053829120766,0.2540075563502553,True,False,True,True,1.6971246124744448
5m,early_hl_wide_3r,early-higher-low,W006,GTLB,2026-05-12 13:15,23.425,22.92,24.94,6.4674,2026-05-12 15:50,22.92,stop,31,-0.505,-0.02156,-1.0,False,False,-0.3402804037737961,-1.8021806126409912,-2.0075263291491896,False,False,False,True,0.853213279524861
5m,early_hl_wide_3r,early-higher-low,W007,GTLB,2026-05-14 11:15,22.915,22.48,24.22,5.695,2026-05-14 12:50,22.48,stop,19,-0.435,-0.01898,-1.0,False,False,0.4604233318624251,2.0262744388865883,3.665155891225891,True,True,True,True,1.253137597391449
5m,early_hl_wide_3r,early-higher-low,W008,GTLB,2026-05-15 11:20,23.5,22.89,25.33,7.7872,2026-05-15 15:20,23.785,time_exit,48,0.285,0.01213,0.47,True,True,0.0852171212135211,2.0860475335147344,4.168516921777732,True,True,True,True,0.6046403452732482
5m,early_hl_wide_3r,early-higher-low,W010,GTLB,2026-05-18 15:10,25.09,24.74,26.14,4.1849,2026-05-18 15:55,25.1,session_close,9,0.01,0.0004,0.03,True,False,0.15968429838577602,0.07977845236193382,0.19967745699858153,True,True,True,True,0.7718792950303335
5m,early_hl_wide_3r,early-higher-low,W011,GTLB,2026-05-20 10:35,25.67,24.95,27.83,8.4145,2026-05-20 14:35,26.5634,time_exit,48,0.8934,0.0348,1.24,True,True,0.27354315907317517,2.4351322512181417,2.2718202126651876,True,True,True,True,0.4732272620793241
5m,early_hl_wide_3r,early-higher-low,W013,GTLB,2026-05-21 14:35,25.76,25.31,27.11,5.2407,2026-05-21 15:55,25.64,session_close,16,-0.12,-0.00466,-0.27,False,False,-0.3095972261363933,0.03883584031783016,0.9800078312698579,True,True,True,True,0.5262969407031817
5m,early_hl_wide_3r,early-higher-low,W014,GTLB,2026-05-27 11:30,26.695,25.96,28.9,8.26,2026-05-27 15:30,26.445,time_exit,48,-0.25,-0.00937,-0.34,False,False,-0.5218016774004353,-1.166445608213984,-0.26158331175450966,False,False,False,True,0.4622265565887041
5m,early_hl_wide_3r,early-higher-low,W015,GTLB,2026-05-29 10:40,29.675,28.54,33.08,11.4743,2026-05-29 14:40,30.6855,time_exit,48,1.0105,0.03405,0.89,True,True,1.0725182761595287,3.4500776499284402,4.432718602289509,True,True,True,True,0.6411405562933797
5m,early_hl_wide_3r,early-higher-low,W017,GTLB,2026-05-29 14:40,30.69,29.84,33.24,8.3089,2026-05-29 15:55,31.06,end_of_data,15,0.37,0.01206,0.44,True,True,-0.09765227853970604,0.032595269825175244,1.2537151923813772,True,True,True,True,0.5847571555295722
