interval,variant,entry_mode,pattern_id,symbol,entry_date,entry_price,stop_price,target_price,target_return_pct,exit_date,exit_price,exit_reason,bars_held,pnl_per_share,return_pct,r_multiple,win,quality_win
5m,early_hl_wide_3r,early-higher-low,W001,MU,2026-05-01 15:00,540.125,525.78,583.16,7.9676,2026-05-01 15:55,542.32,session_close,11,2.195,0.00406,0.15,True,False
5m,early_hl_wide_3r,early-higher-low,W002,MU,2026-05-05 11:00,636.65,627.15,665.1501,4.4766,2026-05-05 15:00,644.28,time_exit,48,7.63,0.01198,0.8,True,True
5m,early_hl_wide_3r,early-higher-low,W003,MU,2026-05-08 10:55,709.21,699.29,738.9701,4.1962,2026-05-08 12:30,738.9701,target,19,29.7601,0.04196,3.0,True,True
5m,early_hl_wide_3r,early-higher-low,W004,MU,2026-05-08 13:05,733.0,708.78,805.66,9.9127,2026-05-08 15:55,747.07,session_close,34,14.07,0.0192,0.58,True,True
5m,early_hl_wide_3r,early-higher-low,W005,MU,2026-05-11 13:30,803.3,782.75,864.95,7.6746,2026-05-11 15:55,795.52,session_close,29,-7.78,-0.00969,-0.38,False,False
5m,early_hl_wide_3r,early-higher-low,W006,MU,2026-05-12 15:10,744.81,735.18,773.7,3.8788,2026-05-12 15:55,765.765,session_close,9,20.955,0.02813,2.18,True,True
5m,early_hl_wide_3r,early-higher-low,W007,MU,2026-05-13 15:00,799.84,790.23,828.6701,3.6045,2026-05-13 15:55,803.38,session_close,11,3.54,0.00443,0.37,True,False
5m,early_hl_wide_3r,early-higher-low,W008,MU,2026-05-14 14:25,788.31,777.31,821.31,4.1862,2026-05-14 15:55,777.31,stop,18,-11.0,-0.01395,-1.0,False,False
5m,early_hl_wide_3r,early-higher-low,W009,MU,2026-05-19 13:40,722.54,706.16,771.6799,6.801,2026-05-19 14:55,706.16,stop,15,-16.38,-0.02267,-1.0,False,False
5m,early_hl_wide_3r,early-higher-low,W010,MU,2026-05-20 14:40,727.8899,707.79,788.1896,8.2842,2026-05-20 15:55,732.14,session_close,15,4.2501,0.00584,0.21,True,False
5m,early_hl_wide_3r,early-higher-low,W011,MU,2026-05-21 13:40,758.705,740.93,812.0301,7.0284,2026-05-21 15:55,761.92,session_close,27,3.215,0.00424,0.18,True,False
5m,early_hl_wide_3r,early-higher-low,W012,MU,2026-05-22 12:00,765.3157,746.02,823.2027,7.5638,2026-05-22 15:55,750.79,session_close,47,-14.5257,-0.01898,-0.75,False,False
5m,early_hl_wide_3r,early-higher-low,W013,MU,2026-05-26 15:40,912.7,889.69,981.73,7.5633,2026-05-26 15:55,896.6,session_close,3,-16.1,-0.01764,-0.7,False,False
5m,early_hl_wide_3r,early-higher-low,W014,MU,2026-05-28 11:35,944.62,925.57,1001.77,6.0501,2026-05-28 14:45,925.57,stop,38,-19.05,-0.02017,-1.0,False,False
5m,early_hl_wide_3r,early-higher-low,W015,MU,2026-05-29 10:40,962.5,941.93,1024.21,6.4114,2026-05-29 14:40,957.4,time_exit,48,-5.1,-0.0053,-0.25,False,False
5m,early_hl_wide_3r,early-higher-low,W001,SNDK,2026-05-04 15:35,1265.625,1232.29,1365.63,7.9016,2026-05-04 15:55,1256.02,session_close,4,-9.605,-0.00759,-0.29,False,False
5m,early_hl_wide_3r,early-higher-low,W002,SNDK,2026-05-05 12:40,1376.97,1354.8,1443.4799,4.8302,2026-05-05 15:55,1406.0,session_close,39,29.03,0.02108,1.31,True,True
5m,early_hl_wide_3r,early-higher-low,W003,SNDK,2026-05-07 11:25,1356.17,1320.6,1462.8802,7.8685,2026-05-07 12:05,1320.6,stop,8,-35.57,-0.02623,-1.0,False,False
5m,early_hl_wide_3r,early-higher-low,W004,SNDK,2026-05-08 11:00,1479.05,1434.72,1612.0402,8.9916,2026-05-08 15:00,1531.08,time_exit,48,52.0299,0.03518,1.17,True,True
5m,early_hl_wide_3r,early-higher-low,W007,SNDK,2026-05-11 15:10,1577.99,1552.7,1653.86,4.808,2026-05-11 15:25,1552.7,stop,3,-25.29,-0.01603,-1.0,False,False
5m,early_hl_wide_3r,early-higher-low,W008,SNDK,2026-05-15 11:05,1397.1401,1343.13,1559.1705,11.5973,2026-05-15 15:05,1407.5001,time_exit,48,10.36,0.00742,0.19,True,False
5m,early_hl_wide_3r,early-higher-low,W009,SNDK,2026-05-19 14:05,1389.37,1358.72,1481.32,6.6181,2026-05-19 15:55,1383.85,session_close,22,-5.52,-0.00397,-0.18,False,False
5m,early_hl_wide_3r,early-higher-low,W010,SNDK,2026-05-22 14:25,1519.4999,1501.45,1573.6495,3.5636,2026-05-22 15:05,1501.45,stop,8,-18.0499,-0.01188,-1.0,False,False
5m,early_hl_wide_3r,early-higher-low,W011,SNDK,2026-05-26 11:25,1591.92,1552.21,1711.0502,7.4834,2026-05-26 15:25,1614.4,time_exit,48,22.48,0.01412,0.57,True,True
5m,early_hl_wide_3r,early-higher-low,W012,SNDK,2026-05-27 15:25,1588.6342,1545.23,1718.8466,8.1965,2026-05-27 15:55,1588.9,session_close,6,0.2659,0.00017,0.01,True,False
5m,early_hl_wide_3r,early-higher-low,W001,GLW,2026-05-07 14:40,180.405,177.11,190.29,5.4793,2026-05-07 15:55,182.44,session_close,15,2.035,0.01128,0.62,True,True
5m,early_hl_wide_3r,early-higher-low,W002,GLW,2026-05-11 10:45,200.79,194.94,218.34,8.7405,2026-05-11 14:45,208.14,time_exit,48,7.35,0.03661,1.26,True,True
5m,early_hl_wide_3r,early-higher-low,W005,GLW,2026-05-12 15:00,196.39,191.99,209.59,6.7213,2026-05-12 15:55,198.3,session_close,11,1.91,0.00973,0.43,True,False
5m,early_hl_wide_3r,early-higher-low,W006,GLW,2026-05-13 15:10,207.365,201.48,225.02,8.514,2026-05-13 15:55,206.55,session_close,9,-0.815,-0.00393,-0.14,False,False
5m,early_hl_wide_3r,early-higher-low,W007,GLW,2026-05-14 13:00,208.76,204.44,221.72,6.2081,2026-05-14 15:55,208.29,session_close,35,-0.47,-0.00225,-0.11,False,False
5m,early_hl_wide_3r,early-higher-low,W008,GLW,2026-05-15 10:45,198.93,193.34,215.7,8.4301,2026-05-15 14:45,195.66,time_exit,48,-3.27,-0.01644,-0.58,False,False
5m,early_hl_wide_3r,early-higher-low,W009,GLW,2026-05-20 12:40,180.71,178.35,187.79,3.9179,2026-05-20 13:15,178.35,stop,7,-2.36,-0.01306,-1.0,False,False
5m,early_hl_wide_3r,early-higher-low,W010,GLW,2026-05-21 11:05,188.98,184.95,201.07,6.3975,2026-05-21 15:05,191.89,time_exit,48,2.91,0.0154,0.72,True,True
5m,early_hl_wide_3r,early-higher-low,W011,GLW,2026-05-21 15:10,191.88,185.6,210.72,9.8186,2026-05-21 15:55,191.94,session_close,9,0.06,0.00031,0.01,True,False
5m,early_hl_wide_3r,early-higher-low,W012,GLW,2026-05-22 13:35,194.1,191.65,201.45,3.7867,2026-05-22 15:55,193.785,session_close,28,-0.315,-0.00162,-0.13,False,False
5m,early_hl_wide_3r,early-higher-low,W013,GLW,2026-05-26 11:05,198.78,196.52,205.56,3.4108,2026-05-26 11:20,196.52,stop,3,-2.26,-0.01137,-1.0,False,False
5m,early_hl_wide_3r,early-higher-low,W001,OKLO,2026-05-01 14:00,70.9901,69.76,74.6804,5.1983,2026-05-01 15:55,70.43,session_close,23,-0.5601,-0.00789,-0.46,False,False
5m,early_hl_wide_3r,early-higher-low,W002,OKLO,2026-05-04 11:15,71.32,69.35,77.23,8.2866,2026-05-04 12:05,69.35,stop,10,-1.97,-0.02762,-1.0,False,False
5m,early_hl_wide_3r,early-higher-low,W003,OKLO,2026-05-05 14:55,67.65,66.18,72.06,6.5189,2026-05-05 15:55,68.38,session_close,12,0.73,0.01079,0.5,True,True
5m,early_hl_wide_3r,early-higher-low,W004,OKLO,2026-05-06 14:15,78.03,75.64,85.2,9.1888,2026-05-06 15:55,79.61,session_close,20,1.58,0.02025,0.66,True,True
5m,early_hl_wide_3r,early-higher-low,W005,OKLO,2026-05-08 14:30,73.1,71.44,78.08,6.8126,2026-05-08 15:55,72.51,session_close,17,-0.59,-0.00807,-0.36,False,False
5m,early_hl_wide_3r,early-higher-low,W006,OKLO,2026-05-11 12:10,77.368,75.24,83.752,8.2515,2026-05-11 15:55,78.11,session_close,45,0.742,0.00959,0.35,True,False
5m,early_hl_wide_3r,early-higher-low,W008,OKLO,2026-05-12 15:10,73.52,71.79,78.71,7.0593,2026-05-12 15:55,73.645,session_close,9,0.125,0.0017,0.07,True,False
5m,early_hl_wide_3r,early-higher-low,W009,OKLO,2026-05-14 13:10,67.06,65.4,72.04,7.4262,2026-05-14 15:55,67.21,session_close,33,0.15,0.00224,0.09,True,False
5m,early_hl_wide_3r,early-higher-low,W010,OKLO,2026-05-18 15:40,58.33,56.52,63.76,9.3091,2026-05-18 15:55,58.6,session_close,3,0.27,0.00463,0.15,True,False
5m,early_hl_wide_3r,early-higher-low,W011,OKLO,2026-05-19 14:40,55.8,54.83,58.71,5.215,2026-05-19 15:55,55.9,session_close,15,0.1,0.00179,0.1,True,False
5m,early_hl_wide_3r,early-higher-low,W012,OKLO,2026-05-20 11:40,60.4625,59.86,62.27,2.9895,2026-05-20 15:30,62.27,target,46,1.8075,0.02989,3.0,True,True
5m,early_hl_wide_3r,early-higher-low,W013,OKLO,2026-05-21 14:30,64.29,62.56,69.48,8.0728,2026-05-21 15:55,65.1,session_close,17,0.81,0.0126,0.47,True,True
5m,early_hl_wide_3r,early-higher-low,W014,OKLO,2026-05-27 13:55,67.355,66.68,69.38,3.0065,2026-05-27 15:05,66.68,stop,14,-0.675,-0.01002,-1.0,False,False
5m,early_hl_wide_3r,early-higher-low,W015,OKLO,2026-05-28 10:50,68.36,66.78,73.1,6.9339,2026-05-28 14:50,68.3,time_exit,48,-0.06,-0.00088,-0.04,False,False
5m,early_hl_wide_3r,early-higher-low,W017,OKLO,2026-05-29 12:00,68.88,66.15,77.07,11.8902,2026-05-29 15:55,66.82,end_of_data,47,-2.06,-0.02991,-0.75,False,False
5m,early_hl_wide_3r,early-higher-low,W001,RGTI,2026-05-01 13:20,17.535,17.24,18.42,5.047,2026-05-01 15:55,17.52,session_close,31,-0.015,-0.00086,-0.05,False,False
5m,early_hl_wide_3r,early-higher-low,W002,RGTI,2026-05-04 11:15,18.545,18.2,19.58,5.581,2026-05-04 11:20,18.2,stop,1,-0.345,-0.0186,-1.0,False,False
5m,early_hl_wide_3r,early-higher-low,W003,RGTI,2026-05-05 15:40,18.28,17.66,20.14,10.1751,2026-05-05 15:55,18.26,session_close,3,-0.02,-0.00109,-0.03,False,False
5m,early_hl_wide_3r,early-higher-low,W004,RGTI,2026-05-06 11:25,19.1299,18.83,20.0296,4.7031,2026-05-06 15:25,19.87,time_exit,48,0.7401,0.03869,2.47,True,True
5m,early_hl_wide_3r,early-higher-low,W006,RGTI,2026-05-08 15:10,18.44,17.66,20.78,12.6898,2026-05-08 15:55,18.9218,session_close,9,0.4818,0.02613,0.62,True,True
5m,early_hl_wide_3r,early-higher-low,W007,RGTI,2026-05-11 13:55,20.505,20.0,22.02,7.3884,2026-05-11 15:55,20.4995,session_close,24,-0.0055,-0.00027,-0.01,False,False
5m,early_hl_wide_3r,early-higher-low,W008,RGTI,2026-05-13 14:40,18.7307,18.24,20.2028,7.8593,2026-05-13 15:25,18.24,stop,9,-0.4907,-0.0262,-1.0,False,False
5m,early_hl_wide_3r,early-higher-low,W009,RGTI,2026-05-14 10:35,18.355,17.85,19.87,8.2539,2026-05-14 14:35,19.76,time_exit,48,1.405,0.07655,2.78,True,True
5m,early_hl_wide_3r,early-higher-low,W011,RGTI,2026-05-14 15:10,19.6,19.03,21.31,8.7245,2026-05-14 15:55,19.25,session_close,9,-0.35,-0.01786,-0.61,False,False
5m,early_hl_wide_3r,early-higher-low,W012,RGTI,2026-05-15 14:45,18.2,17.63,19.91,9.3956,2026-05-15 15:55,17.86,session_close,14,-0.34,-0.01868,-0.6,False,False
5m,early_hl_wide_3r,early-higher-low,W014,RGTI,2026-05-20 11:55,16.84,16.59,17.59,4.4537,2026-05-20 15:55,16.87,time_exit,48,0.03,0.00178,0.12,True,False
5m,early_hl_wide_3r,early-higher-low,W015,RGTI,2026-05-21 14:20,21.39,20.93,22.77,6.4516,2026-05-21 15:55,22.04,session_close,19,0.65,0.03039,1.41,True,True
5m,early_hl_wide_3r,early-higher-low,W016,RGTI,2026-05-22 11:10,26.115,25.16,28.98,10.9707,2026-05-22 15:10,26.09,time_exit,48,-0.025,-0.00096,-0.03,False,False
5m,early_hl_wide_3r,early-higher-low,W017,RGTI,2026-05-27 14:15,24.58,23.78,26.98,9.764,2026-05-27 15:55,24.63,session_close,20,0.05,0.00203,0.06,True,False
5m,early_hl_wide_3r,early-higher-low,W018,RGTI,2026-05-28 10:45,25.377,24.26,28.728,13.2049,2026-05-28 14:45,26.595,time_exit,48,1.218,0.048,1.09,True,True
5m,early_hl_wide_3r,early-higher-low,W001,IONQ,2026-05-01 12:05,45.8999,45.25,47.8496,4.2477,2026-05-01 14:55,45.25,stop,34,-0.6499,-0.01416,-1.0,False,False
5m,early_hl_wide_3r,early-higher-low,W002,IONQ,2026-05-04 11:35,47.09,46.08,50.12,6.4345,2026-05-04 12:10,46.08,stop,7,-1.01,-0.02145,-1.0,False,False
5m,early_hl_wide_3r,early-higher-low,W003,IONQ,2026-05-05 12:10,46.6898,45.39,50.5892,8.3517,2026-05-05 15:55,48.03,session_close,45,1.3402,0.0287,1.03,True,True
5m,early_hl_wide_3r,early-higher-low,W005,IONQ,2026-05-06 15:00,52.41,50.82,57.18,9.1013,2026-05-06 15:55,52.53,session_close,11,0.12,0.00229,0.08,True,False
5m,early_hl_wide_3r,early-higher-low,W006,IONQ,2026-05-11 11:15,56.605,54.68,62.38,10.2023,2026-05-11 15:15,57.3818,time_exit,48,0.7768,0.01372,0.4,True,True
5m,early_hl_wide_3r,early-higher-low,W008,IONQ,2026-05-12 15:20,54.69,53.02,59.7,9.1607,2026-05-12 15:55,55.87,session_close,7,1.18,0.02158,0.71,True,True
5m,early_hl_wide_3r,early-higher-low,W009,IONQ,2026-05-13 13:05,55.64,53.93,60.77,9.22,2026-05-13 15:55,55.25,session_close,34,-0.39,-0.00701,-0.23,False,False
5m,early_hl_wide_3r,early-higher-low,W010,IONQ,2026-05-14 11:20,57.0395,54.81,63.728,11.7261,2026-05-14 15:20,57.535,time_exit,48,0.4955,0.00869,0.22,True,False
5m,early_hl_wide_3r,early-higher-low,W012,IONQ,2026-05-15 14:45,52.855,51.51,56.89,7.6341,2026-05-15 15:55,51.94,session_close,14,-0.915,-0.01731,-0.68,False,False
5m,early_hl_wide_3r,early-higher-low,W013,IONQ,2026-05-19 15:10,49.123,48.13,52.102,6.0644,2026-05-19 15:55,48.445,session_close,9,-0.678,-0.0138,-0.68,False,False
5m,early_hl_wide_3r,early-higher-low,W014,IONQ,2026-05-20 11:55,51.8,50.93,54.41,5.0386,2026-05-20 15:55,52.49,time_exit,48,0.69,0.01332,0.79,True,True
5m,early_hl_wide_3r,early-higher-low,W015,IONQ,2026-05-22 12:55,64.2,62.66,68.82,7.1962,2026-05-22 15:20,62.66,stop,29,-1.54,-0.02399,-1.0,False,False
5m,early_hl_wide_3r,early-higher-low,W016,IONQ,2026-05-26 14:25,63.88,63.16,66.04,3.3813,2026-05-26 14:30,63.16,stop,1,-0.72,-0.01127,-1.0,False,False
5m,early_hl_wide_3r,early-higher-low,W017,IONQ,2026-05-27 12:05,65.01,61.96,74.16,14.0748,2026-05-27 15:55,65.38,session_close,46,0.37,0.00569,0.12,True,False
5m,early_hl_wide_3r,early-higher-low,W018,IONQ,2026-05-28 10:45,67.755,65.35,74.97,10.6486,2026-05-28 14:45,69.33,time_exit,48,1.575,0.02325,0.65,True,True
5m,early_hl_wide_3r,early-higher-low,W019,IONQ,2026-05-29 12:45,68.89,67.39,73.39,6.5322,2026-05-29 15:55,72.06,end_of_data,38,3.17,0.04602,2.11,True,True
5m,early_hl_wide_3r,early-higher-low,W001,CSCO,2026-05-11 15:10,97.805,96.98,100.28,2.5305,2026-05-11 15:55,98.7,session_close,9,0.895,0.00915,1.08,True,False
5m,early_hl_wide_3r,early-higher-low,W002,CSCO,2026-05-13 15:10,100.8,99.36,105.12,4.2857,2026-05-13 15:55,101.93,session_close,9,1.13,0.01121,0.78,True,True
5m,early_hl_wide_3r,early-higher-low,W003,CSCO,2026-05-15 11:05,116.985,115.71,120.81,3.2697,2026-05-15 15:05,118.04,time_exit,48,1.055,0.00902,0.83,True,False
5m,early_hl_wide_3r,early-higher-low,W004,CSCO,2026-05-22 10:20,119.345,118.41,122.15,2.3503,2026-05-22 14:20,119.965,time_exit,48,0.62,0.00519,0.66,True,False
5m,early_hl_wide_3r,early-higher-low,W005,CSCO,2026-05-27 12:00,119.14,117.43,124.27,4.3059,2026-05-27 15:55,119.68,session_close,47,0.54,0.00453,0.32,True,False
5m,early_hl_wide_3r,early-higher-low,W001,AMKR,2026-05-01 10:25,70.53,68.28,77.28,9.5704,2026-05-01 14:25,71.62,time_exit,48,1.09,0.01545,0.48,True,True
5m,early_hl_wide_3r,early-higher-low,W002,AMKR,2026-05-05 11:45,76.83,75.66,80.34,4.5685,2026-05-05 15:45,75.95,time_exit,48,-0.88,-0.01145,-0.75,False,False
5m,early_hl_wide_3r,early-higher-low,W004,AMKR,2026-05-08 13:30,76.385,74.29,82.67,8.2281,2026-05-08 15:55,76.64,session_close,29,0.255,0.00334,0.12,True,False
5m,early_hl_wide_3r,early-higher-low,W005,AMKR,2026-05-12 15:10,72.39,71.3,75.66,4.5172,2026-05-12 15:55,73.47,session_close,9,1.08,0.01492,0.99,True,True
5m,early_hl_wide_3r,early-higher-low,W006,AMKR,2026-05-15 10:45,70.88,69.29,75.65,6.7297,2026-05-15 14:45,71.2769,time_exit,48,0.3969,0.0056,0.25,True,False
5m,early_hl_wide_3r,early-higher-low,W007,AMKR,2026-05-18 15:40,66.0,64.9,69.3,5.0,2026-05-18 15:55,66.03,session_close,3,0.03,0.00045,0.03,True,False
5m,early_hl_wide_3r,early-higher-low,W008,AMKR,2026-05-19 14:05,66.4,65.14,70.18,5.6928,2026-05-19 15:55,65.57,session_close,22,-0.83,-0.0125,-0.66,False,False
5m,early_hl_wide_3r,early-higher-low,W009,AMKR,2026-05-20 11:40,68.34,67.15,71.91,5.2239,2026-05-20 15:40,67.6416,time_exit,48,-0.6984,-0.01022,-0.59,False,False
5m,early_hl_wide_3r,early-higher-low,W010,AMKR,2026-05-21 14:45,66.26,65.56,68.36,3.1693,2026-05-21 14:55,65.56,stop,2,-0.7,-0.01056,-1.0,False,False
5m,early_hl_wide_3r,early-higher-low,W001,ASTS,2026-05-04 11:15,69.83,68.46,73.94,5.8857,2026-05-04 12:05,68.46,stop,10,-1.37,-0.01962,-1.0,False,False
5m,early_hl_wide_3r,early-higher-low,W002,ASTS,2026-05-05 15:25,64.57,63.11,68.95,6.7833,2026-05-05 15:55,63.85,session_close,6,-0.72,-0.01115,-0.49,False,False
5m,early_hl_wide_3r,early-higher-low,W003,ASTS,2026-05-06 11:25,70.15,68.29,75.73,7.9544,2026-05-06 15:25,70.25,time_exit,48,0.1,0.00143,0.05,True,False
5m,early_hl_wide_3r,early-higher-low,W004,ASTS,2026-05-08 13:20,71.035,68.46,78.76,10.8749,2026-05-08 15:55,75.04,session_close,31,4.005,0.05638,1.56,True,True
5m,early_hl_wide_3r,early-higher-low,W006,ASTS,2026-05-11 11:10,82.355,80.12,89.06,8.1416,2026-05-11 15:10,84.34,time_exit,48,1.985,0.0241,0.89,True,True
5m,early_hl_wide_3r,early-higher-low,W008,ASTS,2026-05-12 15:40,73.42,70.51,82.15,11.8905,2026-05-12 15:55,73.0,session_close,3,-0.42,-0.00572,-0.14,False,False
5m,early_hl_wide_3r,early-higher-low,W009,ASTS,2026-05-13 12:10,76.0823,74.11,81.9992,7.777,2026-05-13 15:55,74.795,session_close,45,-1.2873,-0.01692,-0.65,False,False
5m,early_hl_wide_3r,early-higher-low,W010,ASTS,2026-05-14 15:10,83.7701,80.84,92.5604,10.4934,2026-05-14 15:55,82.975,session_close,9,-0.7951,-0.00949,-0.27,False,False
5m,early_hl_wide_3r,early-higher-low,W011,ASTS,2026-05-15 14:45,81.45,79.21,88.17,8.2504,2026-05-15 15:55,83.66,session_close,14,2.21,0.02713,0.99,True,True
5m,early_hl_wide_3r,early-higher-low,W012,ASTS,2026-05-18 15:40,86.72,83.1,97.58,12.5231,2026-05-18 15:55,86.81,session_close,3,0.09,0.00104,0.02,True,False
5m,early_hl_wide_3r,early-higher-low,W013,ASTS,2026-05-19 14:00,87.725,84.05,98.75,12.5677,2026-05-19 15:55,88.09,session_close,23,0.365,0.00416,0.1,True,False
5m,early_hl_wide_3r,early-higher-low,W015,ASTS,2026-05-20 12:10,91.96,89.8,98.44,7.0465,2026-05-20 13:00,89.8,stop,10,-2.16,-0.02349,-1.0,False,False
5m,early_hl_wide_3r,early-higher-low,W016,ASTS,2026-05-20 14:35,92.1301,89.35,100.4704,9.0527,2026-05-20 15:55,89.5301,session_close,16,-2.6,-0.02822,-0.94,False,False
5m,early_hl_wide_3r,early-higher-low,W017,ASTS,2026-05-22 11:55,106.86,104.81,113.01,5.7552,2026-05-22 12:40,104.81,stop,9,-2.05,-0.01918,-1.0,False,False
5m,early_hl_wide_3r,early-higher-low,W019,ASTS,2026-05-26 11:05,125.82,122.24,136.56,8.536,2026-05-26 11:55,122.24,stop,10,-3.58,-0.02845,-1.0,False,False
5m,early_hl_wide_3r,early-higher-low,W020,ASTS,2026-05-27 12:55,128.75,125.0,140.0,8.7379,2026-05-27 15:55,129.59,session_close,36,0.84,0.00652,0.22,True,False
5m,early_hl_wide_3r,early-higher-low,W021,ASTS,2026-05-28 13:25,126.73,124.48,133.48,5.3263,2026-05-28 15:50,133.48,target,29,6.75,0.05326,3.0,True,True
5m,early_hl_wide_3r,early-higher-low,W023,ASTS,2026-05-29 14:00,110.59,108.5,116.86,5.6696,2026-05-29 15:55,113.34,end_of_data,23,2.75,0.02487,1.32,True,True
5m,early_hl_wide_3r,early-higher-low,W001,RKLB,2026-05-04 11:55,80.19,77.54,88.14,9.914,2026-05-04 15:55,80.3,time_exit,48,0.11,0.00137,0.04,True,False
5m,early_hl_wide_3r,early-higher-low,W004,RKLB,2026-05-06 11:55,81.75,79.28,89.16,9.0642,2026-05-06 15:55,84.665,time_exit,48,2.915,0.03566,1.18,True,True
5m,early_hl_wide_3r,early-higher-low,W005,RKLB,2026-05-08 12:35,99.98,97.82,106.46,6.4813,2026-05-08 15:55,105.47,session_close,40,5.49,0.05491,2.54,True,True
5m,early_hl_wide_3r,early-higher-low,W006,RKLB,2026-05-11 11:05,118.33,113.54,132.7,12.144,2026-05-11 15:05,122.4024,time_exit,48,4.0724,0.03442,0.85,True,True
5m,early_hl_wide_3r,early-higher-low,W008,RKLB,2026-05-12 14:40,118.61,115.94,126.62,6.7532,2026-05-12 15:55,117.56,session_close,15,-1.05,-0.00885,-0.39,False,False
5m,early_hl_wide_3r,early-higher-low,W009,RKLB,2026-05-13 15:10,126.53,124.89,131.45,3.8884,2026-05-13 15:50,124.89,stop,8,-1.64,-0.01296,-1.0,False,False
5m,early_hl_wide_3r,early-higher-low,W010,RKLB,2026-05-14 13:40,130.722,126.23,144.198,10.3089,2026-05-14 15:55,132.56,session_close,27,1.838,0.01406,0.41,True,True
5m,early_hl_wide_3r,early-higher-low,W011,RKLB,2026-05-15 15:40,126.845,123.14,137.96,8.7627,2026-05-15 15:55,124.73,session_close,3,-2.115,-0.01667,-0.57,False,False
5m,early_hl_wide_3r,early-higher-low,W012,RKLB,2026-05-18 15:40,130.82,126.57,143.57,9.7462,2026-05-18 15:55,131.24,session_close,3,0.42,0.00321,0.1,True,False
5m,early_hl_wide_3r,early-higher-low,W013,RKLB,2026-05-20 12:40,131.865,128.12,143.1,8.5201,2026-05-20 15:55,134.27,session_close,39,2.405,0.01824,0.64,True,True
5m,early_hl_wide_3r,early-higher-low,W015,RKLB,2026-05-22 10:20,136.575,131.36,152.22,11.4552,2026-05-22 14:20,136.96,time_exit,48,0.385,0.00282,0.07,True,False
5m,early_hl_wide_3r,early-higher-low,W016,RKLB,2026-05-26 12:10,142.31,138.59,153.47,7.842,2026-05-26 15:55,143.3,session_close,45,0.99,0.00696,0.27,True,False
5m,early_hl_wide_3r,early-higher-low,W017,RKLB,2026-05-27 13:25,148.245,145.84,155.46,4.8669,2026-05-27 15:55,150.23,session_close,30,1.985,0.01339,0.83,True,True
5m,early_hl_wide_3r,early-higher-low,W018,RKLB,2026-05-28 13:30,146.71,145.69,149.77,2.0858,2026-05-28 14:25,149.77,target,11,3.06,0.02086,3.0,True,True
5m,early_hl_wide_3r,early-higher-low,W019,RKLB,2026-05-29 12:45,141.66,137.57,153.93,8.6616,2026-05-29 15:55,143.495,end_of_data,38,1.835,0.01295,0.45,True,True
5m,early_hl_wide_3r,early-higher-low,W001,AMD,2026-05-01 15:15,359.78,354.52,375.56,4.386,2026-05-01 15:55,360.55,session_close,8,0.77,0.00214,0.15,True,False
5m,early_hl_wide_3r,early-higher-low,W002,AMD,2026-05-05 12:55,354.295,343.16,387.7001,9.4286,2026-05-05 15:55,355.32,session_close,36,1.025,0.00289,0.09,True,False
5m,early_hl_wide_3r,early-higher-low,W003,AMD,2026-05-06 15:15,418.65,408.45,449.25,7.3092,2026-05-06 15:55,421.425,session_close,8,2.775,0.00663,0.27,True,False
5m,early_hl_wide_3r,early-higher-low,W004,AMD,2026-05-08 12:20,441.31,429.98,475.3,7.7021,2026-05-08 15:55,455.0,session_close,43,13.69,0.03102,1.21,True,True
5m,early_hl_wide_3r,early-higher-low,W005,AMD,2026-05-11 15:15,463.38,460.59,471.75,1.8063,2026-05-11 15:25,460.59,stop,2,-2.79,-0.00602,-1.0,False,False
5m,early_hl_wide_3r,early-higher-low,W006,AMD,2026-05-14 12:05,449.395,439.81,478.15,6.3986,2026-05-14 15:55,449.63,session_close,46,0.235,0.00052,0.02,True,False
5m,early_hl_wide_3r,early-higher-low,W007,AMD,2026-05-15 10:45,434.4499,424.06,465.6196,7.1745,2026-05-15 14:45,432.01,time_exit,48,-2.4399,-0.00562,-0.23,False,False
5m,early_hl_wide_3r,early-higher-low,W008,AMD,2026-05-20 13:10,445.1,439.99,460.43,3.4442,2026-05-20 15:55,447.58,session_close,33,2.48,0.00557,0.49,True,False
5m,early_hl_wide_3r,early-higher-low,W009,AMD,2026-05-21 15:10,444.74,437.8,465.56,4.6814,2026-05-21 15:55,449.59,session_close,9,4.85,0.01091,0.7,True,True
5m,early_hl_wide_3r,early-higher-low,W010,AMD,2026-05-22 14:50,470.5341,463.96,490.2564,4.1915,2026-05-22 15:55,467.51,session_close,13,-3.0241,-0.00643,-0.46,False,False
5m,early_hl_wide_3r,early-higher-low,W011,AMD,2026-05-26 11:00,490.78,485.78,505.78,3.0564,2026-05-26 11:55,485.78,stop,11,-5.0,-0.01019,-1.0,False,False
5m,early_hl_wide_3r,early-higher-low,W001,AVGO,2026-05-07 11:05,422.64,412.62,452.7001,7.1124,2026-05-07 14:05,412.62,stop,36,-10.02,-0.02371,-1.0,False,False
5m,early_hl_wide_3r,early-higher-low,W002,AVGO,2026-05-08 13:55,427.53,419.85,450.57,5.3891,2026-05-08 15:55,429.8978,session_close,24,2.3678,0.00554,0.31,True,False
5m,early_hl_wide_3r,early-higher-low,W003,AVGO,2026-05-14 12:05,436.08,424.53,470.7299,7.9458,2026-05-14 15:55,439.46,session_close,46,3.38,0.00775,0.29,True,False
5m,early_hl_wide_3r,early-higher-low,W004,AVGO,2026-05-19 14:05,413.92,407.77,432.3701,4.4574,2026-05-19 15:55,411.11,session_close,22,-2.81,-0.00679,-0.46,False,False
5m,early_hl_wide_3r,early-higher-low,W005,AVGO,2026-05-20 12:40,418.47,409.36,445.8,6.5309,2026-05-20 15:55,417.52,session_close,39,-0.95,-0.00227,-0.1,False,False
5m,early_hl_wide_3r,early-higher-low,W001,ARM,2026-05-01 10:50,212.33,209.45,220.97,4.0691,2026-05-01 14:50,211.935,time_exit,48,-0.395,-0.00186,-0.14,False,False
5m,early_hl_wide_3r,early-higher-low,W002,ARM,2026-05-05 15:40,208.98,205.66,218.94,4.766,2026-05-05 15:55,208.84,session_close,3,-0.14,-0.00067,-0.04,False,False
5m,early_hl_wide_3r,early-higher-low,W003,ARM,2026-05-06 14:05,235.08,232.43,243.03,3.3818,2026-05-06 15:55,237.12,session_close,22,2.04,0.00868,0.77,True,False
5m,early_hl_wide_3r,early-higher-low,W004,ARM,2026-05-11 15:10,214.43,209.16,230.24,7.373,2026-05-11 15:55,212.6,session_close,9,-1.83,-0.00853,-0.35,False,False
5m,early_hl_wide_3r,early-higher-low,W005,ARM,2026-05-13 12:10,216.6484,214.17,224.0836,3.4319,2026-05-13 15:55,221.155,session_close,45,4.5066,0.0208,1.82,True,True
5m,early_hl_wide_3r,early-higher-low,W007,ARM,2026-05-14 11:50,220.57,214.02,240.22,8.9087,2026-05-14 15:50,228.375,time_exit,48,7.805,0.03539,1.19,True,True
5m,early_hl_wide_3r,early-higher-low,W008,ARM,2026-05-15 11:20,211.605,207.46,224.04,5.8765,2026-05-15 15:20,210.3,time_exit,48,-1.305,-0.00617,-0.31,False,False
5m,early_hl_wide_3r,early-higher-low,W009,ARM,2026-05-19 13:40,225.36,219.71,242.31,7.5213,2026-05-19 15:55,223.14,session_close,27,-2.22,-0.00985,-0.39,False,False
5m,early_hl_wide_3r,early-higher-low,W010,ARM,2026-05-21 10:40,282.225,275.36,302.82,7.2974,2026-05-21 14:40,287.845,time_exit,48,5.62,0.01991,0.82,True,True
5m,early_hl_wide_3r,early-higher-low,W012,ARM,2026-05-22 11:55,307.22,298.26,334.1,8.7494,2026-05-22 15:55,306.55,time_exit,48,-0.67,-0.00218,-0.07,False,False
5m,early_hl_wide_3r,early-higher-low,W013,ARM,2026-05-28 12:10,342.96,338.42,356.58,3.9713,2026-05-28 15:15,338.42,stop,37,-4.54,-0.01324,-1.0,False,False
5m,early_hl_wide_3r,early-higher-low,W014,ARM,2026-05-29 13:35,353.75,349.61,366.17,3.511,2026-05-29 15:25,349.61,stop,22,-4.14,-0.0117,-1.0,False,False
5m,early_hl_wide_3r,early-higher-low,W001,SMCI,2026-05-04 11:15,28.25,28.02,28.94,2.4425,2026-05-04 11:20,28.02,stop,1,-0.23,-0.00814,-1.0,False,False
5m,early_hl_wide_3r,early-higher-low,W002,SMCI,2026-05-05 15:40,27.85,27.37,29.29,5.1706,2026-05-05 15:55,27.879,session_close,3,0.029,0.00104,0.06,True,False
5m,early_hl_wide_3r,early-higher-low,W003,SMCI,2026-05-08 11:45,35.185,34.2,38.14,8.3985,2026-05-08 15:45,34.885,time_exit,48,-0.3,-0.00853,-0.3,False,False
5m,early_hl_wide_3r,early-higher-low,W004,SMCI,2026-05-13 15:10,32.27,32.01,33.05,2.4171,2026-05-13 15:50,32.01,stop,8,-0.26,-0.00806,-1.0,False,False
5m,early_hl_wide_3r,early-higher-low,W005,SMCI,2026-05-14 11:15,33.585,32.88,35.7,6.2974,2026-05-14 12:55,32.88,stop,20,-0.705,-0.02099,-1.0,False,False
5m,early_hl_wide_3r,early-higher-low,W006,SMCI,2026-05-15 14:45,31.085,30.8,31.94,2.7505,2026-05-15 15:55,31.035,session_close,14,-0.05,-0.00161,-0.18,False,False
5m,early_hl_wide_3r,early-higher-low,W007,SMCI,2026-05-18 15:40,30.77,29.71,33.95,10.3347,2026-05-18 15:55,30.86,session_close,3,0.09,0.00292,0.08,True,False
5m,early_hl_wide_3r,early-higher-low,W008,SMCI,2026-05-19 14:05,30.9601,30.0,33.8404,9.3033,2026-05-19 15:55,30.57,session_close,22,-0.3901,-0.0126,-0.41,False,False
5m,early_hl_wide_3r,early-higher-low,W009,SMCI,2026-05-20 12:40,33.41,32.6,35.84,7.2733,2026-05-20 15:55,33.46,session_close,39,0.05,0.0015,0.06,True,False
5m,early_hl_wide_3r,early-higher-low,W010,SMCI,2026-05-21 15:10,33.04,32.17,35.65,7.8995,2026-05-21 15:55,33.45,session_close,9,0.41,0.01241,0.47,True,True
5m,early_hl_wide_3r,early-higher-low,W011,SMCI,2026-05-22 11:05,35.1801,34.28,37.8804,7.6756,2026-05-22 15:05,35.635,time_exit,48,0.4549,0.01293,0.51,True,True
5m,early_hl_wide_3r,early-higher-low,W013,SMCI,2026-05-26 11:30,36.53,35.67,39.11,7.0627,2026-05-26 15:30,37.185,time_exit,48,0.655,0.01793,0.76,True,True
5m,early_hl_wide_3r,early-higher-low,W014,SMCI,2026-05-27 14:35,38.085,37.52,39.78,4.4506,2026-05-27 15:55,38.19,session_close,16,0.105,0.00276,0.19,True,False
5m,early_hl_wide_3r,early-higher-low,W001,TSM,2026-05-01 12:40,398.27,395.54,406.46,2.0564,2026-05-01 15:55,397.8396,session_close,39,-0.4304,-0.00108,-0.16,False,False
5m,early_hl_wide_3r,early-higher-low,W002,TSM,2026-05-13 15:25,400.89,392.03,427.4701,6.6303,2026-05-13 15:55,399.695,session_close,6,-1.195,-0.00298,-0.13,False,False
5m,early_hl_wide_3r,early-higher-low,W003,TSM,2026-05-15 11:05,404.91,399.07,422.43,4.3269,2026-05-15 15:05,406.44,time_exit,48,1.53,0.00378,0.26,True,False
5m,early_hl_wide_3r,early-higher-low,W004,TSM,2026-05-15 15:40,406.49,402.98,417.02,2.5905,2026-05-15 15:55,404.42,session_close,3,-2.07,-0.00509,-0.59,False,False
5m,early_hl_wide_3r,early-higher-low,W005,TSM,2026-05-19 14:05,396.37,386.09,427.21,7.7806,2026-05-19 15:55,392.645,session_close,22,-3.725,-0.0094,-0.36,False,False
5m,early_hl_wide_3r,early-higher-low,W006,TSM,2026-05-20 10:25,399.32,393.97,415.37,4.0193,2026-05-20 14:25,401.8,time_exit,48,2.48,0.00621,0.46,True,False
5m,early_hl_wide_3r,early-higher-low,W007,TSM,2026-05-21 15:05,407.775,400.96,428.22,5.0138,2026-05-21 15:55,407.16,session_close,10,-0.615,-0.00151,-0.09,False,False
5m,early_hl_wide_3r,early-higher-low,W008,TSM,2026-05-28 13:50,422.775,420.04,430.98,1.9407,2026-05-28 15:55,424.79,session_close,25,2.015,0.00477,0.74,True,False
5m,early_hl_wide_3r,early-higher-low,W001,ASML,2026-05-13 15:40,1584.4301,1546.31,1698.7902,7.2177,2026-05-13 15:55,1581.51,session_close,3,-2.92,-0.00184,-0.08,False,False
5m,early_hl_wide_3r,early-higher-low,W002,ASML,2026-05-14 12:25,1591.6949,1574.8,1642.3798,3.1843,2026-05-14 15:55,1584.51,session_close,42,-7.1849,-0.00451,-0.43,False,False
5m,early_hl_wide_3r,early-higher-low,W003,ASML,2026-05-15 11:05,1507.12,1479.26,1590.7,5.5457,2026-05-15 15:05,1512.87,time_exit,48,5.75,0.00382,0.21,True,False
5m,early_hl_wide_3r,early-higher-low,W004,ASML,2026-05-19 14:55,1462.02,1447.26,1506.3001,3.0287,2026-05-19 15:55,1459.79,session_close,12,-2.23,-0.00153,-0.15,False,False
5m,early_hl_wide_3r,early-higher-low,W005,ASML,2026-05-20 12:40,1544.12,1528.65,1590.53,3.0056,2026-05-20 15:55,1550.36,session_close,39,6.24,0.00404,0.4,True,False
5m,early_hl_wide_3r,early-higher-low,W006,ASML,2026-05-21 15:10,1589.73,1558.1,1684.6199,5.9689,2026-05-21 15:55,1591.17,session_close,9,1.4401,0.00091,0.05,True,False
5m,early_hl_wide_3r,early-higher-low,W007,ASML,2026-05-22 15:20,1639.0699,1617.12,1704.9198,4.0175,2026-05-22 15:55,1632.25,session_close,7,-6.8199,-0.00416,-0.31,False,False
5m,early_hl_wide_3r,early-higher-low,W008,ASML,2026-05-28 13:50,1613.0,1572.1,1735.7,7.6069,2026-05-28 15:55,1605.075,session_close,25,-7.925,-0.00491,-0.19,False,False
5m,early_hl_wide_3r,early-higher-low,W001,MRVL,2026-05-01 15:05,165.07,162.96,171.4,3.8347,2026-05-01 15:55,164.95,session_close,10,-0.12,-0.00073,-0.06,False,False
5m,early_hl_wide_3r,early-higher-low,W002,MRVL,2026-05-05 12:55,171.94,169.25,180.01,4.6935,2026-05-05 15:35,169.25,stop,32,-2.69,-0.01565,-1.0,False,False
5m,early_hl_wide_3r,early-higher-low,W003,MRVL,2026-05-08 11:05,166.0,163.98,172.06,3.6506,2026-05-08 15:05,170.415,time_exit,48,4.415,0.0266,2.19,True,True
5m,early_hl_wide_3r,early-higher-low,W005,MRVL,2026-05-11 10:45,168.695,164.18,182.24,8.0293,2026-05-11 14:45,170.165,time_exit,48,1.47,0.00871,0.33,True,False
5m,early_hl_wide_3r,early-higher-low,W007,MRVL,2026-05-15 10:45,179.14,174.0,194.56,8.6078,2026-05-15 14:45,179.74,time_exit,48,0.6,0.00335,0.12,True,False
5m,early_hl_wide_3r,early-higher-low,W008,MRVL,2026-05-19 14:05,181.045,176.59,194.41,7.3821,2026-05-19 15:25,176.59,stop,16,-4.455,-0.02461,-1.0,False,False
5m,early_hl_wide_3r,early-higher-low,W009,MRVL,2026-05-20 11:10,188.9317,186.94,194.9068,3.1626,2026-05-20 12:00,186.94,stop,10,-1.9917,-0.01054,-1.0,False,False
5m,early_hl_wide_3r,early-higher-low,W010,MRVL,2026-05-22 11:35,196.16,191.26,210.86,7.4939,2026-05-22 15:35,196.0817,time_exit,48,-0.0783,-0.0004,-0.02,False,False
5m,early_hl_wide_3r,early-higher-low,W011,MRVL,2026-05-26 15:10,207.58,204.68,216.28,4.1912,2026-05-26 15:55,208.24,session_close,9,0.66,0.00318,0.23,True,False
5m,early_hl_wide_3r,early-higher-low,W012,MRVL,2026-05-27 15:25,201.42,198.35,210.63,4.5725,2026-05-27 15:55,198.35,stop,6,-3.07,-0.01524,-1.0,False,False
5m,early_hl_wide_3r,early-higher-low,W013,MRVL,2026-05-28 13:45,204.78,199.5,220.62,7.7351,2026-05-28 15:55,204.63,session_close,26,-0.15,-0.00073,-0.03,False,False
5m,early_hl_wide_3r,early-higher-low,W001,ON,2026-05-01 15:00,102.28,100.95,106.27,3.9011,2026-05-01 15:55,103.03,session_close,11,0.75,0.00733,0.56,True,False
5m,early_hl_wide_3r,early-higher-low,W002,ON,2026-05-06 11:50,103.38,100.5,112.02,8.3575,2026-05-06 15:50,105.03,time_exit,48,1.65,0.01596,0.57,True,True
5m,early_hl_wide_3r,early-higher-low,W003,ON,2026-05-08 11:35,101.85,100.23,106.71,4.7717,2026-05-08 15:35,102.67,time_exit,48,0.82,0.00805,0.51,True,False
5m,early_hl_wide_3r,early-higher-low,W004,ON,2026-05-11 13:25,104.8,102.79,110.83,5.7538,2026-05-11 15:55,107.22,session_close,30,2.42,0.02309,1.2,True,True
5m,early_hl_wide_3r,early-higher-low,W005,ON,2026-05-13 10:25,113.42,110.11,123.35,8.7551,2026-05-13 14:25,115.65,time_exit,48,2.23,0.01966,0.67,True,True
5m,early_hl_wide_3r,early-higher-low,W006,ON,2026-05-14 12:15,117.97,115.69,124.81,5.7981,2026-05-14 15:55,118.31,session_close,44,0.34,0.00288,0.15,True,False
5m,early_hl_wide_3r,early-higher-low,W007,ON,2026-05-15 14:45,114.86,112.51,121.91,6.1379,2026-05-15 15:55,113.13,session_close,14,-1.73,-0.01506,-0.74,False,False
5m,early_hl_wide_3r,early-higher-low,W008,ON,2026-05-19 13:20,108.23,106.18,114.38,5.6824,2026-05-19 15:50,106.18,stop,30,-2.05,-0.01894,-1.0,False,False
5m,early_hl_wide_3r,early-higher-low,W009,ON,2026-05-20 10:50,109.745,107.39,116.81,6.4377,2026-05-20 14:50,109.21,time_exit,48,-0.535,-0.00487,-0.23,False,False
5m,early_hl_wide_3r,early-higher-low,W011,ON,2026-05-21 14:30,108.315,106.6,113.46,4.75,2026-05-21 15:55,109.6,session_close,17,1.285,0.01186,0.75,True,True
5m,early_hl_wide_3r,early-higher-low,W012,ON,2026-05-22 11:10,116.32,113.05,126.13,8.4336,2026-05-22 15:10,116.7991,time_exit,48,0.4791,0.00412,0.15,True,False
5m,early_hl_wide_3r,early-higher-low,W014,ON,2026-05-26 11:35,126.59,125.02,131.3,3.7207,2026-05-26 11:55,125.02,stop,4,-1.57,-0.0124,-1.0,False,False
5m,early_hl_wide_3r,early-higher-low,W016,ON,2026-05-28 13:50,124.32,122.88,128.64,3.4749,2026-05-28 15:55,123.8,session_close,25,-0.52,-0.00418,-0.36,False,False
5m,early_hl_wide_3r,early-higher-low,W001,LRCX,2026-05-05 13:05,277.72,274.99,285.91,2.949,2026-05-05 15:20,274.99,stop,27,-2.73,-0.00983,-1.0,False,False
5m,early_hl_wide_3r,early-higher-low,W002,LRCX,2026-05-06 12:45,294.33,287.03,316.2299,7.4406,2026-05-06 15:55,296.92,session_close,38,2.59,0.0088,0.35,True,False
5m,early_hl_wide_3r,early-higher-low,W003,LRCX,2026-05-08 15:00,294.405,290.99,304.65,3.4799,2026-05-08 15:55,294.12,session_close,11,-0.285,-0.00097,-0.08,False,False
5m,early_hl_wide_3r,early-higher-low,W004,LRCX,2026-05-14 14:40,299.43,295.77,310.41,3.667,2026-05-14 15:55,299.1,session_close,15,-0.33,-0.0011,-0.09,False,False
5m,early_hl_wide_3r,early-higher-low,W005,LRCX,2026-05-20 12:40,290.76,286.16,304.56,4.7462,2026-05-20 15:55,292.04,session_close,39,1.28,0.0044,0.28,True,False
5m,early_hl_wide_3r,early-higher-low,W006,LRCX,2026-05-21 14:30,301.2,294.8,320.4,6.3745,2026-05-21 15:55,302.23,session_close,17,1.03,0.00342,0.16,True,False
5m,early_hl_wide_3r,early-higher-low,W007,LRCX,2026-05-22 12:30,307.925,301.67,326.69,6.094,2026-05-22 15:55,305.24,session_close,41,-2.685,-0.00872,-0.43,False,False
5m,early_hl_wide_3r,early-higher-low,W008,LRCX,2026-05-26 11:20,317.73,312.89,332.25,4.5699,2026-05-26 15:20,322.64,time_exit,48,4.91,0.01545,1.01,True,True
5m,early_hl_wide_3r,early-higher-low,W009,LRCX,2026-05-28 13:50,317.19,314.06,326.58,2.9604,2026-05-28 15:55,318.145,session_close,25,0.955,0.00301,0.31,True,False
5m,early_hl_wide_3r,early-higher-low,W001,KLAC,2026-05-05 14:15,1755.46,1707.42,1899.5798,8.2098,2026-05-05 15:55,1733.46,session_close,20,-22.0,-0.01253,-0.46,False,False
5m,early_hl_wide_3r,early-higher-low,W002,KLAC,2026-05-06 12:05,1801.11,1752.19,1947.8699,8.1483,2026-05-06 15:55,1816.28,session_close,46,15.17,0.00842,0.31,True,False
5m,early_hl_wide_3r,early-higher-low,W003,KLAC,2026-05-08 12:50,1858.166,1841.74,1907.4441,2.652,2026-05-08 15:55,1869.1801,session_close,37,11.014,0.00593,0.67,True,False
5m,early_hl_wide_3r,early-higher-low,W004,KLAC,2026-05-11 10:40,1885.15,1849.74,1991.3801,5.6351,2026-05-11 14:20,1849.74,stop,44,-35.41,-0.01878,-1.0,False,False
5m,early_hl_wide_3r,early-higher-low,W005,KLAC,2026-05-14 13:30,1879.5901,1849.69,1969.2904,4.7723,2026-05-14 15:55,1892.8,session_close,29,13.21,0.00703,0.44,True,False
5m,early_hl_wide_3r,early-higher-low,W006,KLAC,2026-05-15 12:10,1831.9399,1793.54,1947.1398,6.2884,2026-05-15 15:55,1804.145,session_close,45,-27.7949,-0.01517,-0.72,False,False
5m,early_hl_wide_3r,early-higher-low,W007,KLAC,2026-05-19 14:05,1756.3101,1737.36,1813.1602,3.2369,2026-05-19 15:55,1737.36,stop,22,-18.9501,-0.01079,-1.0,False,False
5m,early_hl_wide_3r,early-higher-low,W008,KLAC,2026-05-20 12:40,1817.63,1769.56,1961.84,7.934,2026-05-20 15:55,1828.37,session_close,39,10.74,0.00591,0.22,True,False
5m,early_hl_wide_3r,early-higher-low,W009,KLAC,2026-05-21 14:30,1859.705,1821.16,1975.3398,6.2179,2026-05-21 15:55,1842.41,session_close,17,-17.2949,-0.0093,-0.45,False,False
5m,early_hl_wide_3r,early-higher-low,W010,KLAC,2026-05-22 15:15,1892.6226,1873.51,1949.9602,3.0295,2026-05-22 15:55,1888.2,session_close,8,-4.4226,-0.00234,-0.23,False,False
5m,early_hl_wide_3r,early-higher-low,W011,KLAC,2026-05-28 13:50,1926.665,1881.92,2060.9002,6.9672,2026-05-28 15:55,1927.3199,session_close,25,0.6549,0.00034,0.01,True,False
5m,early_hl_wide_3r,early-higher-low,W001,QCOM,2026-05-01 14:30,176.635,175.05,181.39,2.692,2026-05-01 15:55,177.04,session_close,17,0.405,0.00229,0.26,True,False
5m,early_hl_wide_3r,early-higher-low,W002,QCOM,2026-05-07 10:40,193.2,187.26,211.02,9.2236,2026-05-07 11:30,211.02,target,10,17.82,0.09224,3.0,True,True
5m,early_hl_wide_3r,early-higher-low,W003,QCOM,2026-05-08 12:30,223.4159,217.7,240.5636,7.6752,2026-05-08 13:55,217.7,stop,17,-5.7159,-0.02558,-1.0,False,False
5m,early_hl_wide_3r,early-higher-low,W004,QCOM,2026-05-15 10:25,205.62,199.38,224.34,9.1042,2026-05-15 11:55,199.38,stop,18,-6.24,-0.03035,-1.0,False,False
5m,early_hl_wide_3r,early-higher-low,W005,QCOM,2026-05-18 14:40,200.3801,197.55,208.8704,4.2371,2026-05-18 15:55,203.67,session_close,15,3.2899,0.01642,1.16,True,True
5m,early_hl_wide_3r,early-higher-low,W006,QCOM,2026-05-19 14:05,200.27,194.2,218.48,9.0927,2026-05-19 15:55,195.63,session_close,22,-4.64,-0.02317,-0.76,False,False
5m,early_hl_wide_3r,early-higher-low,W007,QCOM,2026-05-20 11:15,200.375,194.37,218.39,8.9906,2026-05-20 15:15,202.45,time_exit,48,2.075,0.01036,0.35,True,True
5m,early_hl_wide_3r,early-higher-low,W008,QCOM,2026-05-21 12:10,207.82,203.62,220.42,6.0629,2026-05-21 14:05,203.62,stop,23,-4.2,-0.02021,-1.0,False,False
5m,early_hl_wide_3r,early-higher-low,W010,QCOM,2026-05-22 11:45,241.755,235.89,259.35,7.278,2026-05-22 15:25,235.89,stop,44,-5.865,-0.02426,-1.0,False,False
5m,early_hl_wide_3r,early-higher-low,W011,QCOM,2026-05-26 12:05,251.62,240.68,284.44,13.0435,2026-05-26 15:55,248.81,session_close,46,-2.81,-0.01117,-0.26,False,False
5m,early_hl_wide_3r,early-higher-low,W012,QCOM,2026-05-27 14:15,229.06,225.48,239.8,4.6887,2026-05-27 15:55,233.41,session_close,20,4.35,0.01899,1.22,True,True
5m,early_hl_wide_3r,early-higher-low,W013,QCOM,2026-05-28 12:00,243.1,237.34,260.38,7.1082,2026-05-28 15:55,243.22,session_close,47,0.12,0.00049,0.02,True,False
5m,early_hl_wide_3r,early-higher-low,W014,QCOM,2026-05-29 14:00,253.025,250.18,261.56,3.3732,2026-05-29 15:50,250.18,stop,22,-2.845,-0.01124,-1.0,False,False
5m,early_hl_wide_3r,early-higher-low,W001,ADI,2026-05-08 15:10,415.65,411.54,427.98,2.9664,2026-05-08 15:55,416.51,session_close,9,0.86,0.00207,0.21,True,False
5m,early_hl_wide_3r,early-higher-low,W002,ADI,2026-05-13 15:20,433.285,428.12,448.78,3.5762,2026-05-13 15:55,432.38,session_close,7,-0.905,-0.00209,-0.18,False,False
5m,early_hl_wide_3r,early-higher-low,W003,ADI,2026-05-19 14:55,416.96,413.12,428.48,2.7628,2026-05-19 15:50,413.12,stop,11,-3.84,-0.00921,-1.0,False,False
5m,early_hl_wide_3r,early-higher-low,W001,MCHP,2026-05-05 15:25,98.2,97.51,100.27,2.1079,2026-05-05 15:55,98.52,session_close,6,0.32,0.00326,0.46,True,False
5m,early_hl_wide_3r,early-higher-low,W002,MCHP,2026-05-06 15:00,101.515,100.59,104.29,2.7336,2026-05-06 15:55,102.95,session_close,11,1.435,0.01414,1.55,True,True
5m,early_hl_wide_3r,early-higher-low,W003,MCHP,2026-05-07 15:40,101.22,99.3,106.98,5.6906,2026-05-07 15:55,101.56,session_close,3,0.34,0.00336,0.18,True,False
5m,early_hl_wide_3r,early-higher-low,W004,MCHP,2026-05-15 15:25,94.57,93.94,96.46,1.9985,2026-05-15 15:55,93.94,stop,6,-0.63,-0.00666,-1.0,False,False
5m,early_hl_wide_3r,early-higher-low,W005,MCHP,2026-05-19 14:45,92.7,92.0,94.8,2.2654,2026-05-19 15:45,92.0,stop,12,-0.7,-0.00755,-1.0,False,False
5m,early_hl_wide_3r,early-higher-low,W006,MCHP,2026-05-20 13:15,93.26,92.24,96.32,3.2812,2026-05-20 15:55,94.01,session_close,32,0.75,0.00804,0.74,True,False
5m,early_hl_wide_3r,early-higher-low,W007,MCHP,2026-05-21 14:35,90.55,89.58,93.46,3.2137,2026-05-21 15:55,91.12,session_close,16,0.57,0.00629,0.59,True,False
5m,early_hl_wide_3r,early-higher-low,W008,MCHP,2026-05-22 14:50,94.22,92.63,98.99,5.0626,2026-05-22 15:55,93.425,session_close,13,-0.795,-0.00844,-0.5,False,False
5m,early_hl_wide_3r,early-higher-low,W001,MPWR,2026-05-01 11:55,1556.285,1533.08,1625.9001,4.4732,2026-05-01 15:55,1583.03,time_exit,48,26.745,0.01719,1.15,True,True
5m,early_hl_wide_3r,early-higher-low,W002,MPWR,2026-05-05 12:55,1584.83,1556.56,1669.6398,5.3514,2026-05-05 15:55,1588.36,session_close,36,3.53,0.00223,0.12,True,False
5m,early_hl_wide_3r,early-higher-low,W003,MPWR,2026-05-06 13:10,1644.405,1626.51,1698.0901,3.2647,2026-05-06 15:55,1653.49,session_close,33,9.085,0.00552,0.51,True,False
5m,early_hl_wide_3r,early-higher-low,W004,MPWR,2026-05-08 15:00,1593.4351,1578.27,1638.9302,2.8552,2026-05-08 15:55,1600.54,session_close,11,7.105,0.00446,0.47,True,False
5m,early_hl_wide_3r,early-higher-low,W005,MPWR,2026-05-11 12:55,1636.72,1592.92,1768.1199,8.0282,2026-05-11 15:55,1660.58,session_close,36,23.86,0.01458,0.54,True,True
5m,early_hl_wide_3r,early-higher-low,W006,MPWR,2026-05-13 13:05,1655.62,1640.3,1701.58,2.776,2026-05-13 15:55,1650.4399,session_close,34,-5.1801,-0.00313,-0.34,False,False
5m,early_hl_wide_3r,early-higher-low,W007,MPWR,2026-05-15 15:40,1571.8,1553.57,1626.4902,3.4795,2026-05-15 15:55,1553.57,stop,3,-18.23,-0.0116,-1.0,False,False
5m,early_hl_wide_3r,early-higher-low,W008,MPWR,2026-05-20 12:40,1526.095,1508.99,1577.4099,3.3625,2026-05-20 15:55,1553.46,session_close,39,27.365,0.01793,1.6,True,True
5m,early_hl_wide_3r,early-higher-low,W009,MPWR,2026-05-22 10:35,1575.73,1552.2,1646.3199,4.4798,2026-05-22 14:35,1583.09,time_exit,48,7.36,0.00467,0.31,True,False
5m,early_hl_wide_3r,early-higher-low,W010,MPWR,2026-05-22 14:50,1586.35,1568.95,1638.5499,3.2906,2026-05-22 15:55,1590.24,session_close,13,3.89,0.00245,0.22,True,False
5m,early_hl_wide_3r,early-higher-low,W011,MPWR,2026-05-26 11:20,1692.62,1658.3,1795.58,6.0829,2026-05-26 11:50,1658.3,stop,6,-34.32,-0.02028,-1.0,False,False
5m,early_hl_wide_3r,early-higher-low,W012,MPWR,2026-05-26 15:10,1668.35,1651.28,1719.5599,3.0695,2026-05-26 15:55,1663.0601,session_close,9,-5.2899,-0.00317,-0.31,False,False
5m,early_hl_wide_3r,early-higher-low,W013,MPWR,2026-05-28 13:50,1638.9449,1617.84,1702.2598,3.8631,2026-05-28 15:55,1632.47,session_close,25,-6.475,-0.00395,-0.31,False,False
5m,early_hl_wide_3r,early-higher-low,W001,LSCC,2026-05-01 10:25,121.6401,118.74,130.3404,7.1525,2026-05-01 14:25,121.015,time_exit,48,-0.6251,-0.00514,-0.22,False,False
5m,early_hl_wide_3r,early-higher-low,W002,LSCC,2026-05-04 14:40,125.48,122.27,135.11,7.6745,2026-05-04 15:55,125.55,session_close,15,0.07,0.00056,0.02,True,False
5m,early_hl_wide_3r,early-higher-low,W003,LSCC,2026-05-05 14:35,123.47,120.46,132.5,7.3135,2026-05-05 15:15,120.46,stop,8,-3.01,-0.02438,-1.0,False,False
5m,early_hl_wide_3r,early-higher-low,W004,LSCC,2026-05-08 10:50,124.52,121.45,133.73,7.3964,2026-05-08 14:50,125.32,time_exit,48,0.8,0.00642,0.26,True,False
5m,early_hl_wide_3r,early-higher-low,W005,LSCC,2026-05-12 15:10,124.61,121.42,134.18,7.68,2026-05-12 15:55,125.46,session_close,9,0.85,0.00682,0.27,True,False
5m,early_hl_wide_3r,early-higher-low,W006,LSCC,2026-05-13 15:10,126.86,124.16,134.96,6.385,2026-05-13 15:55,125.73,session_close,9,-1.13,-0.00891,-0.42,False,False
5m,early_hl_wide_3r,early-higher-low,W007,LSCC,2026-05-18 14:30,121.4,118.12,131.24,8.1054,2026-05-18 15:55,123.2,session_close,17,1.8,0.01483,0.55,True,True
5m,early_hl_wide_3r,early-higher-low,W008,LSCC,2026-05-19 12:25,122.04,119.45,129.81,6.3668,2026-05-19 15:55,124.21,session_close,42,2.17,0.01778,0.84,True,True
5m,early_hl_wide_3r,early-higher-low,W010,LSCC,2026-05-20 10:55,133.61,130.32,143.48,7.3872,2026-05-20 12:25,130.32,stop,18,-3.29,-0.02462,-1.0,False,False
5m,early_hl_wide_3r,early-higher-low,W011,LSCC,2026-05-21 10:40,140.291,138.4,145.964,4.0437,2026-05-21 10:55,138.4,stop,3,-1.891,-0.01348,-1.0,False,False
5m,early_hl_wide_3r,early-higher-low,W012,LSCC,2026-05-22 13:05,144.46,140.6,156.04,8.0161,2026-05-22 15:55,143.26,session_close,34,-1.2,-0.00831,-0.31,False,False
5m,early_hl_wide_3r,early-higher-low,W013,LSCC,2026-05-26 15:20,149.485,147.71,154.81,3.5622,2026-05-26 15:55,150.35,session_close,7,0.865,0.00579,0.49,True,False
5m,early_hl_wide_3r,early-higher-low,W014,LSCC,2026-05-27 15:40,147.01,144.72,153.88,4.6731,2026-05-27 15:55,148.06,session_close,3,1.05,0.00714,0.46,True,False
5m,early_hl_wide_3r,early-higher-low,W015,LSCC,2026-05-28 13:50,146.605,143.02,157.36,7.336,2026-05-28 15:55,147.34,session_close,25,0.735,0.00501,0.21,True,False
5m,early_hl_wide_3r,early-higher-low,W001,ALAB,2026-05-01 13:00,201.72,196.13,218.49,8.3135,2026-05-01 15:55,202.82,session_close,35,1.1,0.00545,0.2,True,False
5m,early_hl_wide_3r,early-higher-low,W002,ALAB,2026-05-05 12:55,218.09,212.02,236.3,8.3498,2026-05-05 15:55,215.795,session_close,36,-2.295,-0.01052,-0.38,False,False
5m,early_hl_wide_3r,early-higher-low,W003,ALAB,2026-05-06 15:15,208.68,203.52,224.16,7.418,2026-05-06 15:55,213.865,session_close,8,5.185,0.02485,1.0,True,True
5m,early_hl_wide_3r,early-higher-low,W004,ALAB,2026-05-11 15:40,206.18,203.28,214.88,4.2196,2026-05-11 15:55,207.29,session_close,3,1.11,0.00538,0.38,True,False
5m,early_hl_wide_3r,early-higher-low,W005,ALAB,2026-05-13 12:35,218.43,215.66,226.74,3.8044,2026-05-13 15:55,224.01,session_close,40,5.58,0.02555,2.01,True,True
5m,early_hl_wide_3r,early-higher-low,W007,ALAB,2026-05-14 13:35,225.465,219.23,244.17,8.2962,2026-05-14 15:55,228.64,session_close,28,3.175,0.01408,0.51,True,True
5m,early_hl_wide_3r,early-higher-low,W008,ALAB,2026-05-15 14:45,235.16,228.34,255.62,8.7005,2026-05-15 15:55,232.55,session_close,14,-2.61,-0.0111,-0.38,False,False
5m,early_hl_wide_3r,early-higher-low,W009,ALAB,2026-05-18 15:40,214.44,208.97,230.85,7.6525,2026-05-18 15:55,215.58,session_close,3,1.14,0.00532,0.21,True,False
5m,early_hl_wide_3r,early-higher-low,W010,ALAB,2026-05-20 11:15,272.7,265.88,293.16,7.5028,2026-05-20 15:15,283.68,time_exit,48,10.98,0.04026,1.61,True,True
5m,early_hl_wide_3r,early-higher-low,W012,ALAB,2026-05-21 10:35,288.2751,283.76,301.8203,4.6987,2026-05-21 14:35,293.74,time_exit,48,5.4649,0.01896,1.21,True,True
5m,early_hl_wide_3r,early-higher-low,W014,ALAB,2026-05-26 12:55,316.71,305.95,348.99,10.1923,2026-05-26 15:55,318.74,session_close,36,2.03,0.00641,0.19,True,False
5m,early_hl_wide_3r,early-higher-low,W015,ALAB,2026-05-27 15:15,321.0,313.56,343.32,6.9533,2026-05-27 15:55,325.6,session_close,8,4.6,0.01433,0.62,True,True
5m,early_hl_wide_3r,early-higher-low,W016,ALAB,2026-05-28 12:05,347.09,337.67,375.35,8.142,2026-05-28 15:55,349.08,session_close,46,1.99,0.00573,0.21,True,False
5m,early_hl_wide_3r,early-higher-low,W001,CRDO,2026-05-05 12:10,194.81,189.66,210.26,7.9308,2026-05-05 15:55,193.52,session_close,45,-1.29,-0.00662,-0.25,False,False
5m,early_hl_wide_3r,early-higher-low,W003,CRDO,2026-05-06 15:15,194.61,188.92,211.68,8.7714,2026-05-06 15:55,198.25,session_close,8,3.64,0.0187,0.64,True,True
5m,early_hl_wide_3r,early-higher-low,W004,CRDO,2026-05-07 12:35,190.24,185.57,204.25,7.3644,2026-05-07 15:55,188.23,session_close,40,-2.01,-0.01057,-0.43,False,False
5m,early_hl_wide_3r,early-higher-low,W005,CRDO,2026-05-08 15:40,188.005,185.16,196.54,4.5398,2026-05-08 15:55,188.6,session_close,3,0.595,0.00316,0.21,True,False
5m,early_hl_wide_3r,early-higher-low,W006,CRDO,2026-05-11 14:15,207.185,202.27,221.93,7.1168,2026-05-11 15:55,210.29,session_close,20,3.105,0.01499,0.63,True,True
5m,early_hl_wide_3r,early-higher-low,W007,CRDO,2026-05-12 15:10,191.11,187.78,201.1,5.2274,2026-05-12 15:55,198.56,session_close,9,7.45,0.03898,2.24,True,True
5m,early_hl_wide_3r,early-higher-low,W008,CRDO,2026-05-13 14:15,191.86,188.29,202.57,5.5822,2026-05-13 15:50,188.29,stop,19,-3.57,-0.01861,-1.0,False,False
5m,early_hl_wide_3r,early-higher-low,W009,CRDO,2026-05-14 12:40,186.075,180.39,203.13,9.1657,2026-05-14 15:55,184.33,session_close,39,-1.745,-0.00938,-0.31,False,False
5m,early_hl_wide_3r,early-higher-low,W010,CRDO,2026-05-15 11:15,173.36,170.17,182.93,5.5203,2026-05-15 15:15,174.44,time_exit,48,1.08,0.00623,0.34,True,False
5m,early_hl_wide_3r,early-higher-low,W012,CRDO,2026-05-20 13:30,180.85,176.12,195.04,7.8463,2026-05-20 15:55,182.82,session_close,29,1.97,0.01089,0.42,True,True
5m,early_hl_wide_3r,early-higher-low,W014,CRDO,2026-05-22 13:50,215.0,208.73,233.81,8.7488,2026-05-22 15:55,218.36,session_close,25,3.36,0.01563,0.54,True,True
5m,early_hl_wide_3r,early-higher-low,W015,CRDO,2026-05-26 15:10,219.95,215.92,232.04,5.4967,2026-05-26 15:55,221.76,session_close,9,1.81,0.00823,0.45,True,False
5m,early_hl_wide_3r,early-higher-low,W016,CRDO,2026-05-27 15:20,219.14,214.43,233.27,6.4479,2026-05-27 15:55,221.39,session_close,7,2.25,0.01027,0.48,True,True
5m,early_hl_wide_3r,early-higher-low,W017,CRDO,2026-05-28 13:10,226.88,222.91,238.79,5.2495,2026-05-28 15:50,222.91,stop,32,-3.97,-0.0175,-1.0,False,False
5m,early_hl_wide_3r,early-higher-low,W001,COHR,2026-05-01 12:05,333.32,326.83,352.79,5.8412,2026-05-01 15:55,329.68,session_close,46,-3.64,-0.01092,-0.56,False,False
5m,early_hl_wide_3r,early-higher-low,W002,COHR,2026-05-05 12:15,342.76,333.32,371.08,8.2623,2026-05-05 15:55,335.84,session_close,44,-6.92,-0.02019,-0.73,False,False
5m,early_hl_wide_3r,early-higher-low,W003,COHR,2026-05-07 10:35,328.25,317.39,360.83,9.9254,2026-05-07 13:15,317.39,stop,32,-10.86,-0.03308,-1.0,False,False
5m,early_hl_wide_3r,early-higher-low,W004,COHR,2026-05-08 14:20,326.66,320.33,345.65,5.8134,2026-05-08 15:55,335.25,session_close,19,8.59,0.0263,1.36,True,True
5m,early_hl_wide_3r,early-higher-low,W005,COHR,2026-05-11 13:00,378.17,370.23,401.9901,6.2988,2026-05-11 15:55,379.75,session_close,35,1.58,0.00418,0.2,True,False
5m,early_hl_wide_3r,early-higher-low,W006,COHR,2026-05-12 14:40,363.255,359.35,374.97,3.225,2026-05-12 15:50,374.97,target,14,11.715,0.03225,3.0,True,True
5m,early_hl_wide_3r,early-higher-low,W007,COHR,2026-05-13 15:10,407.915,402.83,423.17,3.7398,2026-05-13 15:55,402.83,stop,9,-5.085,-0.01247,-1.0,False,False
5m,early_hl_wide_3r,early-higher-low,W008,COHR,2026-05-15 11:15,377.86,369.09,404.1699,6.9629,2026-05-15 15:15,390.08,time_exit,48,12.22,0.03234,1.39,True,True
5m,early_hl_wide_3r,early-higher-low,W010,COHR,2026-05-18 13:50,360.35,351.09,388.13,7.7092,2026-05-18 15:55,362.84,session_close,25,2.49,0.00691,0.27,True,False
5m,early_hl_wide_3r,early-higher-low,W011,COHR,2026-05-19 14:05,355.59,350.38,371.22,4.3955,2026-05-19 14:55,350.38,stop,10,-5.21,-0.01465,-1.0,False,False
5m,early_hl_wide_3r,early-higher-low,W012,COHR,2026-05-20 11:05,359.875,353.13,380.11,5.6228,2026-05-20 12:15,353.13,stop,14,-6.745,-0.01874,-1.0,False,False
5m,early_hl_wide_3r,early-higher-low,W013,COHR,2026-05-21 14:30,377.32,372.29,392.41,3.9993,2026-05-21 15:55,378.11,session_close,17,0.79,0.00209,0.16,True,False
5m,early_hl_wide_3r,early-higher-low,W014,COHR,2026-05-26 13:35,385.55,375.52,415.64,7.8044,2026-05-26 15:55,381.34,session_close,28,-4.21,-0.01092,-0.42,False,False
5m,early_hl_wide_3r,early-higher-low,W015,COHR,2026-05-27 13:25,380.63,369.59,413.75,8.7014,2026-05-27 15:55,380.27,session_close,30,-0.36,-0.00095,-0.03,False,False
5m,early_hl_wide_3r,early-higher-low,W001,WOLF,2026-05-04 11:35,36.43,35.34,39.7,8.9761,2026-05-04 15:35,36.12,time_exit,48,-0.31,-0.00851,-0.28,False,False
5m,early_hl_wide_3r,early-higher-low,W002,WOLF,2026-05-05 13:05,39.22,38.18,42.34,7.9551,2026-05-05 15:50,38.18,stop,33,-1.04,-0.02652,-1.0,False,False
5m,early_hl_wide_3r,early-higher-low,W003,WOLF,2026-05-06 13:55,42.4,41.04,46.48,9.6227,2026-05-06 15:55,42.97,session_close,24,0.57,0.01344,0.42,True,True
5m,early_hl_wide_3r,early-higher-low,W004,WOLF,2026-05-07 11:05,47.72,46.28,52.04,9.0528,2026-05-07 11:55,46.28,stop,10,-1.44,-0.03018,-1.0,False,False
5m,early_hl_wide_3r,early-higher-low,W005,WOLF,2026-05-11 11:40,52.73,51.34,56.9,7.9082,2026-05-11 12:40,51.34,stop,12,-1.39,-0.02636,-1.0,False,False
5m,early_hl_wide_3r,early-higher-low,W006,WOLF,2026-05-14 15:40,70.37,67.18,79.94,13.5996,2026-05-14 15:55,70.2,session_close,3,-0.17,-0.00242,-0.05,False,False
5m,early_hl_wide_3r,early-higher-low,W007,WOLF,2026-05-19 15:10,60.01,58.31,65.11,8.4986,2026-05-19 15:25,58.31,stop,3,-1.7,-0.02833,-1.0,False,False
5m,early_hl_wide_3r,early-higher-low,W008,WOLF,2026-05-21 13:55,70.72,68.0,78.88,11.5385,2026-05-21 15:55,69.64,session_close,24,-1.08,-0.01527,-0.4,False,False
5m,early_hl_wide_3r,early-higher-low,W009,WOLF,2026-05-27 15:40,61.6,59.73,67.21,9.1071,2026-05-27 15:55,63.15,session_close,3,1.55,0.02516,0.83,True,True
5m,early_hl_wide_3r,early-higher-low,W010,WOLF,2026-05-28 13:10,67.34,66.24,70.64,4.9005,2026-05-28 13:30,66.24,stop,4,-1.1,-0.01633,-1.0,False,False
5m,early_hl_wide_3r,early-higher-low,W001,AEHR,2026-05-01 14:30,92.75,91.46,96.62,4.1725,2026-05-01 15:55,93.06,session_close,17,0.31,0.00334,0.24,True,False
5m,early_hl_wide_3r,early-higher-low,W002,AEHR,2026-05-05 12:15,92.0,89.99,98.03,6.5543,2026-05-05 15:20,89.99,stop,37,-2.01,-0.02185,-1.0,False,False
5m,early_hl_wide_3r,early-higher-low,W003,AEHR,2026-05-06 13:00,92.73,89.62,102.06,10.0615,2026-05-06 15:55,96.77,session_close,35,4.04,0.04357,1.3,True,True
5m,early_hl_wide_3r,early-higher-low,W005,AEHR,2026-05-07 12:35,91.265,88.86,98.48,7.9055,2026-05-07 15:55,91.26,session_close,40,-0.005,-5e-05,-0.0,False,False
5m,early_hl_wide_3r,early-higher-low,W006,AEHR,2026-05-08 15:40,99.25,95.31,111.07,11.9093,2026-05-08 15:55,97.191,session_close,3,-2.059,-0.02075,-0.52,False,False
5m,early_hl_wide_3r,early-higher-low,W007,AEHR,2026-05-11 11:55,105.17,103.62,109.82,4.4214,2026-05-11 12:35,103.62,stop,8,-1.55,-0.01474,-1.0,False,False
5m,early_hl_wide_3r,early-higher-low,W008,AEHR,2026-05-11 15:10,106.465,102.48,118.42,11.229,2026-05-11 15:55,104.52,session_close,9,-1.945,-0.01827,-0.49,False,False
5m,early_hl_wide_3r,early-higher-low,W009,AEHR,2026-05-13 13:35,100.335,97.32,109.38,9.0148,2026-05-13 15:55,103.23,session_close,28,2.895,0.02885,0.96,True,True
5m,early_hl_wide_3r,early-higher-low,W011,AEHR,2026-05-14 13:40,104.89,101.57,114.85,9.4957,2026-05-14 15:55,106.28,session_close,27,1.39,0.01325,0.42,True,True
5m,early_hl_wide_3r,early-higher-low,W012,AEHR,2026-05-15 13:30,100.59,96.7,112.26,11.6015,2026-05-15 15:55,99.31,session_close,29,-1.28,-0.01272,-0.33,False,False
5m,early_hl_wide_3r,early-higher-low,W013,AEHR,2026-05-21 11:50,87.62,84.58,96.74,10.4086,2026-05-21 15:50,89.92,time_exit,48,2.3,0.02625,0.76,True,True
5m,early_hl_wide_3r,early-higher-low,W015,AEHR,2026-05-22 13:50,96.32,93.84,103.76,7.7243,2026-05-22 15:00,93.84,stop,14,-2.48,-0.02575,-1.0,False,False
5m,early_hl_wide_3r,early-higher-low,W016,AEHR,2026-05-26 13:35,110.77,108.79,116.71,5.3625,2026-05-26 15:00,108.79,stop,17,-1.98,-0.01787,-1.0,False,False
5m,early_hl_wide_3r,early-higher-low,W017,AEHR,2026-05-27 10:40,108.68,103.98,122.78,12.9739,2026-05-27 11:45,103.98,stop,13,-4.7,-0.04325,-1.0,False,False
5m,early_hl_wide_3r,early-higher-low,W018,AEHR,2026-05-28 15:00,100.3,99.21,103.57,3.2602,2026-05-28 15:55,99.93,session_close,11,-0.37,-0.00369,-0.34,False,False
5m,early_hl_wide_3r,early-higher-low,W001,PLTR,2026-05-01 15:00,144.09,142.41,149.13,3.4978,2026-05-01 15:55,144.0799,session_close,11,-0.0101,-7e-05,-0.01,False,False
5m,early_hl_wide_3r,early-higher-low,W002,PLTR,2026-05-06 11:00,134.075,131.99,140.33,4.6653,2026-05-06 15:00,133.11,time_exit,48,-0.965,-0.0072,-0.46,False,False
5m,early_hl_wide_3r,early-higher-low,W003,PLTR,2026-05-07 11:20,139.86,136.51,149.91,7.1858,2026-05-07 13:25,136.51,stop,25,-3.35,-0.02395,-1.0,False,False
5m,early_hl_wide_3r,early-higher-low,W004,PLTR,2026-05-08 12:05,135.13,132.36,143.44,6.1496,2026-05-08 15:55,137.8,session_close,46,2.67,0.01976,0.96,True,True
5m,early_hl_wide_3r,early-higher-low,W005,PLTR,2026-05-14 12:40,133.47,130.59,142.11,6.4734,2026-05-14 15:55,133.74,session_close,39,0.27,0.00202,0.09,True,False
5m,early_hl_wide_3r,early-higher-low,W006,PLTR,2026-05-15 15:35,134.07,132.63,138.39,3.2222,2026-05-15 15:55,133.97,session_close,4,-0.1,-0.00075,-0.07,False,False
5m,early_hl_wide_3r,early-higher-low,W007,PLTR,2026-05-20 12:15,135.7,134.08,140.56,3.5814,2026-05-20 15:55,137.145,session_close,44,1.445,0.01065,0.89,True,True
5m,early_hl_wide_3r,early-higher-low,W008,PLTR,2026-05-21 11:25,137.51,136.07,141.83,3.1416,2026-05-21 15:25,137.33,time_exit,48,-0.18,-0.00131,-0.12,False,False
5m,early_hl_wide_3r,early-higher-low,W009,PLTR,2026-05-26 12:30,137.135,134.45,145.19,5.8738,2026-05-26 15:55,136.615,session_close,41,-0.52,-0.00379,-0.19,False,False
5m,early_hl_wide_3r,early-higher-low,W010,PLTR,2026-05-27 11:30,133.815,131.06,142.08,6.1764,2026-05-27 15:30,132.995,time_exit,48,-0.82,-0.00613,-0.3,False,False
5m,early_hl_wide_3r,early-higher-low,W011,PLTR,2026-05-29 11:05,157.4599,152.87,171.2296,8.7449,2026-05-29 15:05,155.53,time_exit,48,-1.9299,-0.01226,-0.42,False,False
5m,early_hl_wide_3r,early-higher-low,W001,APP,2026-05-01 15:10,460.565,453.22,482.6,4.7843,2026-05-01 15:55,460.0,session_close,9,-0.565,-0.00123,-0.08,False,False
5m,early_hl_wide_3r,early-higher-low,W002,APP,2026-05-11 14:55,469.12,458.49,501.01,6.7978,2026-05-11 15:55,478.42,session_close,12,9.3,0.01982,0.87,True,True
5m,early_hl_wide_3r,early-higher-low,W003,APP,2026-05-12 10:45,490.21,479.6,522.04,6.4931,2026-05-12 12:50,479.6,stop,25,-10.61,-0.02164,-1.0,False,False
5m,early_hl_wide_3r,early-higher-low,W004,APP,2026-05-12 15:35,487.3,479.47,510.79,4.8204,2026-05-12 15:55,490.74,session_close,4,3.44,0.00706,0.44,True,False
5m,early_hl_wide_3r,early-higher-low,W005,APP,2026-05-14 13:25,480.005,465.25,524.27,9.2218,2026-05-14 15:55,485.1,session_close,30,5.095,0.01061,0.35,True,True
5m,early_hl_wide_3r,early-higher-low,W006,APP,2026-05-15 13:30,498.9781,486.07,537.7024,7.7607,2026-05-15 15:55,500.89,session_close,29,1.9119,0.00383,0.15,True,False
5m,early_hl_wide_3r,early-higher-low,W007,APP,2026-05-18 15:35,490.25,483.47,510.59,4.1489,2026-05-18 15:55,492.52,session_close,4,2.27,0.00463,0.33,True,False
5m,early_hl_wide_3r,early-higher-low,W008,APP,2026-05-21 11:00,495.66,487.55,519.99,4.9086,2026-05-21 12:20,487.55,stop,16,-8.11,-0.01636,-1.0,False,False
5m,early_hl_wide_3r,early-higher-low,W009,APP,2026-05-26 11:25,525.965,518.04,549.7401,4.5203,2026-05-26 12:00,518.04,stop,7,-7.925,-0.01507,-1.0,False,False
5m,early_hl_wide_3r,early-higher-low,W010,APP,2026-05-27 12:00,568.42,560.57,591.9699,4.1431,2026-05-27 15:55,567.9,session_close,47,-0.52,-0.00091,-0.07,False,False
5m,early_hl_wide_3r,early-higher-low,W011,APP,2026-05-28 11:45,596.53,587.47,623.7101,4.5564,2026-05-28 15:45,600.7,time_exit,48,4.17,0.00699,0.46,True,False
5m,early_hl_wide_3r,early-higher-low,W001,SOUN,2026-05-01 14:55,9.24,9.12,9.6,3.8961,2026-05-01 15:55,9.6,target,12,0.36,0.03896,3.0,True,True
5m,early_hl_wide_3r,early-higher-low,W002,SOUN,2026-05-04 11:55,9.825,9.58,10.56,7.4809,2026-05-04 14:45,9.58,stop,34,-0.245,-0.02494,-1.0,False,False
5m,early_hl_wide_3r,early-higher-low,W003,SOUN,2026-05-06 11:20,9.105,8.93,9.63,5.766,2026-05-06 15:20,9.28,time_exit,48,0.175,0.01922,1.0,True,True
5m,early_hl_wide_3r,early-higher-low,W005,SOUN,2026-05-07 11:15,9.53,9.25,10.37,8.8143,2026-05-07 12:15,9.25,stop,12,-0.28,-0.02938,-1.0,False,False
5m,early_hl_wide_3r,early-higher-low,W006,SOUN,2026-05-08 10:55,8.6401,8.34,9.5404,10.42,2026-05-08 14:55,8.695,time_exit,48,0.0549,0.00635,0.18,True,False
5m,early_hl_wide_3r,early-higher-low,W007,SOUN,2026-05-08 15:10,8.705,8.53,9.23,6.031,2026-05-08 15:55,8.88,session_close,9,0.175,0.0201,1.0,True,True
5m,early_hl_wide_3r,early-higher-low,W008,SOUN,2026-05-13 13:35,8.475,8.36,8.82,4.0708,2026-05-13 15:55,8.41,session_close,28,-0.065,-0.00767,-0.57,False,False
5m,early_hl_wide_3r,early-higher-low,W009,SOUN,2026-05-14 15:05,8.36,8.27,8.63,3.2297,2026-05-14 15:55,8.53,session_close,10,0.17,0.02033,1.89,True,True
5m,early_hl_wide_3r,early-higher-low,W010,SOUN,2026-05-15 12:10,8.3999,8.13,9.2096,9.6394,2026-05-15 15:55,8.425,session_close,45,0.0251,0.00299,0.09,True,False
5m,early_hl_wide_3r,early-higher-low,W012,SOUN,2026-05-18 10:50,8.115,8.02,8.4,3.512,2026-05-18 14:50,8.26,time_exit,48,0.145,0.01787,1.53,True,True
5m,early_hl_wide_3r,early-higher-low,W014,SOUN,2026-05-19 11:40,8.255,8.14,8.6,4.1793,2026-05-19 15:40,8.475,time_exit,48,0.22,0.02665,1.91,True,True
5m,early_hl_wide_3r,early-higher-low,W016,SOUN,2026-05-20 12:05,8.5003,8.29,9.1312,7.4221,2026-05-20 15:55,8.465,session_close,46,-0.0353,-0.00415,-0.17,False,False
5m,early_hl_wide_3r,early-higher-low,W017,SOUN,2026-05-21 14:30,8.29,8.15,8.71,5.0663,2026-05-21 15:55,8.31,session_close,17,0.02,0.00241,0.14,True,False
5m,early_hl_wide_3r,early-higher-low,W018,SOUN,2026-05-26 10:45,8.38,8.08,9.28,10.7399,2026-05-26 14:45,8.285,time_exit,48,-0.095,-0.01134,-0.32,False,False
5m,early_hl_wide_3r,early-higher-low,W019,SOUN,2026-05-27 10:40,8.195,7.97,8.87,8.2367,2026-05-27 14:40,8.195,time_exit,48,0.0,0.0,0.0,False,False
5m,early_hl_wide_3r,early-higher-low,W020,SOUN,2026-05-27 15:15,8.145,8.08,8.34,2.3941,2026-05-27 15:55,8.08,stop,8,-0.065,-0.00798,-1.0,False,False
5m,early_hl_wide_3r,early-higher-low,W021,SOUN,2026-05-28 10:45,8.245,8.15,8.53,3.4566,2026-05-28 13:25,8.53,target,32,0.285,0.03457,3.0,True,True
5m,early_hl_wide_3r,early-higher-low,W022,SOUN,2026-05-28 14:45,8.635,8.45,9.19,6.4273,2026-05-28 15:55,8.58,session_close,14,-0.055,-0.00637,-0.3,False,False
5m,early_hl_wide_3r,early-higher-low,W023,SOUN,2026-05-29 11:35,9.155,8.81,10.19,11.3053,2026-05-29 15:35,8.955,time_exit,48,-0.2,-0.02185,-0.58,False,False
5m,early_hl_wide_3r,early-higher-low,W001,BBAI,2026-05-01 14:05,4.0401,3.95,4.3104,6.6904,2026-05-01 15:55,4.14,session_close,22,0.0999,0.02473,1.11,True,True
5m,early_hl_wide_3r,early-higher-low,W002,BBAI,2026-05-04 10:55,4.285,4.17,4.63,8.0513,2026-05-04 12:10,4.17,stop,15,-0.115,-0.02684,-1.0,False,False
5m,early_hl_wide_3r,early-higher-low,W003,BBAI,2026-05-04 15:10,4.2081,4.15,4.3824,4.142,2026-05-04 15:55,4.175,session_close,9,-0.0331,-0.00787,-0.57,False,False
5m,early_hl_wide_3r,early-higher-low,W004,BBAI,2026-05-05 15:15,4.09,3.97,4.45,8.802,2026-05-05 15:55,4.14,session_close,8,0.05,0.01222,0.42,True,True
5m,early_hl_wide_3r,early-higher-low,W005,BBAI,2026-05-06 13:10,4.3,4.14,4.78,11.1628,2026-05-06 15:55,4.365,session_close,33,0.065,0.01512,0.41,True,True
5m,early_hl_wide_3r,early-higher-low,W006,BBAI,2026-05-07 11:35,4.325,4.24,4.58,5.8959,2026-05-07 12:05,4.24,stop,6,-0.085,-0.01965,-1.0,False,False
5m,early_hl_wide_3r,early-higher-low,W007,BBAI,2026-05-08 14:15,4.135,4.01,4.51,9.0689,2026-05-08 15:55,4.17,session_close,20,0.035,0.00846,0.28,True,False
5m,early_hl_wide_3r,early-higher-low,W008,BBAI,2026-05-11 14:10,4.34,4.22,4.7,8.2949,2026-05-11 15:55,4.33,session_close,21,-0.01,-0.0023,-0.08,False,False
5m,early_hl_wide_3r,early-higher-low,W009,BBAI,2026-05-12 15:10,4.1554,4.08,4.3816,5.4435,2026-05-12 15:55,4.18,session_close,9,0.0246,0.00592,0.33,True,False
5m,early_hl_wide_3r,early-higher-low,W010,BBAI,2026-05-13 11:45,4.2801,4.15,4.6704,9.1189,2026-05-13 15:45,4.275,time_exit,48,-0.0051,-0.00119,-0.04,False,False
5m,early_hl_wide_3r,early-higher-low,W011,BBAI,2026-05-14 10:50,4.26,4.1,4.74,11.2676,2026-05-14 14:50,4.315,time_exit,48,0.055,0.01291,0.34,True,True
5m,early_hl_wide_3r,early-higher-low,W013,BBAI,2026-05-18 15:40,3.925,3.84,4.18,6.4968,2026-05-18 15:55,3.92,session_close,3,-0.005,-0.00127,-0.06,False,False
5m,early_hl_wide_3r,early-higher-low,W014,BBAI,2026-05-19 14:00,3.87,3.77,4.17,7.7519,2026-05-19 15:55,3.841,session_close,23,-0.029,-0.00749,-0.29,False,False
5m,early_hl_wide_3r,early-higher-low,W015,BBAI,2026-05-21 15:10,4.26,4.12,4.68,9.8592,2026-05-21 15:55,4.19,session_close,9,-0.07,-0.01643,-0.5,False,False
5m,early_hl_wide_3r,early-higher-low,W016,BBAI,2026-05-26 10:40,4.195,4.13,4.39,4.6484,2026-05-26 14:40,4.1301,time_exit,48,-0.0649,-0.01547,-1.0,False,False
5m,early_hl_wide_3r,early-higher-low,W017,BBAI,2026-05-27 11:40,4.4493,4.24,5.0772,14.1123,2026-05-27 15:40,4.425,time_exit,48,-0.0243,-0.00546,-0.12,False,False
5m,early_hl_wide_3r,early-higher-low,W018,BBAI,2026-05-28 13:40,4.83,4.73,5.13,6.2112,2026-05-28 15:55,4.94,session_close,27,0.11,0.02277,1.1,True,True
5m,early_hl_wide_3r,early-higher-low,W019,BBAI,2026-05-29 12:45,5.08,5.01,5.29,4.1339,2026-05-29 14:55,5.01,stop,26,-0.07,-0.01378,-1.0,False,False
5m,early_hl_wide_3r,early-higher-low,W001,AI,2026-05-01 12:40,9.0501,8.82,9.7404,7.6276,2026-05-01 15:55,9.155,session_close,39,0.1049,0.01159,0.46,True,True
5m,early_hl_wide_3r,early-higher-low,W002,AI,2026-05-04 11:15,9.46,9.15,10.39,9.8309,2026-05-04 15:15,9.225,time_exit,48,-0.235,-0.02484,-0.76,False,False
5m,early_hl_wide_3r,early-higher-low,W003,AI,2026-05-05 10:55,9.29,9.0,10.16,9.3649,2026-05-05 14:55,9.3,time_exit,48,0.01,0.00108,0.03,True,False
5m,early_hl_wide_3r,early-higher-low,W004,AI,2026-05-06 11:15,9.46,9.22,10.18,7.611,2026-05-06 15:15,9.5453,time_exit,48,0.0853,0.00902,0.36,True,False
5m,early_hl_wide_3r,early-higher-low,W005,AI,2026-05-08 13:25,9.72,9.59,10.11,4.0124,2026-05-08 15:55,9.865,session_close,30,0.145,0.01492,1.12,True,True
5m,early_hl_wide_3r,early-higher-low,W006,AI,2026-05-11 10:45,9.7351,9.62,10.0804,3.547,2026-05-11 10:55,9.62,stop,2,-0.1151,-0.01182,-1.0,False,False
5m,early_hl_wide_3r,early-higher-low,W007,AI,2026-05-13 13:50,8.735,8.67,8.93,2.2324,2026-05-13 14:55,8.67,stop,13,-0.065,-0.00744,-1.0,False,False
5m,early_hl_wide_3r,early-higher-low,W008,AI,2026-05-14 11:15,9.16,8.88,10.0,9.1703,2026-05-14 13:25,8.88,stop,26,-0.28,-0.03057,-1.0,False,False
5m,early_hl_wide_3r,early-higher-low,W009,AI,2026-05-18 12:45,8.64,8.54,8.94,3.4722,2026-05-18 15:55,8.74,session_close,38,0.1,0.01157,1.0,True,True
5m,early_hl_wide_3r,early-higher-low,W010,AI,2026-05-19 10:30,8.79,8.6,9.36,6.4846,2026-05-19 14:30,8.83,time_exit,48,0.04,0.00455,0.21,True,False
5m,early_hl_wide_3r,early-higher-low,W011,AI,2026-05-21 10:30,9.225,9.01,9.87,6.9919,2026-05-21 14:30,9.315,time_exit,48,0.09,0.00976,0.42,True,False
5m,early_hl_wide_3r,early-higher-low,W012,AI,2026-05-21 15:05,9.31,9.05,10.09,8.3781,2026-05-21 15:55,9.33,session_close,10,0.02,0.00215,0.08,True,False
5m,early_hl_wide_3r,early-higher-low,W013,AI,2026-05-26 12:10,9.69,9.57,10.05,3.7152,2026-05-26 14:55,9.57,stop,33,-0.12,-0.01238,-1.0,False,False
5m,early_hl_wide_3r,early-higher-low,W014,AI,2026-05-27 10:40,9.61,9.42,10.18,5.9313,2026-05-27 14:40,9.525,time_exit,48,-0.085,-0.00884,-0.45,False,False
5m,early_hl_wide_3r,early-higher-low,W015,AI,2026-05-28 12:05,10.1432,9.89,10.9029,7.4896,2026-05-28 15:55,10.215,session_close,46,0.0718,0.00708,0.28,True,False
5m,early_hl_wide_3r,early-higher-low,W016,AI,2026-05-29 14:10,11.045,10.77,11.87,7.4694,2026-05-29 15:35,10.77,stop,17,-0.275,-0.0249,-1.0,False,False
5m,early_hl_wide_3r,early-higher-low,W001,PATH,2026-05-04 10:55,11.005,10.61,12.19,10.7678,2026-05-04 14:55,11.0,time_exit,48,-0.005,-0.00045,-0.01,False,False
5m,early_hl_wide_3r,early-higher-low,W002,PATH,2026-05-06 11:00,10.46,10.17,11.33,8.3174,2026-05-06 15:00,10.42,time_exit,48,-0.04,-0.00382,-0.14,False,False
5m,early_hl_wide_3r,early-higher-low,W003,PATH,2026-05-08 14:05,10.76,10.53,11.45,6.4126,2026-05-08 15:55,10.79,session_close,22,0.03,0.00279,0.13,True,False
5m,early_hl_wide_3r,early-higher-low,W004,PATH,2026-05-14 13:05,9.74,9.48,10.52,8.0082,2026-05-14 15:55,9.655,session_close,34,-0.085,-0.00873,-0.33,False,False
5m,early_hl_wide_3r,early-higher-low,W005,PATH,2026-05-15 11:20,9.965,9.73,10.67,7.0748,2026-05-15 15:20,10.31,time_exit,48,0.345,0.03462,1.47,True,True
5m,early_hl_wide_3r,early-higher-low,W006,PATH,2026-05-18 14:15,10.665,10.47,11.25,5.4852,2026-05-18 15:55,10.64,session_close,20,-0.025,-0.00234,-0.13,False,False
5m,early_hl_wide_3r,early-higher-low,W007,PATH,2026-05-20 11:55,10.545,10.31,11.25,6.6856,2026-05-20 15:55,10.745,time_exit,48,0.2,0.01897,0.85,True,True
5m,early_hl_wide_3r,early-higher-low,W008,PATH,2026-05-26 12:05,11.33,11.08,12.08,6.6196,2026-05-26 15:55,11.095,session_close,46,-0.235,-0.02074,-0.94,False,False
5m,early_hl_wide_3r,early-higher-low,W009,PATH,2026-05-27 11:35,11.19,11.02,11.7,4.5576,2026-05-27 13:35,11.02,stop,24,-0.17,-0.01519,-1.0,False,False
5m,early_hl_wide_3r,early-higher-low,W010,PATH,2026-05-28 14:00,12.015,11.73,12.87,7.1161,2026-05-28 15:35,11.73,stop,19,-0.285,-0.02372,-1.0,False,False
5m,early_hl_wide_3r,early-higher-low,W011,PATH,2026-05-29 11:00,11.655,11.23,12.93,10.9395,2026-05-29 15:00,11.675,time_exit,48,0.02,0.00172,0.05,True,False
5m,early_hl_wide_3r,early-higher-low,W001,UPST,2026-05-01 15:15,32.75,31.99,35.03,6.9618,2026-05-01 15:55,32.715,session_close,8,-0.035,-0.00107,-0.05,False,False
5m,early_hl_wide_3r,early-higher-low,W002,UPST,2026-05-05 10:55,32.26,31.53,34.45,6.7886,2026-05-05 13:15,31.53,stop,28,-0.73,-0.02263,-1.0,False,False
5m,early_hl_wide_3r,early-higher-low,W004,UPST,2026-05-08 15:10,28.97,28.44,30.56,5.4884,2026-05-08 15:55,28.96,session_close,9,-0.01,-0.00035,-0.02,False,False
5m,early_hl_wide_3r,early-higher-low,W005,UPST,2026-05-11 13:20,28.8,28.06,31.02,7.7083,2026-05-11 15:55,28.69,session_close,31,-0.11,-0.00382,-0.15,False,False
5m,early_hl_wide_3r,early-higher-low,W006,UPST,2026-05-14 13:40,28.9,27.93,31.81,10.0692,2026-05-14 15:55,29.71,session_close,27,0.81,0.02803,0.84,True,True
5m,early_hl_wide_3r,early-higher-low,W007,UPST,2026-05-19 15:10,28.48,27.94,30.1,5.6882,2026-05-19 15:55,28.08,session_close,9,-0.4,-0.01404,-0.74,False,False
5m,early_hl_wide_3r,early-higher-low,W008,UPST,2026-05-20 11:25,28.95,28.32,30.84,6.5285,2026-05-20 15:25,28.95,time_exit,48,0.0,0.0,0.0,False,False
5m,early_hl_wide_3r,early-higher-low,W010,UPST,2026-05-21 15:10,28.87,27.96,31.6,9.4562,2026-05-21 15:55,28.86,session_close,9,-0.01,-0.00035,-0.01,False,False
5m,early_hl_wide_3r,early-higher-low,W011,UPST,2026-05-26 11:20,30.9875,30.42,32.69,5.4941,2026-05-26 12:50,30.42,stop,18,-0.5675,-0.01831,-1.0,False,False
5m,early_hl_wide_3r,early-higher-low,W012,UPST,2026-05-27 10:10,30.97,30.49,32.41,4.6497,2026-05-27 10:50,30.49,stop,8,-0.48,-0.0155,-1.0,False,False
5m,early_hl_wide_3r,early-higher-low,W013,UPST,2026-05-28 12:45,31.785,30.91,34.41,8.2586,2026-05-28 15:55,32.707,session_close,38,0.922,0.02901,1.05,True,True
5m,early_hl_wide_3r,early-higher-low,W014,UPST,2026-05-29 14:25,34.385,33.43,37.25,8.3321,2026-05-29 15:55,33.8,end_of_data,18,-0.585,-0.01701,-0.61,False,False
5m,early_hl_wide_3r,early-higher-low,W001,AFRM,2026-05-01 10:50,65.89,64.28,70.72,7.3304,2026-05-01 14:50,67.275,time_exit,48,1.385,0.02102,0.86,True,True
5m,early_hl_wide_3r,early-higher-low,W002,AFRM,2026-05-04 13:10,67.405,66.78,69.28,2.7817,2026-05-04 15:55,67.16,session_close,33,-0.245,-0.00363,-0.39,False,False
5m,early_hl_wide_3r,early-higher-low,W003,AFRM,2026-05-05 10:55,67.5299,65.87,72.5096,7.3741,2026-05-05 14:55,67.31,time_exit,48,-0.2199,-0.00326,-0.13,False,False
5m,early_hl_wide_3r,early-higher-low,W005,AFRM,2026-05-07 11:35,68.52,67.17,72.57,5.9107,2026-05-07 13:05,67.17,stop,18,-1.35,-0.0197,-1.0,False,False
5m,early_hl_wide_3r,early-higher-low,W006,AFRM,2026-05-11 12:50,65.75,64.78,68.66,4.4259,2026-05-11 15:55,66.46,session_close,37,0.71,0.0108,0.73,True,True
5m,early_hl_wide_3r,early-higher-low,W007,AFRM,2026-05-14 13:10,66.275,64.52,71.54,7.9442,2026-05-14 15:55,67.57,session_close,33,1.295,0.01954,0.74,True,True
5m,early_hl_wide_3r,early-higher-low,W008,AFRM,2026-05-15 11:00,66.05,64.97,69.29,4.9054,2026-05-15 15:00,66.69,time_exit,48,0.64,0.00969,0.59,True,False
5m,early_hl_wide_3r,early-higher-low,W009,AFRM,2026-05-15 15:10,66.67,65.26,70.9,6.3447,2026-05-15 15:55,65.85,session_close,9,-0.82,-0.0123,-0.58,False,False
5m,early_hl_wide_3r,early-higher-low,W010,AFRM,2026-05-18 15:30,63.85,62.88,66.76,4.5575,2026-05-18 15:55,64.435,session_close,5,0.585,0.00916,0.6,True,False
5m,early_hl_wide_3r,early-higher-low,W011,AFRM,2026-05-19 10:20,64.39,62.58,69.82,8.433,2026-05-19 14:20,64.61,time_exit,48,0.22,0.00342,0.12,True,False
5m,early_hl_wide_3r,early-higher-low,W012,AFRM,2026-05-21 15:10,67.2,65.82,71.34,6.1607,2026-05-21 15:55,67.185,session_close,9,-0.015,-0.00022,-0.01,False,False
5m,early_hl_wide_3r,early-higher-low,W013,AFRM,2026-05-22 15:00,65.24,64.27,68.15,4.4604,2026-05-22 15:55,65.24,session_close,11,0.0,0.0,0.0,False,False
5m,early_hl_wide_3r,early-higher-low,W014,AFRM,2026-05-28 12:10,72.735,70.73,78.75,8.2697,2026-05-28 15:55,72.99,session_close,45,0.255,0.00351,0.13,True,False
5m,early_hl_wide_3r,early-higher-low,W015,AFRM,2026-05-29 12:15,73.805,72.36,78.14,5.8736,2026-05-29 15:55,73.7,end_of_data,44,-0.105,-0.00142,-0.07,False,False
5m,early_hl_wide_3r,early-higher-low,W001,HOOD,2026-05-01 10:30,73.46,72.69,75.77,3.1446,2026-05-01 14:30,74.58,time_exit,48,1.12,0.01525,1.45,True,True
5m,early_hl_wide_3r,early-higher-low,W002,HOOD,2026-05-04 11:15,77.67,75.46,84.3,8.5361,2026-05-04 15:15,76.695,time_exit,48,-0.975,-0.01255,-0.44,False,False
5m,early_hl_wide_3r,early-higher-low,W003,HOOD,2026-05-05 11:35,77.8,76.33,82.21,5.6684,2026-05-05 15:35,77.12,time_exit,48,-0.68,-0.00874,-0.46,False,False
5m,early_hl_wide_3r,early-higher-low,W004,HOOD,2026-05-08 15:10,76.29,74.77,80.85,5.9772,2026-05-08 15:55,77.0572,session_close,9,0.7672,0.01006,0.5,True,True
5m,early_hl_wide_3r,early-higher-low,W005,HOOD,2026-05-11 12:55,79.405,78.48,82.18,3.4947,2026-05-11 15:55,80.785,session_close,36,1.38,0.01738,1.49,True,True
5m,early_hl_wide_3r,early-higher-low,W006,HOOD,2026-05-13 12:10,76.695,74.96,81.9,6.7866,2026-05-13 15:55,76.75,session_close,45,0.055,0.00072,0.03,True,False
5m,early_hl_wide_3r,early-higher-low,W007,HOOD,2026-05-14 15:10,81.37,80.4,84.28,3.5763,2026-05-14 15:55,80.73,session_close,9,-0.64,-0.00787,-0.66,False,False
5m,early_hl_wide_3r,early-higher-low,W008,HOOD,2026-05-15 15:35,77.215,76.03,80.77,4.604,2026-05-15 15:55,77.12,session_close,4,-0.095,-0.00123,-0.08,False,False
5m,early_hl_wide_3r,early-higher-low,W009,HOOD,2026-05-19 14:05,74.94,73.6,78.96,5.3643,2026-05-19 15:55,74.18,session_close,22,-0.76,-0.01014,-0.57,False,False
5m,early_hl_wide_3r,early-higher-low,W010,HOOD,2026-05-20 15:20,75.7,74.53,79.21,4.6367,2026-05-20 15:55,75.77,session_close,7,0.07,0.00092,0.06,True,False
5m,early_hl_wide_3r,early-higher-low,W011,HOOD,2026-05-21 15:10,76.23,74.49,81.45,6.8477,2026-05-21 15:55,75.92,session_close,9,-0.31,-0.00407,-0.18,False,False
5m,early_hl_wide_3r,early-higher-low,W012,HOOD,2026-05-27 11:15,75.48,74.48,78.48,3.9746,2026-05-27 15:15,76.47,time_exit,48,0.99,0.01312,0.99,True,True
5m,early_hl_wide_3r,early-higher-low,W013,HOOD,2026-05-28 10:50,78.03,76.35,83.07,6.459,2026-05-28 13:50,83.07,target,36,5.04,0.06459,3.0,True,True
5m,early_hl_wide_3r,early-higher-low,W014,HOOD,2026-05-29 13:05,93.202,91.72,97.648,4.7703,2026-05-29 14:50,91.72,stop,21,-1.482,-0.0159,-1.0,False,False
5m,early_hl_wide_3r,early-higher-low,W001,COIN,2026-05-01 10:30,193.01,188.92,205.28,6.3572,2026-05-01 14:30,192.33,time_exit,48,-0.68,-0.00352,-0.17,False,False
5m,early_hl_wide_3r,early-higher-low,W002,COIN,2026-05-04 11:15,205.575,201.62,217.44,5.7716,2026-05-04 15:15,203.2675,time_exit,48,-2.3075,-0.01122,-0.58,False,False
5m,early_hl_wide_3r,early-higher-low,W003,COIN,2026-05-08 11:35,192.0,186.65,208.05,8.3594,2026-05-08 15:35,197.17,time_exit,48,5.17,0.02693,0.97,True,True
5m,early_hl_wide_3r,early-higher-low,W005,COIN,2026-05-11 11:55,209.29,205.97,219.25,4.7589,2026-05-11 15:55,216.619,time_exit,48,7.329,0.03502,2.21,True,True
5m,early_hl_wide_3r,early-higher-low,W007,COIN,2026-05-12 15:40,206.18,202.99,215.75,4.6416,2026-05-12 15:55,207.68,session_close,3,1.5,0.00728,0.47,True,False
5m,early_hl_wide_3r,early-higher-low,W008,COIN,2026-05-13 15:35,203.16,199.35,214.59,5.6261,2026-05-13 15:55,201.81,session_close,4,-1.35,-0.00665,-0.35,False,False
5m,early_hl_wide_3r,early-higher-low,W009,COIN,2026-05-14 14:55,219.385,216.32,228.58,4.1913,2026-05-14 15:15,216.32,stop,4,-3.065,-0.01397,-1.0,False,False
5m,early_hl_wide_3r,early-higher-low,W010,COIN,2026-05-19 11:00,190.67,186.66,202.7,6.3093,2026-05-19 15:00,193.65,time_exit,48,2.98,0.01563,0.74,True,True
5m,early_hl_wide_3r,early-higher-low,W012,COIN,2026-05-20 10:55,193.85,189.25,207.65,7.1189,2026-05-20 14:55,193.195,time_exit,48,-0.655,-0.00338,-0.14,False,False
5m,early_hl_wide_3r,early-higher-low,W014,COIN,2026-05-21 11:20,190.4647,187.78,198.5188,4.2287,2026-05-21 15:20,194.49,time_exit,48,4.0253,0.02113,1.5,True,True
5m,early_hl_wide_3r,early-higher-low,W016,COIN,2026-05-26 10:50,185.9493,182.9,195.0972,4.9196,2026-05-26 13:25,182.9,stop,31,-3.0493,-0.0164,-1.0,False,False
5m,early_hl_wide_3r,early-higher-low,W017,COIN,2026-05-27 10:45,178.63,175.74,187.3,4.8536,2026-05-27 11:55,175.74,stop,14,-2.89,-0.01618,-1.0,False,False
5m,early_hl_wide_3r,early-higher-low,W001,MARA,2026-05-04 11:00,11.605,11.37,12.31,6.075,2026-05-04 15:00,11.795,time_exit,48,0.19,0.01637,0.81,True,True
5m,early_hl_wide_3r,early-higher-low,W003,MARA,2026-05-06 15:30,12.965,12.73,13.67,5.4377,2026-05-06 15:55,13.03,session_close,5,0.065,0.00501,0.28,True,False
5m,early_hl_wide_3r,early-higher-low,W004,MARA,2026-05-07 10:40,12.94,12.6,13.96,7.8825,2026-05-07 12:15,12.6,stop,19,-0.34,-0.02628,-1.0,False,False
5m,early_hl_wide_3r,early-higher-low,W005,MARA,2026-05-08 13:15,12.825,12.52,13.74,7.1345,2026-05-08 15:55,12.9539,session_close,32,0.1289,0.01005,0.42,True,True
5m,early_hl_wide_3r,early-higher-low,W006,MARA,2026-05-11 11:45,13.51,13.34,14.02,3.775,2026-05-11 15:25,13.34,stop,44,-0.17,-0.01258,-1.0,False,False
5m,early_hl_wide_3r,early-higher-low,W007,MARA,2026-05-12 15:40,12.63,12.32,13.56,7.3634,2026-05-12 15:55,12.72,session_close,3,0.09,0.00713,0.29,True,False
5m,early_hl_wide_3r,early-higher-low,W008,MARA,2026-05-13 14:00,12.845,12.52,13.82,7.5905,2026-05-13 15:55,12.735,session_close,23,-0.11,-0.00856,-0.34,False,False
5m,early_hl_wide_3r,early-higher-low,W009,MARA,2026-05-14 13:10,13.58,13.04,15.2,11.9293,2026-05-14 15:25,13.04,stop,27,-0.54,-0.03976,-1.0,False,False
5m,early_hl_wide_3r,early-higher-low,W011,MARA,2026-05-18 15:40,12.18,11.85,13.17,8.1281,2026-05-18 15:55,12.17,session_close,3,-0.01,-0.00082,-0.03,False,False
5m,early_hl_wide_3r,early-higher-low,W012,MARA,2026-05-19 15:35,12.4,12.16,13.12,5.8064,2026-05-19 15:55,12.46,session_close,4,0.06,0.00484,0.25,True,False
5m,early_hl_wide_3r,early-higher-low,W013,MARA,2026-05-20 14:05,13.4199,13.09,14.4096,7.3749,2026-05-20 15:55,13.14,session_close,22,-0.2799,-0.02086,-0.85,False,False
5m,early_hl_wide_3r,early-higher-low,W014,MARA,2026-05-21 14:00,13.47,13.13,14.49,7.5724,2026-05-21 15:55,13.54,session_close,23,0.07,0.0052,0.21,True,False
5m,early_hl_wide_3r,early-higher-low,W015,MARA,2026-05-22 12:35,13.8775,13.46,15.13,9.0254,2026-05-22 15:55,13.805,session_close,40,-0.0725,-0.00522,-0.17,False,False
5m,early_hl_wide_3r,early-higher-low,W016,MARA,2026-05-26 11:15,14.795,14.49,15.71,6.1845,2026-05-26 12:15,14.49,stop,12,-0.305,-0.02062,-1.0,False,False
5m,early_hl_wide_3r,early-higher-low,W017,MARA,2026-05-27 10:40,14.04,13.77,14.85,5.7692,2026-05-27 14:40,14.46,time_exit,48,0.42,0.02991,1.56,True,True
5m,early_hl_wide_3r,early-higher-low,W019,MARA,2026-05-27 15:40,14.245,14.11,14.65,2.8431,2026-05-27 15:55,14.32,session_close,3,0.075,0.00526,0.56,True,False
5m,early_hl_wide_3r,early-higher-low,W020,MARA,2026-05-28 11:35,13.945,13.73,14.59,4.6253,2026-05-28 15:35,14.1,time_exit,48,0.155,0.01112,0.72,True,True
5m,early_hl_wide_3r,early-higher-low,W022,MARA,2026-05-29 12:45,14.0799,13.88,14.6796,4.2593,2026-05-29 15:55,14.395,end_of_data,38,0.3151,0.02238,1.58,True,True
5m,early_hl_wide_3r,early-higher-low,W001,RIOT,2026-05-01 11:45,19.365,18.72,21.3,9.9923,2026-05-01 12:10,18.72,stop,5,-0.645,-0.03331,-1.0,False,False
5m,early_hl_wide_3r,early-higher-low,W003,RIOT,2026-05-05 10:55,19.62,19.26,20.7,5.5046,2026-05-05 14:55,20.06,time_exit,48,0.44,0.02243,1.22,True,True
5m,early_hl_wide_3r,early-higher-low,W004,RIOT,2026-05-06 15:40,23.345,22.89,24.71,5.8471,2026-05-06 15:55,23.695,session_close,3,0.35,0.01499,0.77,True,True
5m,early_hl_wide_3r,early-higher-low,W005,RIOT,2026-05-08 15:35,24.08,23.32,26.36,9.4684,2026-05-08 15:55,24.08,session_close,4,0.0,0.0,0.0,False,False
5m,early_hl_wide_3r,early-higher-low,W006,RIOT,2026-05-11 12:40,25.375,24.79,27.13,6.9163,2026-05-11 15:55,25.34,session_close,39,-0.035,-0.00138,-0.06,False,False
5m,early_hl_wide_3r,early-higher-low,W007,RIOT,2026-05-12 14:40,24.62,24.23,25.79,4.7522,2026-05-12 15:55,24.51,session_close,15,-0.11,-0.00447,-0.28,False,False
5m,early_hl_wide_3r,early-higher-low,W008,RIOT,2026-05-13 14:00,24.85,24.24,26.68,7.3642,2026-05-13 15:55,24.91,session_close,23,0.06,0.00241,0.1,True,False
5m,early_hl_wide_3r,early-higher-low,W009,RIOT,2026-05-14 13:10,24.76,24.06,26.86,8.4814,2026-05-14 15:55,24.62,session_close,33,-0.14,-0.00565,-0.2,False,False
5m,early_hl_wide_3r,early-higher-low,W011,RIOT,2026-05-18 10:15,23.17,22.66,24.7,6.6034,2026-05-18 10:30,22.66,stop,3,-0.51,-0.02201,-1.0,False,False
5m,early_hl_wide_3r,early-higher-low,W012,RIOT,2026-05-19 14:05,22.815,22.12,24.9,9.1387,2026-05-19 15:55,22.64,session_close,22,-0.175,-0.00767,-0.25,False,False
5m,early_hl_wide_3r,early-higher-low,W013,RIOT,2026-05-20 11:25,23.83,23.35,25.27,6.0428,2026-05-20 15:25,23.9,time_exit,48,0.07,0.00294,0.15,True,False
5m,early_hl_wide_3r,early-higher-low,W014,RIOT,2026-05-21 11:05,24.52,23.95,26.23,6.9739,2026-05-21 15:05,24.405,time_exit,48,-0.115,-0.00469,-0.2,False,False
5m,early_hl_wide_3r,early-higher-low,W015,RIOT,2026-05-22 12:35,24.78,24.36,26.04,5.0848,2026-05-22 15:55,24.48,session_close,40,-0.3,-0.01211,-0.71,False,False
5m,early_hl_wide_3r,early-higher-low,W016,RIOT,2026-05-26 12:10,25.93,25.69,26.65,2.7767,2026-05-26 14:55,25.69,stop,33,-0.24,-0.00926,-1.0,False,False
5m,early_hl_wide_3r,early-higher-low,W017,RIOT,2026-05-27 13:25,26.405,25.94,27.8,5.2831,2026-05-27 15:55,26.95,session_close,30,0.545,0.02064,1.17,True,True
5m,early_hl_wide_3r,early-higher-low,W019,RIOT,2026-05-28 12:15,28.2802,27.92,29.3608,3.821,2026-05-28 13:20,27.92,stop,13,-0.3602,-0.01274,-1.0,False,False
5m,early_hl_wide_3r,early-higher-low,W020,RIOT,2026-05-29 15:15,27.3,26.93,28.41,4.0659,2026-05-29 15:55,27.12,end_of_data,8,-0.18,-0.00659,-0.49,False,False
5m,early_hl_wide_3r,early-higher-low,W001,CLSK,2026-05-01 12:05,12.595,12.46,13.0,3.2156,2026-05-01 12:30,12.46,stop,5,-0.135,-0.01072,-1.0,False,False
5m,early_hl_wide_3r,early-higher-low,W002,CLSK,2026-05-04 11:00,12.63,12.43,13.23,4.7506,2026-05-04 15:00,12.925,time_exit,48,0.295,0.02336,1.47,True,True
5m,early_hl_wide_3r,early-higher-low,W004,CLSK,2026-05-05 15:15,13.36,12.99,14.47,8.3084,2026-05-05 15:55,13.4,session_close,8,0.04,0.00299,0.11,True,False
5m,early_hl_wide_3r,early-higher-low,W005,CLSK,2026-05-06 14:05,14.21,13.79,15.47,8.867,2026-05-06 15:55,14.485,session_close,22,0.275,0.01935,0.65,True,True
5m,early_hl_wide_3r,early-higher-low,W006,CLSK,2026-05-07 10:40,14.18,13.72,15.56,9.732,2026-05-07 12:15,13.72,stop,19,-0.46,-0.03244,-1.0,False,False
5m,early_hl_wide_3r,early-higher-low,W007,CLSK,2026-05-08 15:35,14.11,13.72,15.28,8.292,2026-05-08 15:55,14.205,session_close,4,0.095,0.00673,0.24,True,False
5m,early_hl_wide_3r,early-higher-low,W008,CLSK,2026-05-11 11:50,14.662,14.46,15.268,4.1331,2026-05-11 15:25,14.46,stop,43,-0.202,-0.01378,-1.0,False,False
5m,early_hl_wide_3r,early-higher-low,W009,CLSK,2026-05-13 14:10,13.43,13.13,14.33,6.7014,2026-05-13 15:55,13.295,session_close,21,-0.135,-0.01005,-0.45,False,False
5m,early_hl_wide_3r,early-higher-low,W010,CLSK,2026-05-14 11:40,13.95,13.59,15.03,7.7419,2026-05-14 15:40,13.885,time_exit,48,-0.065,-0.00466,-0.18,False,False
5m,early_hl_wide_3r,early-higher-low,W011,CLSK,2026-05-15 15:00,13.45,13.3,13.9,3.3457,2026-05-15 15:20,13.3,stop,4,-0.15,-0.01115,-1.0,False,False
5m,early_hl_wide_3r,early-higher-low,W012,CLSK,2026-05-18 14:05,13.005,12.8,13.62,4.729,2026-05-18 15:55,13.4523,session_close,22,0.4473,0.03439,2.18,True,True
5m,early_hl_wide_3r,early-higher-low,W013,CLSK,2026-05-19 10:30,13.57,13.27,14.47,6.6323,2026-05-19 13:20,14.47,target,34,0.9,0.06632,3.0,True,True
5m,early_hl_wide_3r,early-higher-low,W014,CLSK,2026-05-19 14:00,14.22,13.94,15.06,5.9072,2026-05-19 15:55,14.685,session_close,23,0.465,0.0327,1.66,True,True
5m,early_hl_wide_3r,early-higher-low,W016,CLSK,2026-05-21 13:35,15.81,15.61,16.41,3.7951,2026-05-21 14:45,15.61,stop,14,-0.2,-0.01265,-1.0,False,False
5m,early_hl_wide_3r,early-higher-low,W017,CLSK,2026-05-22 12:30,16.23,15.77,17.61,8.5028,2026-05-22 15:55,15.955,session_close,41,-0.275,-0.01694,-0.6,False,False
5m,early_hl_wide_3r,early-higher-low,W018,CLSK,2026-05-26 11:20,17.4298,16.68,19.6792,12.9055,2026-05-26 15:20,17.235,time_exit,48,-0.1948,-0.01118,-0.26,False,False
5m,early_hl_wide_3r,early-higher-low,W019,CLSK,2026-05-27 13:25,17.555,17.02,19.16,9.1427,2026-05-27 15:55,18.035,session_close,30,0.48,0.02734,0.9,True,True
5m,early_hl_wide_3r,early-higher-low,W021,CLSK,2026-05-28 10:40,17.89,17.35,19.51,9.0553,2026-05-28 14:40,18.31,time_exit,48,0.42,0.02348,0.78,True,True
5m,early_hl_wide_3r,early-higher-low,W023,CLSK,2026-05-29 15:15,17.97,17.48,19.44,8.1803,2026-05-29 15:55,18.28,end_of_data,8,0.31,0.01725,0.63,True,True
5m,early_hl_wide_3r,early-higher-low,W001,IREN,2026-05-01 12:05,46.62,45.58,49.74,6.6924,2026-05-01 14:45,45.58,stop,32,-1.04,-0.02231,-1.0,False,False
5m,early_hl_wide_3r,early-higher-low,W002,IREN,2026-05-05 10:50,50.77,49.06,55.9,10.1044,2026-05-05 14:35,55.9,target,45,5.13,0.10104,3.0,True,True
5m,early_hl_wide_3r,early-higher-low,W004,IREN,2026-05-05 15:15,54.77,53.55,58.43,6.6825,2026-05-05 15:55,54.735,session_close,8,-0.035,-0.00064,-0.03,False,False
5m,early_hl_wide_3r,early-higher-low,W005,IREN,2026-05-08 14:30,62.025,60.04,67.98,9.601,2026-05-08 15:55,61.215,session_close,17,-0.81,-0.01306,-0.41,False,False
5m,early_hl_wide_3r,early-higher-low,W006,IREN,2026-05-11 12:55,59.88,57.27,67.71,13.0762,2026-05-11 15:10,57.27,stop,27,-2.61,-0.04359,-1.0,False,False
5m,early_hl_wide_3r,early-higher-low,W007,IREN,2026-05-12 15:40,56.255,54.91,60.29,7.1727,2026-05-12 15:55,56.56,session_close,3,0.305,0.00542,0.23,True,False
5m,early_hl_wide_3r,early-higher-low,W008,IREN,2026-05-13 14:10,55.33,54.05,59.17,6.9402,2026-05-13 15:55,55.165,session_close,21,-0.165,-0.00298,-0.13,False,False
5m,early_hl_wide_3r,early-higher-low,W009,IREN,2026-05-14 11:00,58.48,57.59,61.15,4.5657,2026-05-14 13:20,57.59,stop,28,-0.89,-0.01522,-1.0,False,False
5m,early_hl_wide_3r,early-higher-low,W010,IREN,2026-05-15 15:00,54.08,53.5,55.82,3.2175,2026-05-15 15:20,53.5,stop,4,-0.58,-0.01072,-1.0,False,False
5m,early_hl_wide_3r,early-higher-low,W011,IREN,2026-05-18 15:40,50.21,48.44,55.52,10.5756,2026-05-18 15:55,50.5,session_close,3,0.29,0.00578,0.16,True,False
5m,early_hl_wide_3r,early-higher-low,W012,IREN,2026-05-19 14:05,48.565,46.99,53.29,9.7292,2026-05-19 15:55,47.74,session_close,22,-0.825,-0.01699,-0.52,False,False
5m,early_hl_wide_3r,early-higher-low,W013,IREN,2026-05-20 10:50,50.0212,48.31,55.1548,10.2628,2026-05-20 14:50,52.8,time_exit,48,2.7788,0.05555,1.62,True,True
5m,early_hl_wide_3r,early-higher-low,W015,IREN,2026-05-21 13:20,57.305,56.07,61.01,6.4654,2026-05-21 15:55,58.04,session_close,31,0.735,0.01283,0.6,True,True
5m,early_hl_wide_3r,early-higher-low,W016,IREN,2026-05-22 14:15,57.61,56.5,60.94,5.7802,2026-05-22 15:20,56.5,stop,13,-1.11,-0.01927,-1.0,False,False
5m,early_hl_wide_3r,early-higher-low,W017,IREN,2026-05-27 14:15,66.1608,64.23,71.9532,8.755,2026-05-27 15:55,67.835,session_close,20,1.6742,0.02531,0.87,True,True
5m,early_hl_wide_3r,early-higher-low,W018,IREN,2026-05-29 12:10,63.185,61.2,69.14,9.4247,2026-05-29 15:55,63.56,end_of_data,45,0.375,0.00593,0.19,True,False
5m,early_hl_wide_3r,early-higher-low,W001,CORZ,2026-05-04 11:35,20.69,20.4,21.56,4.2049,2026-05-04 15:35,21.075,time_exit,48,0.385,0.01861,1.33,True,True
5m,early_hl_wide_3r,early-higher-low,W003,CORZ,2026-05-05 10:50,21.28,20.96,22.24,4.5113,2026-05-05 14:30,22.24,target,44,0.96,0.04511,3.0,True,True
5m,early_hl_wide_3r,early-higher-low,W005,CORZ,2026-05-06 12:25,24.71,24.38,25.7,4.0065,2026-05-06 12:35,24.38,stop,2,-0.33,-0.01335,-1.0,False,False
5m,early_hl_wide_3r,early-higher-low,W006,CORZ,2026-05-07 14:30,22.115,21.32,24.5,10.7845,2026-05-07 15:55,22.35,session_close,17,0.235,0.01063,0.3,True,True
5m,early_hl_wide_3r,early-higher-low,W007,CORZ,2026-05-08 14:30,23.135,22.49,25.07,8.364,2026-05-08 15:55,22.905,session_close,17,-0.23,-0.00994,-0.36,False,False
5m,early_hl_wide_3r,early-higher-low,W008,CORZ,2026-05-11 11:00,23.47,23.18,24.34,3.7069,2026-05-11 11:45,23.18,stop,9,-0.29,-0.01236,-1.0,False,False
5m,early_hl_wide_3r,early-higher-low,W009,CORZ,2026-05-11 14:10,23.44,23.1,24.46,4.3515,2026-05-11 15:20,23.1,stop,14,-0.34,-0.01451,-1.0,False,False
5m,early_hl_wide_3r,early-higher-low,W010,CORZ,2026-05-12 15:10,22.6201,22.24,23.7604,5.0411,2026-05-12 15:55,22.79,session_close,9,0.1699,0.00751,0.45,True,False
5m,early_hl_wide_3r,early-higher-low,W011,CORZ,2026-05-13 14:00,23.7,22.98,25.86,9.1139,2026-05-13 15:55,24.01,session_close,23,0.31,0.01308,0.43,True,True
5m,early_hl_wide_3r,early-higher-low,W012,CORZ,2026-05-14 12:40,24.85,24.59,25.63,3.1388,2026-05-14 15:25,24.59,stop,33,-0.26,-0.01046,-1.0,False,False
5m,early_hl_wide_3r,early-higher-low,W014,CORZ,2026-05-18 15:40,23.4,22.53,26.01,11.1538,2026-05-18 15:55,23.59,session_close,3,0.19,0.00812,0.22,True,False
5m,early_hl_wide_3r,early-higher-low,W015,CORZ,2026-05-19 14:40,22.81,22.25,24.49,7.3652,2026-05-19 15:55,22.94,session_close,15,0.13,0.0057,0.23,True,False
5m,early_hl_wide_3r,early-higher-low,W016,CORZ,2026-05-20 10:50,23.39,22.67,25.55,9.2347,2026-05-20 14:50,23.25,time_exit,48,-0.14,-0.00599,-0.19,False,False
5m,early_hl_wide_3r,early-higher-low,W017,CORZ,2026-05-21 12:50,24.335,23.9,25.64,5.3626,2026-05-21 15:55,24.8,session_close,37,0.465,0.01911,1.07,True,True
5m,early_hl_wide_3r,early-higher-low,W018,CORZ,2026-05-22 14:15,25.25,24.59,27.23,7.8416,2026-05-22 15:55,25.27,session_close,20,0.02,0.00079,0.03,True,False
5m,early_hl_wide_3r,early-higher-low,W019,CORZ,2026-05-26 12:05,26.22,25.66,27.9,6.4073,2026-05-26 15:55,26.36,session_close,46,0.14,0.00534,0.25,True,False
5m,early_hl_wide_3r,early-higher-low,W020,CORZ,2026-05-27 10:25,26.54,25.89,28.49,7.3474,2026-05-27 14:25,27.48,time_exit,48,0.94,0.03542,1.45,True,True
5m,early_hl_wide_3r,early-higher-low,W022,CORZ,2026-05-27 15:30,27.485,26.86,29.36,6.8219,2026-05-27 15:55,27.17,session_close,5,-0.315,-0.01146,-0.5,False,False
5m,early_hl_wide_3r,early-higher-low,W023,CORZ,2026-05-28 10:40,27.43,26.86,29.14,6.2341,2026-05-28 14:40,27.98,time_exit,48,0.55,0.02005,0.96,True,True
5m,early_hl_wide_3r,early-higher-low,W001,CIFR,2026-05-01 10:25,18.18,17.91,18.99,4.4555,2026-05-01 11:50,17.91,stop,17,-0.27,-0.01485,-1.0,False,False
5m,early_hl_wide_3r,early-higher-low,W002,CIFR,2026-05-04 10:20,17.6,17.27,18.59,5.625,2026-05-04 14:20,17.915,time_exit,48,0.315,0.0179,0.95,True,True
5m,early_hl_wide_3r,early-higher-low,W003,CIFR,2026-05-05 11:00,19.385,18.82,21.08,8.7439,2026-05-05 13:00,21.08,target,24,1.695,0.08744,3.0,True,True
5m,early_hl_wide_3r,early-higher-low,W004,CIFR,2026-05-05 14:55,21.455,20.62,23.96,11.6756,2026-05-05 15:55,22.09,session_close,12,0.635,0.0296,0.76,True,True
5m,early_hl_wide_3r,early-higher-low,W005,CIFR,2026-05-08 15:40,20.425,19.79,22.33,9.3268,2026-05-08 15:55,20.55,session_close,3,0.125,0.00612,0.2,True,False
5m,early_hl_wide_3r,early-higher-low,W006,CIFR,2026-05-11 11:10,21.085,20.66,22.36,6.0469,2026-05-11 15:10,20.77,time_exit,48,-0.315,-0.01494,-0.74,False,False
5m,early_hl_wide_3r,early-higher-low,W007,CIFR,2026-05-12 14:40,19.7,19.3,20.9,6.0914,2026-05-12 15:55,20.055,session_close,15,0.355,0.01802,0.89,True,True
5m,early_hl_wide_3r,early-higher-low,W008,CIFR,2026-05-13 11:20,20.985,20.54,22.32,6.3617,2026-05-13 15:20,21.045,time_exit,48,0.06,0.00286,0.13,True,False
5m,early_hl_wide_3r,early-higher-low,W009,CIFR,2026-05-13 15:35,21.12,20.82,22.02,4.2614,2026-05-13 15:55,21.23,session_close,4,0.11,0.00521,0.37,True,False
5m,early_hl_wide_3r,early-higher-low,W010,CIFR,2026-05-14 12:05,22.0801,21.28,24.4804,10.8709,2026-05-14 15:55,22.29,session_close,46,0.2099,0.00951,0.26,True,False
5m,early_hl_wide_3r,early-higher-low,W011,CIFR,2026-05-15 14:30,20.795,20.1,22.88,10.0264,2026-05-15 15:55,20.325,session_close,17,-0.47,-0.0226,-0.68,False,False
5m,early_hl_wide_3r,early-higher-low,W013,CIFR,2026-05-21 15:05,20.96,20.5,22.34,6.584,2026-05-21 15:55,21.52,session_close,10,0.56,0.02672,1.22,True,True
5m,early_hl_wide_3r,early-higher-low,W014,CIFR,2026-05-22 12:40,21.64,21.1,23.26,7.4861,2026-05-22 15:55,21.98,session_close,39,0.34,0.01571,0.63,True,True
5m,early_hl_wide_3r,early-higher-low,W015,CIFR,2026-05-27 13:25,24.24,23.25,27.21,12.2525,2026-05-27 15:55,25.14,session_close,30,0.9,0.03713,0.91,True,True
5m,early_hl_wide_3r,early-higher-low,W017,CIFR,2026-05-28 12:40,24.715,24.01,26.83,8.5576,2026-05-28 15:15,24.01,stop,31,-0.705,-0.02853,-1.0,False,False
5m,early_hl_wide_3r,early-higher-low,W001,WULF,2026-05-01 10:20,22.2,21.61,23.97,7.973,2026-05-01 13:55,21.61,stop,43,-0.59,-0.02658,-1.0,False,False
5m,early_hl_wide_3r,early-higher-low,W002,WULF,2026-05-04 11:00,21.64,21.29,22.69,4.8521,2026-05-04 15:00,22.19,time_exit,48,0.55,0.02542,1.57,True,True
5m,early_hl_wide_3r,early-higher-low,W004,WULF,2026-05-05 12:40,23.085,22.47,24.93,7.9922,2026-05-05 15:55,23.48,session_close,39,0.395,0.01711,0.64,True,True
5m,early_hl_wide_3r,early-higher-low,W005,WULF,2026-05-06 13:05,25.285,24.52,27.58,9.0765,2026-05-06 15:55,25.74,session_close,34,0.455,0.01799,0.59,True,True
5m,early_hl_wide_3r,early-higher-low,W007,WULF,2026-05-08 14:15,23.57,23.26,24.5,3.9457,2026-05-08 15:15,23.26,stop,12,-0.31,-0.01315,-1.0,False,False
5m,early_hl_wide_3r,early-higher-low,W008,WULF,2026-05-11 11:00,23.97,23.28,26.04,8.6358,2026-05-11 15:00,23.6,time_exit,48,-0.37,-0.01544,-0.54,False,False
5m,early_hl_wide_3r,early-higher-low,W009,WULF,2026-05-12 14:05,22.235,21.77,23.63,6.2739,2026-05-12 15:55,22.805,session_close,22,0.57,0.02564,1.23,True,True
5m,early_hl_wide_3r,early-higher-low,W010,WULF,2026-05-13 15:00,23.36,22.83,24.95,6.8065,2026-05-13 15:55,23.12,session_close,11,-0.24,-0.01027,-0.45,False,False
5m,early_hl_wide_3r,early-higher-low,W011,WULF,2026-05-14 13:40,23.87,23.12,26.12,9.4261,2026-05-14 15:55,24.17,session_close,27,0.3,0.01257,0.4,True,True
5m,early_hl_wide_3r,early-higher-low,W012,WULF,2026-05-15 14:30,22.59,22.02,24.3,7.5697,2026-05-15 15:55,22.315,session_close,17,-0.275,-0.01217,-0.48,False,False
5m,early_hl_wide_3r,early-higher-low,W013,WULF,2026-05-19 14:05,21.16,20.64,22.72,7.3724,2026-05-19 15:55,21.34,session_close,22,0.18,0.00851,0.35,True,False
5m,early_hl_wide_3r,early-higher-low,W014,WULF,2026-05-20 10:55,21.7902,21.45,22.8108,4.6837,2026-05-20 14:55,21.45,stop,48,-0.3402,-0.01561,-1.0,False,False
5m,early_hl_wide_3r,early-higher-low,W015,WULF,2026-05-21 11:00,22.52,21.89,24.41,8.3925,2026-05-21 15:00,22.72,time_exit,48,0.2,0.00888,0.32,True,False
5m,early_hl_wide_3r,early-higher-low,W017,WULF,2026-05-22 14:10,22.99,22.49,24.49,6.5246,2026-05-22 15:55,22.82,session_close,21,-0.17,-0.00739,-0.34,False,False
5m,early_hl_wide_3r,early-higher-low,W018,WULF,2026-05-26 10:55,25.83,24.84,28.8,11.4983,2026-05-26 12:15,24.84,stop,16,-0.99,-0.03833,-1.0,False,False
5m,early_hl_wide_3r,early-higher-low,W019,WULF,2026-05-29 15:30,25.17,24.86,26.1,3.6949,2026-05-29 15:55,25.57,end_of_data,5,0.4,0.01589,1.29,True,True
5m,early_hl_wide_3r,early-higher-low,W001,HIVE,2026-05-01 10:50,2.455,2.42,2.56,4.277,2026-05-01 14:50,2.425,time_exit,48,-0.03,-0.01222,-0.86,False,False
5m,early_hl_wide_3r,early-higher-low,W002,HIVE,2026-05-04 11:40,2.54,2.49,2.69,5.9055,2026-05-04 15:40,2.599,time_exit,48,0.059,0.02323,1.18,True,True
5m,early_hl_wide_3r,early-higher-low,W003,HIVE,2026-05-04 15:40,2.585,2.51,2.81,8.7041,2026-05-04 15:55,2.585,session_close,3,0.0,0.0,0.0,False,False
5m,early_hl_wide_3r,early-higher-low,W004,HIVE,2026-05-05 10:30,2.66,2.61,2.81,5.6391,2026-05-05 13:20,2.81,target,34,0.15,0.05639,3.0,True,True
5m,early_hl_wide_3r,early-higher-low,W006,HIVE,2026-05-08 14:10,2.875,2.81,3.07,6.7826,2026-05-08 15:25,2.81,stop,15,-0.065,-0.02261,-1.0,False,False
5m,early_hl_wide_3r,early-higher-low,W007,HIVE,2026-05-11 11:30,2.9801,2.86,3.3404,12.0902,2026-05-11 15:30,3.015,time_exit,48,0.0349,0.01171,0.29,True,True
5m,early_hl_wide_3r,early-higher-low,W009,HIVE,2026-05-12 15:15,2.805,2.76,2.94,4.8128,2026-05-12 15:55,2.835,session_close,8,0.03,0.0107,0.67,True,True
5m,early_hl_wide_3r,early-higher-low,W010,HIVE,2026-05-14 12:05,2.9407,2.88,3.1228,6.1924,2026-05-14 15:55,2.97,session_close,46,0.0293,0.00996,0.48,True,False
5m,early_hl_wide_3r,early-higher-low,W011,HIVE,2026-05-15 14:45,2.74,2.7,2.86,4.3796,2026-05-15 15:55,2.7,stop,14,-0.04,-0.0146,-1.0,False,False
5m,early_hl_wide_3r,early-higher-low,W012,HIVE,2026-05-18 14:20,3.4007,3.37,3.4928,2.7083,2026-05-18 15:00,3.4928,target,8,0.0921,0.02708,3.0,True,True
5m,early_hl_wide_3r,early-higher-low,W013,HIVE,2026-05-20 11:40,3.735,3.63,4.05,8.4337,2026-05-20 12:15,4.05,target,7,0.315,0.08434,3.0,True,True
5m,early_hl_wide_3r,early-higher-low,W014,HIVE,2026-05-21 13:35,3.8693,3.79,4.1072,6.1484,2026-05-21 15:30,3.79,stop,23,-0.0793,-0.02049,-1.0,False,False
5m,early_hl_wide_3r,early-higher-low,W015,HIVE,2026-05-22 11:40,4.1899,3.85,5.2096,24.3371,2026-05-22 15:40,4.085,time_exit,48,-0.1049,-0.02504,-0.31,False,False
5m,early_hl_wide_3r,early-higher-low,W017,HIVE,2026-05-27 10:40,3.9851,3.84,4.4204,10.9232,2026-05-27 14:30,4.4204,target,46,0.4353,0.10923,3.0,True,True
5m,early_hl_wide_3r,early-higher-low,W021,HIVE,2026-05-28 10:55,4.405,4.3,4.72,7.151,2026-05-28 14:55,4.4228,time_exit,48,0.0178,0.00404,0.17,True,False
5m,early_hl_wide_3r,early-higher-low,W023,HIVE,2026-05-29 11:40,4.355,4.22,4.76,9.2997,2026-05-29 15:40,4.45,time_exit,48,0.095,0.02181,0.7,True,True
5m,early_hl_wide_3r,early-higher-low,W001,BTDR,2026-05-01 11:50,12.055,11.81,12.79,6.0971,2026-05-01 12:40,11.81,stop,10,-0.245,-0.02032,-1.0,False,False
5m,early_hl_wide_3r,early-higher-low,W002,BTDR,2026-05-04 10:40,12.195,11.92,13.02,6.7651,2026-05-04 14:40,12.2,time_exit,48,0.005,0.00041,0.02,True,False
5m,early_hl_wide_3r,early-higher-low,W003,BTDR,2026-05-05 10:45,12.27,12.1,12.78,4.1565,2026-05-05 14:45,12.44,time_exit,48,0.17,0.01385,1.0,True,True
5m,early_hl_wide_3r,early-higher-low,W004,BTDR,2026-05-05 15:15,12.405,12.13,13.23,6.6505,2026-05-05 15:55,12.47,session_close,8,0.065,0.00524,0.24,True,False
5m,early_hl_wide_3r,early-higher-low,W005,BTDR,2026-05-06 13:40,14.05,13.73,15.01,6.8327,2026-05-06 14:25,15.01,target,9,0.96,0.06833,3.0,True,True
5m,early_hl_wide_3r,early-higher-low,W006,BTDR,2026-05-11 12:05,13.49,13.14,14.54,7.7835,2026-05-11 15:50,13.14,stop,45,-0.35,-0.02595,-1.0,False,False
5m,early_hl_wide_3r,early-higher-low,W007,BTDR,2026-05-12 14:40,12.86,12.69,13.37,3.9658,2026-05-12 15:20,12.69,stop,8,-0.17,-0.01322,-1.0,False,False
5m,early_hl_wide_3r,early-higher-low,W008,BTDR,2026-05-13 10:50,13.01,12.48,14.6,12.2214,2026-05-13 14:50,13.245,time_exit,48,0.235,0.01806,0.44,True,True
5m,early_hl_wide_3r,early-higher-low,W010,BTDR,2026-05-14 11:15,13.63,13.11,15.19,11.4453,2026-05-14 15:15,14.06,time_exit,48,0.43,0.03155,0.83,True,True
5m,early_hl_wide_3r,early-higher-low,W012,BTDR,2026-05-15 14:40,13.455,13.0,14.82,10.1449,2026-05-15 15:55,13.335,session_close,15,-0.12,-0.00892,-0.26,False,False
5m,early_hl_wide_3r,early-higher-low,W013,BTDR,2026-05-19 13:40,12.755,12.5,13.52,5.9977,2026-05-19 15:55,12.82,session_close,27,0.065,0.0051,0.25,True,False
5m,early_hl_wide_3r,early-higher-low,W014,BTDR,2026-05-20 15:10,13.2,12.86,14.22,7.7273,2026-05-20 15:55,13.27,session_close,9,0.07,0.0053,0.21,True,False
5m,early_hl_wide_3r,early-higher-low,W015,BTDR,2026-05-21 10:30,13.6,13.33,14.41,5.9559,2026-05-21 14:30,14.275,time_exit,48,0.675,0.04963,2.5,True,True
5m,early_hl_wide_3r,early-higher-low,W017,BTDR,2026-05-22 11:20,14.995,14.63,16.09,7.3024,2026-05-22 12:15,14.63,stop,11,-0.365,-0.02434,-1.0,False,False
5m,early_hl_wide_3r,early-higher-low,W018,BTDR,2026-05-27 14:35,15.558,15.17,16.722,7.4817,2026-05-27 15:55,15.535,session_close,16,-0.023,-0.00148,-0.06,False,False
5m,early_hl_wide_3r,early-higher-low,W019,BTDR,2026-05-28 14:35,17.55,17.19,18.63,6.1538,2026-05-28 15:55,18.375,session_close,16,0.825,0.04701,2.29,True,True
5m,early_hl_wide_3r,early-higher-low,W001,HUT,2026-05-04 15:00,78.055,76.09,83.95,7.5524,2026-05-04 15:55,78.06,session_close,11,0.005,6e-05,0.0,True,False
5m,early_hl_wide_3r,early-higher-low,W003,HUT,2026-05-06 13:25,107.38,104.38,116.38,8.3814,2026-05-06 15:55,108.94,session_close,30,1.56,0.01453,0.52,True,True
5m,early_hl_wide_3r,early-higher-low,W004,HUT,2026-05-07 15:40,100.29,97.74,107.94,7.6279,2026-05-07 15:55,101.24,session_close,3,0.95,0.00947,0.37,True,False
5m,early_hl_wide_3r,early-higher-low,W005,HUT,2026-05-11 11:00,104.23,101.99,110.95,6.4473,2026-05-11 14:55,101.99,stop,47,-2.24,-0.02149,-1.0,False,False
5m,early_hl_wide_3r,early-higher-low,W006,HUT,2026-05-12 10:50,99.68,98.11,104.39,4.7251,2026-05-12 11:00,98.11,stop,2,-1.57,-0.01575,-1.0,False,False
5m,early_hl_wide_3r,early-higher-low,W007,HUT,2026-05-12 14:40,104.805,101.05,116.07,10.7485,2026-05-12 15:55,107.3,session_close,15,2.495,0.02381,0.66,True,True
5m,early_hl_wide_3r,early-higher-low,W008,HUT,2026-05-13 14:05,109.895,108.77,113.27,3.0711,2026-05-13 14:55,108.77,stop,10,-1.125,-0.01024,-1.0,False,False
5m,early_hl_wide_3r,early-higher-low,W009,HUT,2026-05-14 13:30,107.23,104.51,115.39,7.6098,2026-05-14 15:55,109.44,session_close,29,2.21,0.02061,0.81,True,True
5m,early_hl_wide_3r,early-higher-low,W010,HUT,2026-05-15 14:45,103.42,100.69,111.61,7.9192,2026-05-15 15:55,102.44,session_close,14,-0.98,-0.00948,-0.36,False,False
5m,early_hl_wide_3r,early-higher-low,W011,HUT,2026-05-20 10:50,97.98,94.99,106.95,9.1549,2026-05-20 14:50,95.34,time_exit,48,-2.64,-0.02694,-0.88,False,False
5m,early_hl_wide_3r,early-higher-low,W012,HUT,2026-05-21 12:40,101.4,98.16,111.12,9.5858,2026-05-21 15:55,105.25,session_close,39,3.85,0.03797,1.19,True,True
5m,early_hl_wide_3r,early-higher-low,W013,HUT,2026-05-22 12:35,106.305,103.76,113.94,7.1822,2026-05-22 15:55,105.99,session_close,40,-0.315,-0.00296,-0.12,False,False
5m,early_hl_wide_3r,early-higher-low,W014,HUT,2026-05-26 11:50,115.765,112.61,125.23,8.176,2026-05-26 14:05,112.61,stop,27,-3.155,-0.02725,-1.0,False,False
5m,early_hl_wide_3r,early-higher-low,W015,HUT,2026-05-27 14:15,117.97,115.87,124.27,5.3403,2026-05-27 15:55,117.6,session_close,20,-0.37,-0.00314,-0.18,False,False
5m,early_hl_wide_3r,early-higher-low,W016,HUT,2026-05-28 12:45,125.705,122.22,136.16,8.3171,2026-05-28 15:55,124.26,session_close,38,-1.445,-0.0115,-0.41,False,False
5m,early_hl_wide_3r,early-higher-low,W001,QBTS,2026-05-01 14:15,20.475,20.29,21.03,2.7106,2026-05-01 14:35,20.29,stop,4,-0.185,-0.00904,-1.0,False,False
5m,early_hl_wide_3r,early-higher-low,W002,QBTS,2026-05-04 11:15,21.525,21.06,22.92,6.4808,2026-05-04 11:20,21.06,stop,1,-0.465,-0.0216,-1.0,False,False
5m,early_hl_wide_3r,early-higher-low,W003,QBTS,2026-05-05 14:55,21.605,21.06,23.24,7.5677,2026-05-05 15:55,21.52,session_close,12,-0.085,-0.00393,-0.16,False,False
5m,early_hl_wide_3r,early-higher-low,W004,QBTS,2026-05-06 10:20,22.69,22.19,24.19,6.6108,2026-05-06 14:20,23.815,time_exit,48,1.125,0.04958,2.25,True,True
5m,early_hl_wide_3r,early-higher-low,W006,QBTS,2026-05-08 10:55,22.16,21.34,24.62,11.1011,2026-05-08 14:55,21.89,time_exit,48,-0.27,-0.01218,-0.33,False,False
5m,early_hl_wide_3r,early-higher-low,W007,QBTS,2026-05-08 15:10,22.225,21.52,24.34,9.5163,2026-05-08 15:55,22.55,session_close,9,0.325,0.01462,0.46,True,True
5m,early_hl_wide_3r,early-higher-low,W008,QBTS,2026-05-11 11:55,24.22,23.4,26.68,10.1569,2026-05-11 15:55,24.015,time_exit,48,-0.205,-0.00846,-0.25,False,False
5m,early_hl_wide_3r,early-higher-low,W010,QBTS,2026-05-12 14:40,22.1,21.44,24.08,8.9593,2026-05-12 15:55,22.355,session_close,15,0.255,0.01154,0.39,True,True
5m,early_hl_wide_3r,early-higher-low,W011,QBTS,2026-05-13 14:45,21.56,21.22,22.58,4.731,2026-05-13 14:55,21.22,stop,2,-0.34,-0.01577,-1.0,False,False
5m,early_hl_wide_3r,early-higher-low,W012,QBTS,2026-05-14 10:35,20.85,20.61,21.57,3.4532,2026-05-14 10:50,21.57,target,3,0.72,0.03453,3.0,True,True
5m,early_hl_wide_3r,early-higher-low,W013,QBTS,2026-05-14 12:15,21.81,21.15,23.79,9.0784,2026-05-14 15:55,22.12,session_close,44,0.31,0.01421,0.47,True,True
5m,early_hl_wide_3r,early-higher-low,W015,QBTS,2026-05-18 15:40,18.95,18.39,20.63,8.8654,2026-05-18 15:55,19.09,session_close,3,0.14,0.00739,0.25,True,False
5m,early_hl_wide_3r,early-higher-low,W016,QBTS,2026-05-20 11:55,19.19,18.92,20.0,4.221,2026-05-20 14:55,18.92,stop,36,-0.27,-0.01407,-1.0,False,False
5m,early_hl_wide_3r,early-higher-low,W017,QBTS,2026-05-21 14:20,24.7907,23.96,27.2828,10.0526,2026-05-21 15:55,25.72,session_close,19,0.9293,0.03749,1.12,True,True
5m,early_hl_wide_3r,early-higher-low,W019,QBTS,2026-05-22 11:10,29.615,28.61,32.63,10.1806,2026-05-22 15:10,28.88,time_exit,48,-0.735,-0.02482,-0.73,False,False
5m,early_hl_wide_3r,early-higher-low,W020,QBTS,2026-05-28 10:45,28.425,27.48,31.26,9.9736,2026-05-28 14:45,29.44,time_exit,48,1.015,0.03571,1.07,True,True
5m,early_hl_wide_3r,early-higher-low,W021,QBTS,2026-05-29 11:35,28.64,27.94,30.74,7.3324,2026-05-29 15:35,29.735,time_exit,48,1.095,0.03823,1.56,True,True
5m,early_hl_wide_3r,early-higher-low,W001,QUBT,2026-05-01 10:50,9.07,8.85,9.73,7.2767,2026-05-01 14:50,9.06,time_exit,48,-0.01,-0.0011,-0.05,False,False
5m,early_hl_wide_3r,early-higher-low,W002,QUBT,2026-05-01 15:15,9.095,8.98,9.44,3.7933,2026-05-01 15:55,9.21,session_close,8,0.115,0.01264,1.0,True,True
5m,early_hl_wide_3r,early-higher-low,W003,QUBT,2026-05-04 12:30,9.54,9.24,10.44,9.434,2026-05-04 15:55,9.51,session_close,41,-0.03,-0.00314,-0.1,False,False
5m,early_hl_wide_3r,early-higher-low,W004,QUBT,2026-05-05 14:55,9.575,9.31,10.37,8.3029,2026-05-05 15:55,9.55,session_close,12,-0.025,-0.00261,-0.09,False,False
5m,early_hl_wide_3r,early-higher-low,W005,QUBT,2026-05-06 13:30,10.2693,9.97,11.1672,8.7435,2026-05-06 15:55,10.455,session_close,29,0.1857,0.01808,0.62,True,True
5m,early_hl_wide_3r,early-higher-low,W006,QUBT,2026-05-08 11:35,9.57,9.48,9.84,2.8213,2026-05-08 11:55,9.48,stop,4,-0.09,-0.0094,-1.0,False,False
5m,early_hl_wide_3r,early-higher-low,W008,QUBT,2026-05-11 12:10,10.1689,9.93,10.8856,7.0479,2026-05-11 12:40,9.93,stop,6,-0.2389,-0.02349,-1.0,False,False
5m,early_hl_wide_3r,early-higher-low,W009,QUBT,2026-05-13 13:00,11.245,10.89,12.31,9.4709,2026-05-13 15:55,11.04,session_close,35,-0.205,-0.01823,-0.58,False,False
5m,early_hl_wide_3r,early-higher-low,W010,QUBT,2026-05-14 12:10,11.94,11.66,12.78,7.0352,2026-05-14 15:25,11.66,stop,39,-0.28,-0.02345,-1.0,False,False
5m,early_hl_wide_3r,early-higher-low,W011,QUBT,2026-05-18 15:40,9.76,9.42,10.78,10.4508,2026-05-18 15:55,9.715,session_close,3,-0.045,-0.00461,-0.13,False,False
5m,early_hl_wide_3r,early-higher-low,W012,QUBT,2026-05-21 14:10,11.275,11.03,12.01,6.5188,2026-05-21 15:55,11.4,session_close,21,0.125,0.01109,0.51,True,True
5m,early_hl_wide_3r,early-higher-low,W013,QUBT,2026-05-22 11:10,13.0591,12.7,14.1364,8.2494,2026-05-22 13:40,12.7,stop,30,-0.3591,-0.0275,-1.0,False,False
5m,early_hl_wide_3r,early-higher-low,W015,QUBT,2026-05-27 13:25,11.63,11.31,12.59,8.2545,2026-05-27 15:55,11.43,session_close,30,-0.2,-0.0172,-0.62,False,False
5m,early_hl_wide_3r,early-higher-low,W016,QUBT,2026-05-29 12:45,11.85,11.69,12.33,4.0506,2026-05-29 15:55,11.9616,end_of_data,38,0.1116,0.00942,0.7,True,False
5m,early_hl_wide_3r,early-higher-low,W001,ARQQ,2026-05-01 13:40,14.6189,14.25,15.7256,7.5703,2026-05-01 15:55,14.505,session_close,26,-0.1139,-0.00779,-0.31,False,False
5m,early_hl_wide_3r,early-higher-low,W002,ARQQ,2026-05-04 11:55,14.785,14.46,15.76,6.5945,2026-05-04 15:20,14.46,stop,37,-0.325,-0.02198,-1.0,False,False
5m,early_hl_wide_3r,early-higher-low,W003,ARQQ,2026-05-06 12:30,15.4301,14.93,16.9304,9.7232,2026-05-06 15:55,15.66,session_close,41,0.2299,0.0149,0.46,True,True
5m,early_hl_wide_3r,early-higher-low,W004,ARQQ,2026-05-07 11:40,15.975,15.49,17.43,9.108,2026-05-07 12:15,15.49,stop,7,-0.485,-0.03036,-1.0,False,False
5m,early_hl_wide_3r,early-higher-low,W005,ARQQ,2026-05-08 14:40,14.97,14.64,15.96,6.6132,2026-05-08 15:55,14.96,session_close,15,-0.01,-0.00067,-0.03,False,False
5m,early_hl_wide_3r,early-higher-low,W007,ARQQ,2026-05-13 13:05,14.1195,13.75,15.228,7.8508,2026-05-13 15:55,13.83,session_close,31,-0.2895,-0.0205,-0.78,False,False
5m,early_hl_wide_3r,early-higher-low,W008,ARQQ,2026-05-14 13:05,13.98,13.67,14.91,6.6524,2026-05-14 15:55,13.86,session_close,34,-0.12,-0.00858,-0.39,False,False
5m,early_hl_wide_3r,early-higher-low,W009,ARQQ,2026-05-15 14:15,13.38,12.99,14.55,8.7444,2026-05-15 15:55,13.365,session_close,20,-0.015,-0.00112,-0.04,False,False
5m,early_hl_wide_3r,early-higher-low,W010,ARQQ,2026-05-18 10:15,13.25,12.81,14.57,9.9623,2026-05-18 10:30,12.81,stop,3,-0.44,-0.03321,-1.0,False,False
5m,early_hl_wide_3r,early-higher-low,W011,ARQQ,2026-05-18 15:30,12.67,12.42,13.42,5.9195,2026-05-18 15:55,12.73,session_close,5,0.06,0.00474,0.24,True,False
5m,early_hl_wide_3r,early-higher-low,W012,ARQQ,2026-05-19 15:40,12.31,11.94,13.42,9.0171,2026-05-19 15:55,12.15,session_close,3,-0.16,-0.013,-0.43,False,False
5m,early_hl_wide_3r,early-higher-low,W013,ARQQ,2026-05-20 15:10,12.91,12.68,13.6,5.3447,2026-05-20 15:55,13.14,session_close,9,0.23,0.01782,1.0,True,True
5m,early_hl_wide_3r,early-higher-low,W014,ARQQ,2026-05-21 13:20,16.36,15.83,17.95,9.7188,2026-05-21 15:55,16.41,session_close,31,0.05,0.00306,0.09,True,False
5m,early_hl_wide_3r,early-higher-low,W015,ARQQ,2026-05-22 12:20,18.625,18.01,20.47,9.906,2026-05-22 14:00,18.01,stop,20,-0.615,-0.03302,-1.0,False,False
5m,early_hl_wide_3r,early-higher-low,W016,ARQQ,2026-05-26 15:10,16.79,16.03,19.07,13.5795,2026-05-26 15:55,16.65,session_close,9,-0.14,-0.00834,-0.18,False,False
5m,early_hl_wide_3r,early-higher-low,W017,ARQQ,2026-05-29 12:55,16.78,16.24,18.4,9.6544,2026-05-29 15:55,16.49,end_of_data,33,-0.29,-0.01728,-0.54,False,False
5m,early_hl_wide_3r,early-higher-low,W001,LAES,2026-05-01 12:35,2.86,2.78,3.1,8.3916,2026-05-01 15:55,2.86,session_close,40,0.0,0.0,0.0,False,False
5m,early_hl_wide_3r,early-higher-low,W002,LAES,2026-05-04 11:55,3.11,3.02,3.38,8.6817,2026-05-04 13:15,3.02,stop,16,-0.09,-0.02894,-1.0,False,False
5m,early_hl_wide_3r,early-higher-low,W003,LAES,2026-05-05 15:15,2.925,2.86,3.12,6.6667,2026-05-05 15:55,2.94,session_close,8,0.015,0.00513,0.23,True,False
5m,early_hl_wide_3r,early-higher-low,W004,LAES,2026-05-06 12:25,3.175,3.07,3.49,9.9213,2026-05-06 15:55,3.33,session_close,42,0.155,0.04882,1.48,True,True
5m,early_hl_wide_3r,early-higher-low,W006,LAES,2026-05-08 15:10,2.97,2.88,3.24,9.0909,2026-05-08 15:35,2.88,stop,5,-0.09,-0.0303,-1.0,False,False
5m,early_hl_wide_3r,early-higher-low,W007,LAES,2026-05-11 12:10,3.0199,2.96,3.1996,5.9505,2026-05-11 15:55,3.0638,session_close,45,0.0439,0.01454,0.73,True,True
5m,early_hl_wide_3r,early-higher-low,W009,LAES,2026-05-14 11:40,3.045,2.98,3.24,6.4039,2026-05-14 15:40,3.085,time_exit,48,0.04,0.01314,0.62,True,True
5m,early_hl_wide_3r,early-higher-low,W010,LAES,2026-05-15 14:40,2.895,2.83,3.09,6.7357,2026-05-15 15:55,2.89,session_close,15,-0.005,-0.00173,-0.08,False,False
5m,early_hl_wide_3r,early-higher-low,W011,LAES,2026-05-18 15:40,2.775,2.71,2.97,7.027,2026-05-18 15:55,2.8,session_close,3,0.025,0.00901,0.38,True,False
5m,early_hl_wide_3r,early-higher-low,W012,LAES,2026-05-19 15:35,2.725,2.69,2.83,3.8532,2026-05-19 15:55,2.73,session_close,4,0.005,0.00183,0.14,True,False
5m,early_hl_wide_3r,early-higher-low,W013,LAES,2026-05-20 11:55,2.84,2.77,3.05,7.3944,2026-05-20 15:55,2.855,time_exit,48,0.015,0.00528,0.21,True,False
5m,early_hl_wide_3r,early-higher-low,W014,LAES,2026-05-21 11:55,3.285,3.19,3.57,8.6758,2026-05-21 15:55,3.27,time_exit,48,-0.015,-0.00457,-0.16,False,False
5m,early_hl_wide_3r,early-higher-low,W015,LAES,2026-05-22 11:10,3.485,3.37,3.83,9.8996,2026-05-22 13:40,3.37,stop,30,-0.115,-0.033,-1.0,False,False
5m,early_hl_wide_3r,early-higher-low,W016,LAES,2026-05-28 10:20,3.555,3.39,4.05,13.9241,2026-05-28 14:20,3.6601,time_exit,48,0.1051,0.02956,0.64,True,True
5m,early_hl_wide_3r,early-higher-low,W019,LAES,2026-05-28 15:30,3.72,3.58,4.14,11.2903,2026-05-28 15:55,3.73,session_close,5,0.01,0.00269,0.07,True,False
5m,early_hl_wide_3r,early-higher-low,W001,QS,2026-05-01 12:05,7.351,7.22,7.744,5.3462,2026-05-01 15:10,7.22,stop,37,-0.131,-0.01782,-1.0,False,False
5m,early_hl_wide_3r,early-higher-low,W002,QS,2026-05-04 15:10,7.2274,7.15,7.4596,3.2128,2026-05-04 15:55,7.19,session_close,9,-0.0374,-0.00517,-0.48,False,False
5m,early_hl_wide_3r,early-higher-low,W003,QS,2026-05-05 15:40,7.245,7.09,7.71,6.4182,2026-05-05 15:55,7.265,session_close,3,0.02,0.00276,0.13,True,False
5m,early_hl_wide_3r,early-higher-low,W004,QS,2026-05-06 13:10,7.8799,7.65,8.5696,8.7526,2026-05-06 15:55,7.955,session_close,33,0.0751,0.00953,0.33,True,False
5m,early_hl_wide_3r,early-higher-low,W005,QS,2026-05-08 15:10,7.33,7.17,7.81,6.5484,2026-05-08 15:55,7.55,session_close,9,0.22,0.03001,1.38,True,True
5m,early_hl_wide_3r,early-higher-low,W006,QS,2026-05-11 12:00,8.175,7.94,8.88,8.6239,2026-05-11 15:55,8.03,session_close,47,-0.145,-0.01774,-0.62,False,False
5m,early_hl_wide_3r,early-higher-low,W007,QS,2026-05-12 15:10,7.885,7.67,8.53,8.1801,2026-05-12 15:55,8.53,target,9,0.645,0.0818,3.0,True,True
5m,early_hl_wide_3r,early-higher-low,W008,QS,2026-05-13 12:10,8.6799,8.4,9.5196,9.6741,2026-05-13 13:00,8.4,stop,10,-0.2799,-0.03225,-1.0,False,False
5m,early_hl_wide_3r,early-higher-low,W009,QS,2026-05-14 13:10,8.725,8.39,9.73,11.5186,2026-05-14 15:55,8.57,session_close,33,-0.155,-0.01777,-0.46,False,False
5m,early_hl_wide_3r,early-higher-low,W010,QS,2026-05-15 15:20,8.0189,7.94,8.2556,2.9518,2026-05-15 15:55,7.995,session_close,7,-0.0239,-0.00298,-0.3,False,False
5m,early_hl_wide_3r,early-higher-low,W011,QS,2026-05-18 14:40,7.26,7.2,7.44,2.4793,2026-05-18 15:30,7.44,target,10,0.18,0.02479,3.0,True,True
5m,early_hl_wide_3r,early-higher-low,W012,QS,2026-05-19 14:00,7.39,7.21,7.93,7.3072,2026-05-19 15:55,7.3,session_close,23,-0.09,-0.01218,-0.5,False,False
5m,early_hl_wide_3r,early-higher-low,W013,QS,2026-05-20 11:40,7.505,7.43,7.73,2.998,2026-05-20 15:40,7.6,time_exit,48,0.095,0.01266,1.27,True,True
5m,early_hl_wide_3r,early-higher-low,W014,QS,2026-05-21 13:35,8.08,7.93,8.53,5.5693,2026-05-21 15:55,8.37,session_close,28,0.29,0.03589,1.93,True,True
5m,early_hl_wide_3r,early-higher-low,W016,QS,2026-05-22 10:40,8.53,8.27,9.31,9.1442,2026-05-22 11:50,8.27,stop,14,-0.26,-0.03048,-1.0,False,False
5m,early_hl_wide_3r,early-higher-low,W017,QS,2026-05-27 13:00,9.22,8.96,10.0,8.4599,2026-05-27 15:05,8.96,stop,25,-0.26,-0.0282,-1.0,False,False
5m,early_hl_wide_3r,early-higher-low,W018,QS,2026-05-28 14:50,9.195,8.97,9.87,7.3409,2026-05-28 15:55,9.12,session_close,13,-0.075,-0.00816,-0.33,False,False
5m,early_hl_wide_3r,early-higher-low,W019,QS,2026-05-29 12:45,8.925,8.83,9.21,3.1933,2026-05-29 14:55,8.83,stop,26,-0.095,-0.01064,-1.0,False,False
5m,early_hl_wide_3r,early-higher-low,W001,ENVX,2026-05-01 13:00,6.715,6.54,7.24,7.8183,2026-05-01 15:55,6.765,session_close,35,0.05,0.00745,0.29,True,False
5m,early_hl_wide_3r,early-higher-low,W002,ENVX,2026-05-04 11:15,6.935,6.79,7.37,6.2725,2026-05-04 11:35,6.79,stop,4,-0.145,-0.02091,-1.0,False,False
5m,early_hl_wide_3r,early-higher-low,W003,ENVX,2026-05-05 11:05,6.945,6.71,7.65,10.1512,2026-05-05 15:05,6.86,time_exit,48,-0.085,-0.01224,-0.36,False,False
5m,early_hl_wide_3r,early-higher-low,W004,ENVX,2026-05-06 14:10,6.47,6.32,6.92,6.9552,2026-05-06 15:55,6.685,session_close,21,0.215,0.03323,1.43,True,True
5m,early_hl_wide_3r,early-higher-low,W005,ENVX,2026-05-08 15:10,6.5,6.28,7.16,10.1538,2026-05-08 15:55,6.615,session_close,9,0.115,0.01769,0.52,True,True
5m,early_hl_wide_3r,early-higher-low,W006,ENVX,2026-05-11 14:15,7.4197,7.27,7.8688,6.0528,2026-05-11 15:25,7.27,stop,14,-0.1497,-0.02018,-1.0,False,False
5m,early_hl_wide_3r,early-higher-low,W007,ENVX,2026-05-12 15:15,6.865,6.72,7.3,6.3365,2026-05-12 15:55,6.985,session_close,8,0.12,0.01748,0.83,True,True
5m,early_hl_wide_3r,early-higher-low,W008,ENVX,2026-05-13 11:45,7.205,6.99,7.85,8.9521,2026-05-13 15:45,7.415,time_exit,48,0.21,0.02915,0.98,True,True
5m,early_hl_wide_3r,early-higher-low,W010,ENVX,2026-05-15 14:45,6.215,6.11,6.53,5.0684,2026-05-15 15:50,6.11,stop,13,-0.105,-0.01689,-1.0,False,False
5m,early_hl_wide_3r,early-higher-low,W011,ENVX,2026-05-19 14:10,5.555,5.4,6.02,8.3708,2026-05-19 15:55,5.53,session_close,21,-0.025,-0.0045,-0.16,False,False
5m,early_hl_wide_3r,early-higher-low,W012,ENVX,2026-05-20 12:20,6.035,5.86,6.56,8.6992,2026-05-20 15:55,6.345,session_close,43,0.31,0.05137,1.77,True,True
5m,early_hl_wide_3r,early-higher-low,W014,ENVX,2026-05-22 11:15,6.715,6.47,7.45,10.9457,2026-05-22 15:15,6.73,time_exit,48,0.015,0.00223,0.06,True,False
5m,early_hl_wide_3r,early-higher-low,W016,ENVX,2026-05-27 11:35,7.515,7.25,8.31,10.5788,2026-05-27 15:35,7.315,time_exit,48,-0.2,-0.02661,-0.75,False,False
5m,early_hl_wide_3r,early-higher-low,W017,ENVX,2026-05-28 10:55,7.55,7.32,8.24,9.1391,2026-05-28 14:55,7.69,time_exit,48,0.14,0.01854,0.61,True,True
5m,early_hl_wide_3r,early-higher-low,W019,ENVX,2026-05-29 10:40,7.49,7.29,8.09,8.0107,2026-05-29 13:15,8.09,target,31,0.6,0.08011,3.0,True,True
5m,early_hl_wide_3r,early-higher-low,W020,ENVX,2026-05-29 15:15,8.075,7.87,8.69,7.6161,2026-05-29 15:55,7.97,end_of_data,8,-0.105,-0.013,-0.51,False,False
5m,early_hl_wide_3r,early-higher-low,W001,JOBY,2026-05-04 11:15,9.085,8.88,9.7,6.7694,2026-05-04 12:15,8.88,stop,12,-0.205,-0.02256,-1.0,False,False
5m,early_hl_wide_3r,early-higher-low,W002,JOBY,2026-05-06 13:05,10.1901,9.85,11.2104,10.0127,2026-05-06 15:55,10.51,session_close,34,0.3199,0.03139,0.94,True,True
5m,early_hl_wide_3r,early-higher-low,W004,JOBY,2026-05-08 10:45,10.12,9.87,10.87,7.4111,2026-05-08 14:45,10.475,time_exit,48,0.355,0.03508,1.42,True,True
5m,early_hl_wide_3r,early-higher-low,W005,JOBY,2026-05-11 12:15,10.9246,10.56,12.0184,10.0123,2026-05-11 15:55,10.77,session_close,44,-0.1546,-0.01415,-0.42,False,False
5m,early_hl_wide_3r,early-higher-low,W006,JOBY,2026-05-12 15:15,10.425,10.22,11.04,5.8993,2026-05-12 15:55,10.49,session_close,8,0.065,0.00623,0.32,True,False
5m,early_hl_wide_3r,early-higher-low,W007,JOBY,2026-05-13 11:55,11.045,10.78,11.84,7.1978,2026-05-13 15:55,11.07,time_exit,48,0.025,0.00226,0.09,True,False
5m,early_hl_wide_3r,early-higher-low,W009,JOBY,2026-05-15 10:40,10.44,10.15,11.31,8.3333,2026-05-15 14:40,10.505,time_exit,48,0.065,0.00623,0.22,True,False
5m,early_hl_wide_3r,early-higher-low,W010,JOBY,2026-05-15 14:40,10.495,10.21,11.35,8.1467,2026-05-15 15:55,10.37,session_close,15,-0.125,-0.01191,-0.44,False,False
5m,early_hl_wide_3r,early-higher-low,W011,JOBY,2026-05-18 15:40,10.32,10.01,11.25,9.0116,2026-05-18 15:55,10.35,session_close,3,0.03,0.00291,0.1,True,False
5m,early_hl_wide_3r,early-higher-low,W012,JOBY,2026-05-19 14:00,10.145,9.86,11.0,8.4278,2026-05-19 15:55,9.995,session_close,23,-0.15,-0.01479,-0.53,False,False
5m,early_hl_wide_3r,early-higher-low,W013,JOBY,2026-05-20 11:55,10.23,10.15,10.47,2.346,2026-05-20 14:55,10.15,stop,36,-0.08,-0.00782,-1.0,False,False
5m,early_hl_wide_3r,early-higher-low,W014,JOBY,2026-05-21 15:10,10.285,10.03,11.05,7.438,2026-05-21 15:55,10.38,session_close,9,0.095,0.00924,0.37,True,False
5m,early_hl_wide_3r,early-higher-low,W015,JOBY,2026-05-22 11:15,10.98,10.65,11.97,9.0164,2026-05-22 15:15,10.9281,time_exit,48,-0.0519,-0.00473,-0.16,False,False
5m,early_hl_wide_3r,early-higher-low,W016,JOBY,2026-05-26 10:40,11.3931,11.11,12.2424,7.4545,2026-05-26 14:40,11.61,time_exit,48,0.2169,0.01904,0.77,True,True
5m,early_hl_wide_3r,early-higher-low,W017,JOBY,2026-05-26 15:10,11.525,11.2,12.5,8.4599,2026-05-26 15:55,11.51,session_close,9,-0.015,-0.0013,-0.05,False,False
5m,early_hl_wide_3r,early-higher-low,W018,JOBY,2026-05-27 13:25,11.429,11.09,12.446,8.8984,2026-05-27 15:55,11.48,session_close,30,0.051,0.00446,0.15,True,False
5m,early_hl_wide_3r,early-higher-low,W019,JOBY,2026-05-28 13:35,12.28,12.1,12.82,4.3974,2026-05-28 15:55,12.29,session_close,28,0.01,0.00081,0.06,True,False
5m,early_hl_wide_3r,early-higher-low,W001,ACHR,2026-05-01 14:35,5.855,5.8,6.02,2.8181,2026-05-01 15:55,5.87,session_close,16,0.015,0.00256,0.27,True,False
5m,early_hl_wide_3r,early-higher-low,W002,ACHR,2026-05-04 11:15,5.835,5.7,6.24,6.9409,2026-05-04 12:15,5.7,stop,12,-0.135,-0.02314,-1.0,False,False
5m,early_hl_wide_3r,early-higher-low,W003,ACHR,2026-05-04 15:05,5.815,5.74,6.04,3.8693,2026-05-04 15:55,5.74,stop,10,-0.075,-0.0129,-1.0,False,False
5m,early_hl_wide_3r,early-higher-low,W005,ACHR,2026-05-06 11:25,6.245,6.04,6.86,9.8479,2026-05-06 15:25,6.4001,time_exit,48,0.1551,0.02484,0.76,True,True
5m,early_hl_wide_3r,early-higher-low,W007,ACHR,2026-05-07 11:15,6.445,6.3,6.88,6.7494,2026-05-07 12:20,6.3,stop,13,-0.145,-0.0225,-1.0,False,False
5m,early_hl_wide_3r,early-higher-low,W008,ACHR,2026-05-11 14:10,6.6699,6.57,6.9696,4.4933,2026-05-11 15:50,6.57,stop,20,-0.0999,-0.01498,-1.0,False,False
5m,early_hl_wide_3r,early-higher-low,W009,ACHR,2026-05-12 15:40,6.325,6.15,6.85,8.3004,2026-05-12 15:55,6.39,session_close,3,0.065,0.01028,0.37,True,True
5m,early_hl_wide_3r,early-higher-low,W010,ACHR,2026-05-13 10:50,6.52,6.37,6.97,6.9018,2026-05-13 14:50,6.675,time_exit,48,0.155,0.02377,1.03,True,True
5m,early_hl_wide_3r,early-higher-low,W011,ACHR,2026-05-14 13:05,6.52,6.41,6.85,5.0613,2026-05-14 13:20,6.41,stop,3,-0.11,-0.01687,-1.0,False,False
5m,early_hl_wide_3r,early-higher-low,W012,ACHR,2026-05-14 15:25,6.4399,6.38,6.6196,2.7904,2026-05-14 15:30,6.38,stop,1,-0.0599,-0.0093,-1.0,False,False
5m,early_hl_wide_3r,early-higher-low,W013,ACHR,2026-05-15 10:40,6.17,6.03,6.59,6.8071,2026-05-15 14:40,6.125,time_exit,48,-0.045,-0.00729,-0.32,False,False
5m,early_hl_wide_3r,early-higher-low,W014,ACHR,2026-05-18 15:40,5.915,5.8,6.26,5.8326,2026-05-18 15:55,5.92,session_close,3,0.005,0.00085,0.04,True,False
5m,early_hl_wide_3r,early-higher-low,W015,ACHR,2026-05-19 12:30,5.925,5.77,6.39,7.8481,2026-05-19 15:55,5.905,session_close,41,-0.02,-0.00338,-0.13,False,False
5m,early_hl_wide_3r,early-higher-low,W016,ACHR,2026-05-21 12:50,5.9601,5.8,6.4404,8.0586,2026-05-21 15:55,6.11,session_close,37,0.1499,0.02515,0.94,True,True
5m,early_hl_wide_3r,early-higher-low,W018,ACHR,2026-05-22 11:15,6.32,6.16,6.8,7.5949,2026-05-22 15:15,6.2401,time_exit,48,-0.0799,-0.01264,-0.5,False,False
5m,early_hl_wide_3r,early-higher-low,W019,ACHR,2026-05-26 10:45,6.685,6.43,7.45,11.4435,2026-05-26 14:45,6.465,time_exit,48,-0.22,-0.03291,-0.86,False,False
5m,early_hl_wide_3r,early-higher-low,W020,ACHR,2026-05-27 13:00,6.54,6.4,6.96,6.422,2026-05-27 15:55,6.55,session_close,35,0.01,0.00153,0.07,True,False
5m,early_hl_wide_3r,early-higher-low,W021,ACHR,2026-05-28 13:50,6.97,6.78,7.54,8.1779,2026-05-28 15:55,6.805,session_close,25,-0.165,-0.02367,-0.87,False,False
5m,early_hl_wide_3r,early-higher-low,W022,ACHR,2026-05-29 14:00,6.77,6.66,7.1,4.8744,2026-05-29 14:45,6.66,stop,9,-0.11,-0.01625,-1.0,False,False
5m,early_hl_wide_3r,early-higher-low,W001,LUNR,2026-05-01 12:15,25.31,24.65,27.29,7.823,2026-05-01 15:55,25.63,session_close,44,0.32,0.01264,0.48,True,True
5m,early_hl_wide_3r,early-higher-low,W002,LUNR,2026-05-04 15:35,25.11,24.88,25.8,2.7479,2026-05-04 15:55,25.37,session_close,4,0.26,0.01035,1.13,True,True
5m,early_hl_wide_3r,early-higher-low,W003,LUNR,2026-05-05 15:25,24.84,24.23,26.67,7.3672,2026-05-05 15:55,24.78,session_close,6,-0.06,-0.00242,-0.1,False,False
5m,early_hl_wide_3r,early-higher-low,W004,LUNR,2026-05-06 11:55,25.98,25.08,28.68,10.3926,2026-05-06 15:55,26.33,time_exit,48,0.35,0.01347,0.39,True,True
5m,early_hl_wide_3r,early-higher-low,W005,LUNR,2026-05-08 11:55,27.875,27.46,29.12,4.4664,2026-05-08 13:55,29.12,target,24,1.245,0.04466,3.0,True,True
5m,early_hl_wide_3r,early-higher-low,W006,LUNR,2026-05-11 12:10,32.55,31.84,34.68,6.5438,2026-05-11 15:55,32.425,session_close,45,-0.125,-0.00384,-0.18,False,False
5m,early_hl_wide_3r,early-higher-low,W008,LUNR,2026-05-12 15:10,31.27,30.3,34.18,9.306,2026-05-12 15:55,32.07,session_close,9,0.8,0.02558,0.82,True,True
5m,early_hl_wide_3r,early-higher-low,W009,LUNR,2026-05-13 11:40,36.6297,35.32,40.5588,10.7265,2026-05-13 14:55,35.32,stop,39,-1.3097,-0.03576,-1.0,False,False
5m,early_hl_wide_3r,early-higher-low,W010,LUNR,2026-05-14 13:35,36.3095,35.15,39.788,9.5802,2026-05-14 15:55,36.52,session_close,28,0.2105,0.0058,0.18,True,False
5m,early_hl_wide_3r,early-higher-low,W011,LUNR,2026-05-18 15:40,34.2,32.77,38.49,12.5439,2026-05-18 15:55,33.6,session_close,3,-0.6,-0.01754,-0.42,False,False
5m,early_hl_wide_3r,early-higher-low,W012,LUNR,2026-05-19 14:35,33.31,32.54,35.62,6.9349,2026-05-19 15:40,32.54,stop,13,-0.77,-0.02312,-1.0,False,False
5m,early_hl_wide_3r,early-higher-low,W013,LUNR,2026-05-20 12:40,33.09,32.38,35.22,6.437,2026-05-20 15:55,33.685,session_close,39,0.595,0.01798,0.84,True,True
5m,early_hl_wide_3r,early-higher-low,W014,LUNR,2026-05-21 12:30,34.44,33.64,36.84,6.9686,2026-05-21 13:20,33.64,stop,10,-0.8,-0.02323,-1.0,False,False
5m,early_hl_wide_3r,early-higher-low,W015,LUNR,2026-05-21 15:10,34.3,33.55,36.55,6.5598,2026-05-21 15:55,34.25,session_close,9,-0.05,-0.00146,-0.07,False,False
5m,early_hl_wide_3r,early-higher-low,W016,LUNR,2026-05-22 11:15,37.76,36.26,42.26,11.9174,2026-05-22 15:15,38.06,time_exit,48,0.3,0.00794,0.2,True,False
5m,early_hl_wide_3r,early-higher-low,W017,LUNR,2026-05-22 15:40,37.69,36.52,41.2,9.3128,2026-05-22 15:55,38.27,session_close,3,0.58,0.01539,0.5,True,True
5m,early_hl_wide_3r,early-higher-low,W018,LUNR,2026-05-27 11:35,39.18,37.87,43.11,10.0306,2026-05-27 15:35,39.76,time_exit,48,0.58,0.0148,0.44,True,True
5m,early_hl_wide_3r,early-higher-low,W019,LUNR,2026-05-28 13:25,43.95,43.11,46.47,5.7338,2026-05-28 15:30,46.47,target,25,2.52,0.05734,3.0,True,True
5m,early_hl_wide_3r,early-higher-low,W021,LUNR,2026-05-29 13:20,42.61,41.79,45.07,5.7733,2026-05-29 14:00,41.79,stop,8,-0.82,-0.01924,-1.0,False,False
5m,early_hl_wide_3r,early-higher-low,W001,SPCE,2026-05-01 12:15,2.455,2.41,2.59,5.499,2026-05-01 13:30,2.59,target,15,0.135,0.05499,3.0,True,True
5m,early_hl_wide_3r,early-higher-low,W002,SPCE,2026-05-01 14:35,2.6101,2.58,2.7004,3.4596,2026-05-01 15:55,2.65,session_close,16,0.0399,0.01529,1.33,True,True
5m,early_hl_wide_3r,early-higher-low,W004,SPCE,2026-05-11 11:10,2.95,2.86,3.22,9.1525,2026-05-11 15:10,2.995,time_exit,48,0.045,0.01525,0.5,True,True
5m,early_hl_wide_3r,early-higher-low,W006,SPCE,2026-05-12 14:15,2.78,2.73,2.93,5.3957,2026-05-12 15:55,2.79,session_close,20,0.01,0.0036,0.2,True,False
5m,early_hl_wide_3r,early-higher-low,W007,SPCE,2026-05-13 11:00,2.865,2.77,3.15,9.9476,2026-05-13 15:00,2.8599,time_exit,48,-0.0051,-0.00178,-0.05,False,False
5m,early_hl_wide_3r,early-higher-low,W009,SPCE,2026-05-14 10:40,2.865,2.78,3.12,8.9005,2026-05-14 14:40,2.925,time_exit,48,0.06,0.02094,0.71,True,True
5m,early_hl_wide_3r,early-higher-low,W011,SPCE,2026-05-15 15:40,2.8399,2.77,3.0496,7.3841,2026-05-15 15:55,2.81,session_close,3,-0.0299,-0.01053,-0.43,False,False
5m,early_hl_wide_3r,early-higher-low,W012,SPCE,2026-05-19 13:20,2.4901,2.45,2.6104,4.8311,2026-05-19 15:55,2.495,session_close,31,0.0049,0.00197,0.12,True,False
5m,early_hl_wide_3r,early-higher-low,W013,SPCE,2026-05-21 11:55,2.57,2.5,2.78,8.1712,2026-05-21 15:55,2.735,time_exit,48,0.165,0.0642,2.36,True,True
5m,early_hl_wide_3r,early-higher-low,W015,SPCE,2026-05-22 13:05,3.27,3.17,3.57,9.1743,2026-05-22 15:55,3.24,session_close,34,-0.03,-0.00917,-0.3,False,False
5m,early_hl_wide_3r,early-higher-low,W016,SPCE,2026-05-26 12:10,3.605,3.51,3.89,7.9057,2026-05-26 14:45,3.51,stop,31,-0.095,-0.02635,-1.0,False,False
5m,early_hl_wide_3r,early-higher-low,W017,SPCE,2026-05-28 12:50,3.96,3.7,4.74,19.697,2026-05-28 15:55,4.51,session_close,37,0.55,0.13889,2.12,True,True
5m,early_hl_wide_3r,early-higher-low,W001,NNE,2026-05-01 14:50,23.53,22.93,25.33,7.6498,2026-05-01 15:55,23.43,session_close,13,-0.1,-0.00425,-0.17,False,False
5m,early_hl_wide_3r,early-higher-low,W002,NNE,2026-05-04 11:15,23.9495,23.27,25.988,8.5116,2026-05-04 12:05,23.27,stop,10,-0.6795,-0.02837,-1.0,False,False
5m,early_hl_wide_3r,early-higher-low,W003,NNE,2026-05-04 14:30,23.82,23.41,25.05,5.1637,2026-05-04 15:20,23.41,stop,10,-0.41,-0.01721,-1.0,False,False
5m,early_hl_wide_3r,early-higher-low,W004,NNE,2026-05-06 13:50,28.045,27.27,30.37,8.2902,2026-05-06 15:55,29.054,session_close,25,1.009,0.03598,1.3,True,True
5m,early_hl_wide_3r,early-higher-low,W005,NNE,2026-05-08 14:30,27.4224,26.7,29.5896,7.903,2026-05-08 14:55,26.7,stop,5,-0.7224,-0.02634,-1.0,False,False
5m,early_hl_wide_3r,early-higher-low,W006,NNE,2026-05-11 12:10,28.52,28.13,29.69,4.1024,2026-05-11 12:40,28.13,stop,6,-0.39,-0.01367,-1.0,False,False
5m,early_hl_wide_3r,early-higher-low,W007,NNE,2026-05-12 15:10,26.97,26.3,28.98,7.4527,2026-05-12 15:55,27.09,session_close,9,0.12,0.00445,0.18,True,False
5m,early_hl_wide_3r,early-higher-low,W008,NNE,2026-05-13 13:05,27.34,26.86,28.78,5.267,2026-05-13 15:20,26.86,stop,27,-0.48,-0.01756,-1.0,False,False
5m,early_hl_wide_3r,early-higher-low,W009,NNE,2026-05-14 11:20,26.96,25.85,30.29,12.3516,2026-05-14 15:20,27.365,time_exit,48,0.405,0.01502,0.36,True,True
5m,early_hl_wide_3r,early-higher-low,W011,NNE,2026-05-19 14:10,22.37,22.09,23.21,3.755,2026-05-19 15:55,22.29,session_close,21,-0.08,-0.00358,-0.29,False,False
5m,early_hl_wide_3r,early-higher-low,W012,NNE,2026-05-20 11:45,24.1529,23.73,25.4216,5.2528,2026-05-20 15:45,24.2656,time_exit,48,0.1127,0.00467,0.27,True,False
5m,early_hl_wide_3r,early-higher-low,W014,NNE,2026-05-21 14:30,25.0,24.28,27.16,8.64,2026-05-21 15:55,25.06,session_close,17,0.06,0.0024,0.08,True,False
5m,early_hl_wide_3r,early-higher-low,W015,NNE,2026-05-22 10:40,26.475,25.96,28.02,5.8357,2026-05-22 14:40,26.655,time_exit,48,0.18,0.0068,0.35,True,False
5m,early_hl_wide_3r,early-higher-low,W017,NNE,2026-05-26 13:45,30.1496,29.46,32.2184,6.8618,2026-05-26 14:35,29.46,stop,10,-0.6896,-0.02287,-1.0,False,False
5m,early_hl_wide_3r,early-higher-low,W018,NNE,2026-05-28 10:45,27.73,26.62,31.06,12.0087,2026-05-28 14:45,28.6001,time_exit,48,0.8701,0.03138,0.78,True,True
5m,early_hl_wide_3r,early-higher-low,W020,NNE,2026-05-29 13:00,28.39,27.87,29.95,5.4949,2026-05-29 15:55,28.885,end_of_data,35,0.495,0.01744,0.95,True,True
5m,early_hl_wide_3r,early-higher-low,W001,SMR,2026-05-01 12:45,12.14,11.86,12.98,6.9193,2026-05-01 15:55,12.12,session_close,38,-0.02,-0.00165,-0.07,False,False
5m,early_hl_wide_3r,early-higher-low,W002,SMR,2026-05-04 11:15,12.41,12.05,13.49,8.7027,2026-05-04 11:50,12.05,stop,7,-0.36,-0.02901,-1.0,False,False
5m,early_hl_wide_3r,early-higher-low,W003,SMR,2026-05-05 14:55,11.93,11.69,12.65,6.0352,2026-05-05 15:55,11.89,session_close,12,-0.04,-0.00335,-0.17,False,False
5m,early_hl_wide_3r,early-higher-low,W004,SMR,2026-05-06 10:30,12.6801,12.23,14.0304,10.649,2026-05-06 14:30,13.425,time_exit,48,0.7449,0.05875,1.65,True,True
5m,early_hl_wide_3r,early-higher-low,W006,SMR,2026-05-06 15:00,13.44,12.95,14.91,10.9375,2026-05-06 15:55,13.525,session_close,11,0.085,0.00632,0.17,True,False
5m,early_hl_wide_3r,early-higher-low,W007,SMR,2026-05-11 14:55,13.42,13.06,14.5,8.0477,2026-05-11 15:25,13.06,stop,6,-0.36,-0.02683,-1.0,False,False
5m,early_hl_wide_3r,early-higher-low,W008,SMR,2026-05-12 15:15,11.825,11.67,12.29,3.9323,2026-05-12 15:55,11.9852,session_close,8,0.1602,0.01355,1.03,True,True
5m,early_hl_wide_3r,early-higher-low,W009,SMR,2026-05-13 11:20,12.345,12.02,13.32,7.8979,2026-05-13 14:50,12.02,stop,42,-0.325,-0.02633,-1.0,False,False
5m,early_hl_wide_3r,early-higher-low,W010,SMR,2026-05-14 11:20,11.98,11.44,13.6,13.5225,2026-05-14 15:20,12.0501,time_exit,48,0.0701,0.00585,0.13,True,False
5m,early_hl_wide_3r,early-higher-low,W012,SMR,2026-05-15 15:15,11.33,11.23,11.63,2.6478,2026-05-15 15:55,11.23,stop,8,-0.1,-0.00883,-1.0,False,False
5m,early_hl_wide_3r,early-higher-low,W013,SMR,2026-05-18 15:40,10.34,10.13,10.97,6.0928,2026-05-18 15:55,10.495,session_close,3,0.155,0.01499,0.74,True,True
5m,early_hl_wide_3r,early-higher-low,W014,SMR,2026-05-19 15:10,10.05,9.85,10.65,5.9702,2026-05-19 15:55,10.07,session_close,9,0.02,0.00199,0.1,True,False
5m,early_hl_wide_3r,early-higher-low,W015,SMR,2026-05-20 11:55,10.545,10.39,11.01,4.4097,2026-05-20 14:55,10.39,stop,36,-0.155,-0.0147,-1.0,False,False
5m,early_hl_wide_3r,early-higher-low,W016,SMR,2026-05-21 11:25,10.75,10.48,11.56,7.5349,2026-05-21 15:25,11.165,time_exit,48,0.415,0.0386,1.54,True,True
5m,early_hl_wide_3r,early-higher-low,W018,SMR,2026-05-22 14:30,11.475,11.36,11.82,3.0065,2026-05-22 15:15,11.36,stop,9,-0.115,-0.01002,-1.0,False,False
5m,early_hl_wide_3r,early-higher-low,W019,SMR,2026-05-26 12:10,12.33,11.98,13.38,8.5158,2026-05-26 14:55,11.98,stop,33,-0.35,-0.02839,-1.0,False,False
5m,early_hl_wide_3r,early-higher-low,W020,SMR,2026-05-28 13:50,12.485,12.2,13.34,6.8482,2026-05-28 15:40,12.2,stop,22,-0.285,-0.02283,-1.0,False,False
5m,early_hl_wide_3r,early-higher-low,W021,SMR,2026-05-29 12:45,12.54,12.16,13.68,9.0909,2026-05-29 15:55,12.67,end_of_data,38,0.13,0.01037,0.34,True,True
5m,early_hl_wide_3r,early-higher-low,W001,LEU,2026-05-01 12:05,206.04,201.18,220.62,7.0763,2026-05-01 15:55,206.53,session_close,45,0.49,0.00238,0.1,True,False
5m,early_hl_wide_3r,early-higher-low,W002,LEU,2026-05-04 11:15,209.5,201.46,233.62,11.5131,2026-05-04 15:15,206.67,time_exit,48,-2.83,-0.01351,-0.35,False,False
5m,early_hl_wide_3r,early-higher-low,W004,LEU,2026-05-06 13:55,224.23,216.05,248.77,10.9441,2026-05-06 15:55,231.25,session_close,24,7.02,0.03131,0.86,True,True
5m,early_hl_wide_3r,early-higher-low,W006,LEU,2026-05-08 15:40,205.37,202.98,212.54,3.4913,2026-05-08 15:55,207.33,session_close,3,1.96,0.00954,0.82,True,False
5m,early_hl_wide_3r,early-higher-low,W007,LEU,2026-05-11 12:10,208.845,202.99,226.41,8.4105,2026-05-11 15:55,213.54,session_close,45,4.695,0.02248,0.8,True,True
5m,early_hl_wide_3r,early-higher-low,W009,LEU,2026-05-12 15:10,203.95,200.58,214.06,4.9571,2026-05-12 15:55,202.54,session_close,9,-1.41,-0.00691,-0.42,False,False
5m,early_hl_wide_3r,early-higher-low,W010,LEU,2026-05-14 13:40,191.65,186.86,206.02,7.498,2026-05-14 15:55,192.07,session_close,27,0.42,0.00219,0.09,True,False
5m,early_hl_wide_3r,early-higher-low,W011,LEU,2026-05-15 10:50,181.095,179.37,186.27,2.8576,2026-05-15 11:55,179.37,stop,13,-1.725,-0.00953,-1.0,False,False
5m,early_hl_wide_3r,early-higher-low,W012,LEU,2026-05-18 15:40,173.16,170.67,180.63,4.3139,2026-05-18 15:55,172.79,session_close,3,-0.37,-0.00214,-0.15,False,False
5m,early_hl_wide_3r,early-higher-low,W013,LEU,2026-05-19 14:00,169.65,165.37,182.49,7.5685,2026-05-19 15:55,168.9,session_close,23,-0.75,-0.00442,-0.18,False,False
5m,early_hl_wide_3r,early-higher-low,W014,LEU,2026-05-21 11:00,172.58,168.66,184.34,6.8142,2026-05-21 15:00,177.525,time_exit,48,4.945,0.02865,1.26,True,True
5m,early_hl_wide_3r,early-higher-low,W015,LEU,2026-05-26 10:45,187.2,180.92,206.04,10.0641,2026-05-26 14:45,184.33,time_exit,48,-2.87,-0.01533,-0.46,False,False
5m,early_hl_wide_3r,early-higher-low,W016,LEU,2026-05-27 11:10,182.0,177.61,195.17,7.2363,2026-05-27 15:10,179.605,time_exit,48,-2.395,-0.01316,-0.55,False,False
5m,early_hl_wide_3r,early-higher-low,W018,LEU,2026-05-28 13:40,183.31,178.8,196.84,7.3809,2026-05-28 15:55,185.66,session_close,27,2.35,0.01282,0.52,True,True
5m,early_hl_wide_3r,early-higher-low,W019,LEU,2026-05-29 14:00,183.97,181.51,191.35,4.0115,2026-05-29 15:00,181.51,stop,12,-2.46,-0.01337,-1.0,False,False
5m,early_hl_wide_3r,early-higher-low,W001,CCJ,2026-05-04 10:20,121.97,120.16,127.4,4.4519,2026-05-04 11:20,120.16,stop,12,-1.81,-0.01484,-1.0,False,False
5m,early_hl_wide_3r,early-higher-low,W002,CCJ,2026-05-06 11:15,120.72,117.54,130.26,7.9026,2026-05-06 15:15,124.42,time_exit,48,3.7,0.03065,1.16,True,True
5m,early_hl_wide_3r,early-higher-low,W004,CCJ,2026-05-11 12:55,120.055,117.05,129.07,7.5091,2026-05-11 15:55,120.2,session_close,36,0.145,0.00121,0.05,True,False
5m,early_hl_wide_3r,early-higher-low,W005,CCJ,2026-05-18 15:40,104.5,103.27,108.19,3.5311,2026-05-18 15:55,105.14,session_close,3,0.64,0.00612,0.52,True,False
5m,early_hl_wide_3r,early-higher-low,W006,CCJ,2026-05-19 14:00,103.83,102.29,108.45,4.4496,2026-05-19 15:55,103.51,session_close,23,-0.32,-0.00308,-0.21,False,False
5m,early_hl_wide_3r,early-higher-low,W007,CCJ,2026-05-20 11:25,105.55,102.93,113.41,7.4467,2026-05-20 15:25,104.16,time_exit,48,-1.39,-0.01317,-0.53,False,False
5m,early_hl_wide_3r,early-higher-low,W008,CCJ,2026-05-21 15:10,105.46,102.68,113.8,7.9082,2026-05-21 15:55,105.28,session_close,9,-0.18,-0.00171,-0.06,False,False
5m,early_hl_wide_3r,early-higher-low,W010,CCJ,2026-05-26 10:45,108.075,105.39,116.13,7.4531,2026-05-26 14:45,108.25,time_exit,48,0.175,0.00162,0.07,True,False
5m,early_hl_wide_3r,early-higher-low,W011,CCJ,2026-05-27 12:05,107.3545,105.48,112.978,5.2383,2026-05-27 15:55,107.51,session_close,46,0.1555,0.00145,0.08,True,False
5m,early_hl_wide_3r,early-higher-low,W012,CCJ,2026-05-28 10:40,107.2401,105.03,113.8704,6.1827,2026-05-28 14:40,110.92,time_exit,48,3.6799,0.03431,1.67,True,True
5m,early_hl_wide_3r,early-higher-low,W014,CCJ,2026-05-29 14:10,112.725,110.77,118.59,5.2029,2026-05-29 15:55,112.62,end_of_data,21,-0.105,-0.00093,-0.05,False,False
5m,early_hl_wide_3r,early-higher-low,W001,UEC,2026-05-01 12:45,14.595,14.37,15.27,4.6249,2026-05-01 15:55,14.955,session_close,38,0.36,0.02467,1.6,True,True
5m,early_hl_wide_3r,early-higher-low,W002,UEC,2026-05-06 11:20,15.335,14.93,16.55,7.9231,2026-05-06 15:20,15.735,time_exit,48,0.4,0.02608,0.99,True,True
5m,early_hl_wide_3r,early-higher-low,W004,UEC,2026-05-07 12:35,15.62,15.12,17.12,9.6031,2026-05-07 15:55,15.57,session_close,40,-0.05,-0.0032,-0.1,False,False
5m,early_hl_wide_3r,early-higher-low,W005,UEC,2026-05-11 12:55,16.11,15.85,16.89,4.8417,2026-05-11 15:55,16.465,session_close,36,0.355,0.02204,1.37,True,True
5m,early_hl_wide_3r,early-higher-low,W007,UEC,2026-05-13 11:20,15.735,15.36,16.86,7.1497,2026-05-13 15:20,15.36,stop,48,-0.375,-0.02383,-1.0,False,False
5m,early_hl_wide_3r,early-higher-low,W008,UEC,2026-05-18 15:40,13.18,13.01,13.69,3.8695,2026-05-18 15:55,13.225,session_close,3,0.045,0.00341,0.26,True,False
5m,early_hl_wide_3r,early-higher-low,W009,UEC,2026-05-19 15:10,12.03,11.72,12.96,7.7307,2026-05-19 15:55,11.905,session_close,9,-0.125,-0.01039,-0.4,False,False
5m,early_hl_wide_3r,early-higher-low,W010,UEC,2026-05-20 12:35,12.68,12.49,13.25,4.4953,2026-05-20 15:55,12.75,session_close,40,0.07,0.00552,0.37,True,False
5m,early_hl_wide_3r,early-higher-low,W011,UEC,2026-05-21 12:05,12.868,12.62,13.612,5.7818,2026-05-21 15:55,13.1,session_close,46,0.232,0.01803,0.94,True,True
5m,early_hl_wide_3r,early-higher-low,W013,UEC,2026-05-26 10:40,13.5925,13.23,14.68,8.0007,2026-05-26 14:40,13.5001,time_exit,48,-0.0924,-0.0068,-0.25,False,False
5m,early_hl_wide_3r,early-higher-low,W014,UEC,2026-05-27 13:25,13.475,13.18,14.36,6.5677,2026-05-27 15:55,13.43,session_close,30,-0.045,-0.00334,-0.15,False,False
5m,early_hl_wide_3r,early-higher-low,W015,UEC,2026-05-28 11:10,13.425,13.15,14.25,6.1453,2026-05-28 15:10,13.535,time_exit,48,0.11,0.00819,0.4,True,False
5m,early_hl_wide_3r,early-higher-low,W016,UEC,2026-05-29 11:35,13.618,13.17,14.962,9.8693,2026-05-29 15:35,13.715,time_exit,48,0.097,0.00712,0.22,True,False
5m,early_hl_wide_3r,early-higher-low,W001,DNN,2026-05-04 15:05,3.765,3.72,3.9,3.5857,2026-05-04 15:55,3.755,session_close,10,-0.01,-0.00266,-0.22,False,False
5m,early_hl_wide_3r,early-higher-low,W002,DNN,2026-05-06 11:20,3.755,3.67,4.01,6.791,2026-05-06 15:20,3.865,time_exit,48,0.11,0.02929,1.29,True,True
5m,early_hl_wide_3r,early-higher-low,W004,DNN,2026-05-07 11:00,3.87,3.77,4.17,7.7519,2026-05-07 12:05,3.77,stop,13,-0.1,-0.02584,-1.0,False,False
5m,early_hl_wide_3r,early-higher-low,W005,DNN,2026-05-08 14:10,3.765,3.71,3.93,4.3825,2026-05-08 15:55,3.74,session_close,21,-0.025,-0.00664,-0.45,False,False
5m,early_hl_wide_3r,early-higher-low,W006,DNN,2026-05-11 15:25,3.875,3.82,4.04,4.2581,2026-05-11 15:55,3.82,stop,6,-0.055,-0.01419,-1.0,False,False
5m,early_hl_wide_3r,early-higher-low,W007,DNN,2026-05-13 13:05,3.6001,3.57,3.6904,2.5083,2026-05-13 13:55,3.57,stop,10,-0.0301,-0.00836,-1.0,False,False
5m,early_hl_wide_3r,early-higher-low,W008,DNN,2026-05-18 15:35,3.235,3.19,3.37,4.1731,2026-05-18 15:55,3.25,session_close,4,0.015,0.00464,0.33,True,False
5m,early_hl_wide_3r,early-higher-low,W009,DNN,2026-05-19 14:40,3.155,3.1,3.32,5.2298,2026-05-19 15:55,3.16,session_close,15,0.005,0.00158,0.09,True,False
5m,early_hl_wide_3r,early-higher-low,W010,DNN,2026-05-21 14:30,3.23,3.14,3.5,8.3591,2026-05-21 15:55,3.195,session_close,17,-0.035,-0.01084,-0.39,False,False
5m,early_hl_wide_3r,early-higher-low,W011,DNN,2026-05-22 14:20,3.25,3.2,3.4,4.6154,2026-05-22 15:55,3.23,session_close,19,-0.02,-0.00615,-0.4,False,False
5m,early_hl_wide_3r,early-higher-low,W012,DNN,2026-05-26 15:30,3.3399,3.29,3.4896,4.4822,2026-05-26 15:55,3.34,session_close,5,0.0001,3e-05,0.0,True,False
5m,early_hl_wide_3r,early-higher-low,W013,DNN,2026-05-27 10:40,3.355,3.26,3.64,8.4948,2026-05-27 14:40,3.395,time_exit,48,0.04,0.01192,0.42,True,True
5m,early_hl_wide_3r,early-higher-low,W015,DNN,2026-05-28 11:10,3.3901,3.29,3.6904,8.8581,2026-05-28 15:10,3.4297,time_exit,48,0.0396,0.01168,0.4,True,True
5m,early_hl_wide_3r,early-higher-low,W016,DNN,2026-05-29 11:35,3.44,3.37,3.65,6.1047,2026-05-29 15:35,3.46,time_exit,48,0.02,0.00581,0.29,True,False
5m,early_hl_wide_3r,early-higher-low,W001,RUN,2026-05-01 14:30,13.225,13.02,13.84,4.6503,2026-05-01 15:30,13.02,stop,12,-0.205,-0.0155,-1.0,False,False
5m,early_hl_wide_3r,early-higher-low,W002,RUN,2026-05-11 12:55,14.7,14.46,15.42,4.898,2026-05-11 15:50,14.46,stop,35,-0.24,-0.01633,-1.0,False,False
5m,early_hl_wide_3r,early-higher-low,W003,RUN,2026-05-13 11:40,14.645,14.16,16.1,9.9351,2026-05-13 15:40,14.55,time_exit,48,-0.095,-0.00649,-0.2,False,False
5m,early_hl_wide_3r,early-higher-low,W005,RUN,2026-05-14 11:40,14.78,14.26,16.34,10.5548,2026-05-14 15:40,14.63,time_exit,48,-0.15,-0.01015,-0.29,False,False
5m,early_hl_wide_3r,early-higher-low,W006,RUN,2026-05-15 15:05,14.25,13.87,15.39,8.0,2026-05-15 15:55,13.99,session_close,10,-0.26,-0.01825,-0.68,False,False
5m,early_hl_wide_3r,early-higher-low,W007,RUN,2026-05-19 14:05,13.24,12.86,14.38,8.6103,2026-05-19 15:55,13.16,session_close,22,-0.08,-0.00604,-0.21,False,False
5m,early_hl_wide_3r,early-higher-low,W008,RUN,2026-05-20 11:40,13.455,13.29,13.95,3.6789,2026-05-20 12:10,13.95,target,6,0.495,0.03679,3.0,True,True
5m,early_hl_wide_3r,early-higher-low,W009,RUN,2026-05-21 10:45,13.985,13.71,14.81,5.8992,2026-05-21 14:45,14.44,time_exit,48,0.455,0.03253,1.65,True,True
5m,early_hl_wide_3r,early-higher-low,W011,RUN,2026-05-22 14:25,14.69,14.43,15.47,5.3097,2026-05-22 15:55,14.605,session_close,18,-0.085,-0.00579,-0.33,False,False
5m,early_hl_wide_3r,early-higher-low,W012,RUN,2026-05-27 12:00,15.24,15.12,15.6,2.3622,2026-05-27 14:15,15.12,stop,27,-0.12,-0.00787,-1.0,False,False
5m,early_hl_wide_3r,early-higher-low,W013,RUN,2026-05-28 14:20,15.745,15.44,16.66,5.8114,2026-05-28 15:55,15.885,session_close,19,0.14,0.00889,0.46,True,False
5m,early_hl_wide_3r,early-higher-low,W014,RUN,2026-05-29 11:00,16.465,15.9,18.16,10.2946,2026-05-29 15:00,16.455,time_exit,48,-0.01,-0.00061,-0.02,False,False
5m,early_hl_wide_3r,early-higher-low,W001,ENPH,2026-05-01 12:15,33.8699,33.08,36.2396,6.9965,2026-05-01 15:55,33.84,session_close,44,-0.0299,-0.00088,-0.04,False,False
5m,early_hl_wide_3r,early-higher-low,W002,ENPH,2026-05-08 15:10,36.225,35.42,38.64,6.6667,2026-05-08 15:55,36.45,session_close,9,0.225,0.00621,0.28,True,False
5m,early_hl_wide_3r,early-higher-low,W003,ENPH,2026-05-11 12:35,39.23,37.79,43.55,11.012,2026-05-11 14:55,37.79,stop,28,-1.44,-0.03671,-1.0,False,False
5m,early_hl_wide_3r,early-higher-low,W004,ENPH,2026-05-13 11:40,41.59,40.2,45.76,10.0264,2026-05-13 15:40,42.36,time_exit,48,0.77,0.01851,0.55,True,True
5m,early_hl_wide_3r,early-higher-low,W005,ENPH,2026-05-15 11:20,50.79,50.08,52.92,4.1937,2026-05-15 13:25,52.92,target,25,2.13,0.04194,3.0,True,True
5m,early_hl_wide_3r,early-higher-low,W006,ENPH,2026-05-15 15:00,53.49,52.27,57.15,6.8424,2026-05-15 15:20,52.27,stop,4,-1.22,-0.02281,-1.0,False,False
5m,early_hl_wide_3r,early-higher-low,W007,ENPH,2026-05-19 13:40,47.81,46.27,52.43,9.6633,2026-05-19 15:55,46.75,session_close,27,-1.06,-0.02217,-0.69,False,False
5m,early_hl_wide_3r,early-higher-low,W008,ENPH,2026-05-20 10:40,49.1301,46.94,55.7004,13.3733,2026-05-20 14:40,53.04,time_exit,48,3.9099,0.07958,1.79,True,True
5m,early_hl_wide_3r,early-higher-low,W009,ENPH,2026-05-21 10:40,57.08,54.58,64.58,13.1395,2026-05-21 14:40,62.29,time_exit,48,5.21,0.09128,2.08,True,True
5m,early_hl_wide_3r,early-higher-low,W011,ENPH,2026-05-22 11:00,64.51,62.06,71.86,11.3936,2026-05-22 15:00,63.785,time_exit,48,-0.725,-0.01124,-0.3,False,False
5m,early_hl_wide_3r,early-higher-low,W012,ENPH,2026-05-22 15:25,64.07,62.57,68.57,7.0236,2026-05-22 15:55,64.01,session_close,6,-0.06,-0.00094,-0.04,False,False
5m,early_hl_wide_3r,early-higher-low,W013,ENPH,2026-05-26 12:05,67.67,66.01,72.65,7.3592,2026-05-26 15:55,66.88,session_close,46,-0.79,-0.01167,-0.48,False,False
5m,early_hl_wide_3r,early-higher-low,W014,ENPH,2026-05-27 11:15,71.9,69.06,80.42,11.8498,2026-05-27 15:15,71.3,time_exit,48,-0.6,-0.00834,-0.21,False,False
5m,early_hl_wide_3r,early-higher-low,W015,ENPH,2026-05-29 15:20,69.21,68.12,72.48,4.7247,2026-05-29 15:55,68.12,stop,7,-1.09,-0.01575,-1.0,False,False
5m,early_hl_wide_3r,early-higher-low,W001,SEDG,2026-05-01 14:00,42.925,42.14,45.28,5.4863,2026-05-01 15:30,42.14,stop,18,-0.785,-0.01829,-1.0,False,False
5m,early_hl_wide_3r,early-higher-low,W002,SEDG,2026-05-04 13:45,41.19,40.05,44.61,8.303,2026-05-04 15:55,41.54,session_close,26,0.35,0.0085,0.31,True,False
5m,early_hl_wide_3r,early-higher-low,W003,SEDG,2026-05-05 11:55,43.205,42.01,46.79,8.2977,2026-05-05 15:55,44.625,time_exit,48,1.42,0.03287,1.19,True,True
5m,early_hl_wide_3r,early-higher-low,W005,SEDG,2026-05-08 14:05,41.44,40.04,45.64,10.1351,2026-05-08 15:55,41.3,session_close,22,-0.14,-0.00338,-0.1,False,False
5m,early_hl_wide_3r,early-higher-low,W006,SEDG,2026-05-11 12:55,42.23,41.07,45.71,8.2406,2026-05-11 15:55,41.71,session_close,36,-0.52,-0.01231,-0.45,False,False
5m,early_hl_wide_3r,early-higher-low,W007,SEDG,2026-05-12 15:40,40.34,39.43,43.07,6.7675,2026-05-12 15:55,40.42,session_close,3,0.08,0.00198,0.09,True,False
5m,early_hl_wide_3r,early-higher-low,W008,SEDG,2026-05-14 11:15,46.515,44.42,52.8,13.5118,2026-05-14 15:15,48.46,time_exit,48,1.945,0.04181,0.93,True,True
5m,early_hl_wide_3r,early-higher-low,W009,SEDG,2026-05-15 14:30,61.665,60.42,65.4,6.0569,2026-05-15 15:25,60.42,stop,11,-1.245,-0.02019,-1.0,False,False
5m,early_hl_wide_3r,early-higher-low,W010,SEDG,2026-05-19 14:00,54.8899,52.62,61.6996,12.4061,2026-05-19 15:55,54.52,session_close,23,-0.3699,-0.00674,-0.16,False,False
5m,early_hl_wide_3r,early-higher-low,W011,SEDG,2026-05-20 13:25,56.47,54.21,63.25,12.0064,2026-05-20 15:55,56.2,session_close,30,-0.27,-0.00478,-0.12,False,False
5m,early_hl_wide_3r,early-higher-low,W012,SEDG,2026-05-21 11:50,60.7,58.07,68.59,12.9984,2026-05-21 15:50,63.21,time_exit,48,2.51,0.04135,0.95,True,True
5m,early_hl_wide_3r,early-higher-low,W014,SEDG,2026-05-22 12:10,61.47,59.85,66.33,7.9063,2026-05-22 15:55,61.91,session_close,45,0.44,0.00716,0.27,True,False
5m,early_hl_wide_3r,early-higher-low,W015,SEDG,2026-05-26 11:25,71.84,68.36,82.28,14.5323,2026-05-26 15:25,70.55,time_exit,48,-1.29,-0.01796,-0.37,False,False
5m,early_hl_wide_3r,early-higher-low,W017,SEDG,2026-05-28 11:25,72.46,70.86,77.26,6.6243,2026-05-28 11:55,70.86,stop,6,-1.6,-0.02208,-1.0,False,False
5m,early_hl_wide_3r,early-higher-low,W001,FSLR,2026-05-01 12:25,209.35,203.97,225.49,7.7096,2026-05-01 15:55,211.84,session_close,42,2.49,0.01189,0.46,True,True
5m,early_hl_wide_3r,early-higher-low,W004,FSLR,2026-05-08 13:30,217.385,214.68,225.5,3.733,2026-05-08 15:55,220.04,session_close,29,2.655,0.01221,0.98,True,True
5m,early_hl_wide_3r,early-higher-low,W005,FSLR,2026-05-11 11:50,233.13,226.96,251.64,7.9398,2026-05-11 15:50,232.595,time_exit,48,-0.535,-0.00229,-0.09,False,False
5m,early_hl_wide_3r,early-higher-low,W006,FSLR,2026-05-13 10:35,238.63,230.01,264.49,10.8369,2026-05-13 14:35,236.31,time_exit,48,-2.32,-0.00972,-0.27,False,False
5m,early_hl_wide_3r,early-higher-low,W007,FSLR,2026-05-14 13:40,233.29,228.12,248.8,6.6484,2026-05-14 15:55,231.69,session_close,27,-1.6,-0.00686,-0.31,False,False
5m,early_hl_wide_3r,early-higher-low,W008,FSLR,2026-05-15 10:40,231.21,225.23,249.15,7.7592,2026-05-15 14:40,235.5,time_exit,48,4.29,0.01855,0.72,True,True
5m,early_hl_wide_3r,early-higher-low,W009,FSLR,2026-05-18 14:30,230.89,228.42,238.3,3.2093,2026-05-18 15:55,233.74,session_close,17,2.85,0.01234,1.15,True,True
5m,early_hl_wide_3r,early-higher-low,W010,FSLR,2026-05-19 15:10,225.34,222.14,234.94,4.2602,2026-05-19 15:55,222.14,stop,9,-3.2,-0.0142,-1.0,False,False
5m,early_hl_wide_3r,early-higher-low,W011,FSLR,2026-05-20 10:35,225.4,221.12,238.24,5.6965,2026-05-20 14:35,236.23,time_exit,48,10.83,0.04805,2.53,True,True
5m,early_hl_wide_3r,early-higher-low,W013,FSLR,2026-05-21 13:45,249.925,243.83,268.21,7.3162,2026-05-21 15:05,243.83,stop,16,-6.095,-0.02439,-1.0,False,False
5m,early_hl_wide_3r,early-higher-low,W014,FSLR,2026-05-22 11:15,253.83,250.02,265.26,4.503,2026-05-22 15:15,257.4,time_exit,48,3.57,0.01406,0.94,True,True
5m,early_hl_wide_3r,early-higher-low,W015,FSLR,2026-05-22 15:20,257.4,252.48,272.16,5.7343,2026-05-22 15:55,257.88,session_close,7,0.48,0.00186,0.1,True,False
5m,early_hl_wide_3r,early-higher-low,W016,FSLR,2026-05-26 11:20,271.09,263.68,293.32,8.2002,2026-05-26 15:20,269.93,time_exit,48,-1.16,-0.00428,-0.16,False,False
5m,early_hl_wide_3r,early-higher-low,W017,FSLR,2026-05-28 11:15,293.115,289.87,302.85,3.3212,2026-05-28 12:45,302.85,target,18,9.735,0.03321,3.0,True,True
5m,early_hl_wide_3r,early-higher-low,W018,FSLR,2026-05-28 15:10,304.4,302.2,311.0,2.1682,2026-05-28 15:55,303.28,session_close,9,-1.12,-0.00368,-0.51,False,False
5m,early_hl_wide_3r,early-higher-low,W019,FSLR,2026-05-29 12:00,304.96,300.38,318.7,4.5055,2026-05-29 13:20,300.38,stop,16,-4.58,-0.01502,-1.0,False,False
5m,early_hl_wide_3r,early-higher-low,W002,BE,2026-05-08 13:55,269.66,261.78,293.3,8.7666,2026-05-08 15:25,261.78,stop,18,-7.88,-0.02922,-1.0,False,False
5m,early_hl_wide_3r,early-higher-low,W003,BE,2026-05-11 11:30,293.005,282.58,324.28,10.6739,2026-05-11 15:30,287.33,time_exit,48,-5.675,-0.01937,-0.54,False,False
5m,early_hl_wide_3r,early-higher-low,W004,BE,2026-05-13 13:00,292.6813,285.59,313.9552,7.2686,2026-05-13 15:55,289.77,session_close,35,-2.9113,-0.00995,-0.41,False,False
5m,early_hl_wide_3r,early-higher-low,W005,BE,2026-05-14 13:30,301.145,293.86,323.0,7.2573,2026-05-14 15:55,303.59,session_close,29,2.445,0.00812,0.34,True,False
5m,early_hl_wide_3r,early-higher-low,W006,BE,2026-05-15 11:05,279.34,274.02,295.3,5.7135,2026-05-15 15:05,283.99,time_exit,48,4.65,0.01665,0.87,True,True
5m,early_hl_wide_3r,early-higher-low,W008,BE,2026-05-19 14:35,265.79,263.18,273.62,2.9459,2026-05-19 14:50,263.18,stop,3,-2.61,-0.00982,-1.0,False,False
5m,early_hl_wide_3r,early-higher-low,W009,BE,2026-05-20 12:40,285.3639,281.58,296.7156,3.978,2026-05-20 13:05,281.58,stop,5,-3.7839,-0.01326,-1.0,False,False
5m,early_hl_wide_3r,early-higher-low,W010,BE,2026-05-21 15:05,307.9479,300.02,331.7316,7.7233,2026-05-21 15:55,307.96,session_close,10,0.0121,4e-05,0.0,True,False
5m,early_hl_wide_3r,early-higher-low,W011,BE,2026-05-27 13:25,300.46,294.32,318.88,6.1306,2026-05-27 15:05,294.32,stop,20,-6.14,-0.02044,-1.0,False,False
5m,early_hl_wide_3r,early-higher-low,W012,BE,2026-05-28 14:30,302.4505,298.71,313.672,3.7102,2026-05-28 15:15,298.71,stop,9,-3.7405,-0.01237,-1.0,False,False
5m,early_hl_wide_3r,early-higher-low,W001,PLUG,2026-05-01 14:30,3.155,3.08,3.38,7.1315,2026-05-01 15:55,3.105,session_close,17,-0.05,-0.01585,-0.67,False,False
5m,early_hl_wide_3r,early-higher-low,W002,PLUG,2026-05-04 15:05,3.105,3.07,3.21,3.3816,2026-05-04 15:55,3.125,session_close,10,0.02,0.00644,0.57,True,False
5m,early_hl_wide_3r,early-higher-low,W003,PLUG,2026-05-11 13:50,3.597,3.51,3.858,7.256,2026-05-11 15:55,3.51,stop,25,-0.087,-0.02419,-1.0,False,False
5m,early_hl_wide_3r,early-higher-low,W004,PLUG,2026-05-12 15:10,3.615,3.51,3.93,8.7137,2026-05-12 15:55,3.56,session_close,9,-0.055,-0.01521,-0.52,False,False
5m,early_hl_wide_3r,early-higher-low,W005,PLUG,2026-05-13 13:20,3.8799,3.76,4.2396,9.2709,2026-05-13 15:55,3.965,session_close,31,0.0851,0.02193,0.71,True,True
5m,early_hl_wide_3r,early-higher-low,W007,PLUG,2026-05-14 11:50,3.845,3.78,4.04,5.0715,2026-05-14 13:20,3.78,stop,18,-0.065,-0.01691,-1.0,False,False
5m,early_hl_wide_3r,early-higher-low,W008,PLUG,2026-05-15 10:15,3.72,3.57,4.17,12.0968,2026-05-15 11:55,3.57,stop,20,-0.15,-0.04032,-1.0,False,False
5m,early_hl_wide_3r,early-higher-low,W009,PLUG,2026-05-15 15:40,3.915,3.73,4.47,14.1762,2026-05-15 15:55,3.79,session_close,3,-0.125,-0.03193,-0.68,False,False
5m,early_hl_wide_3r,early-higher-low,W010,PLUG,2026-05-18 15:35,3.4399,3.32,3.7996,10.4567,2026-05-18 15:55,3.445,session_close,4,0.0051,0.00148,0.04,True,False
5m,early_hl_wide_3r,early-higher-low,W011,PLUG,2026-05-19 15:10,3.3414,3.24,3.6456,9.104,2026-05-19 15:55,3.305,session_close,9,-0.0364,-0.01089,-0.36,False,False
5m,early_hl_wide_3r,early-higher-low,W012,PLUG,2026-05-20 12:40,3.38,3.27,3.71,9.7633,2026-05-20 15:55,3.3,session_close,39,-0.08,-0.02367,-0.73,False,False
5m,early_hl_wide_3r,early-higher-low,W013,PLUG,2026-05-21 13:05,3.785,3.73,3.95,4.3593,2026-05-21 15:55,3.78,session_close,34,-0.005,-0.00132,-0.09,False,False
5m,early_hl_wide_3r,early-higher-low,W014,PLUG,2026-05-22 12:35,3.865,3.76,4.18,8.1501,2026-05-22 15:50,3.76,stop,39,-0.105,-0.02717,-1.0,False,False
5m,early_hl_wide_3r,early-higher-low,W015,PLUG,2026-05-26 14:15,3.985,3.89,4.27,7.1518,2026-05-26 14:55,3.89,stop,8,-0.095,-0.02384,-1.0,False,False
5m,early_hl_wide_3r,early-higher-low,W016,PLUG,2026-05-27 12:05,4.17,3.94,4.86,16.5468,2026-05-27 15:55,4.14,session_close,46,-0.03,-0.00719,-0.13,False,False
5m,early_hl_wide_3r,early-higher-low,W017,PLUG,2026-05-28 13:40,4.295,4.14,4.76,10.8265,2026-05-28 15:55,4.14,stop,27,-0.155,-0.03609,-1.0,False,False
5m,early_hl_wide_3r,early-higher-low,W018,PLUG,2026-05-29 14:10,3.98,3.94,4.1,3.0151,2026-05-29 14:45,3.94,stop,7,-0.04,-0.01005,-1.0,False,False
5m,early_hl_wide_3r,early-higher-low,W001,BLDP,2026-05-05 12:10,4.035,3.95,4.29,6.3197,2026-05-05 13:15,3.95,stop,13,-0.085,-0.02107,-1.0,False,False
5m,early_hl_wide_3r,early-higher-low,W002,BLDP,2026-05-06 11:05,4.57,4.43,4.99,9.1904,2026-05-06 15:05,4.74,time_exit,48,0.17,0.0372,1.21,True,True
5m,early_hl_wide_3r,early-higher-low,W004,BLDP,2026-05-07 11:35,4.82,4.67,5.27,9.3361,2026-05-07 12:05,4.67,stop,6,-0.15,-0.03112,-1.0,False,False
5m,early_hl_wide_3r,early-higher-low,W005,BLDP,2026-05-11 12:30,4.18,4.08,4.48,7.177,2026-05-11 15:55,4.155,session_close,41,-0.025,-0.00598,-0.25,False,False
5m,early_hl_wide_3r,early-higher-low,W006,BLDP,2026-05-12 14:40,4.175,4.11,4.37,4.6707,2026-05-12 15:25,4.11,stop,9,-0.065,-0.01557,-1.0,False,False
5m,early_hl_wide_3r,early-higher-low,W007,BLDP,2026-05-13 12:10,4.095,3.99,4.41,7.6923,2026-05-13 15:55,4.135,session_close,45,0.04,0.00977,0.38,True,False
5m,early_hl_wide_3r,early-higher-low,W009,BLDP,2026-05-15 10:40,4.048,3.94,4.372,8.0039,2026-05-15 12:05,3.94,stop,17,-0.108,-0.02668,-1.0,False,False
5m,early_hl_wide_3r,early-higher-low,W010,BLDP,2026-05-18 15:40,4.25,4.05,4.85,14.1176,2026-05-18 15:55,4.315,session_close,3,0.065,0.01529,0.33,True,True
5m,early_hl_wide_3r,early-higher-low,W011,BLDP,2026-05-19 14:00,4.18,4.05,4.57,9.3301,2026-05-19 15:55,4.17,session_close,23,-0.01,-0.00239,-0.08,False,False
5m,early_hl_wide_3r,early-higher-low,W012,BLDP,2026-05-20 15:10,4.71,4.58,5.1,8.2803,2026-05-20 15:55,4.755,session_close,9,0.045,0.00955,0.35,True,False
5m,early_hl_wide_3r,early-higher-low,W013,BLDP,2026-05-21 12:35,5.285,5.14,5.72,8.2308,2026-05-21 15:55,5.42,session_close,40,0.135,0.02554,0.93,True,True
5m,early_hl_wide_3r,early-higher-low,W015,BLDP,2026-05-22 10:25,5.555,5.44,5.9,6.2106,2026-05-22 11:20,5.9,target,11,0.345,0.06211,3.0,True,True
5m,early_hl_wide_3r,early-higher-low,W016,BLDP,2026-05-22 12:05,5.785,5.65,6.19,7.0009,2026-05-22 12:25,5.65,stop,4,-0.135,-0.02334,-1.0,False,False
5m,early_hl_wide_3r,early-higher-low,W017,BLDP,2026-05-27 10:40,5.93,5.71,6.59,11.1298,2026-05-27 14:40,5.995,time_exit,48,0.065,0.01096,0.3,True,True
5m,early_hl_wide_3r,early-higher-low,W019,BLDP,2026-05-28 13:40,6.3503,6.23,6.7112,5.6832,2026-05-28 14:35,6.23,stop,11,-0.1203,-0.01894,-1.0,False,False
5m,early_hl_wide_3r,early-higher-low,W001,LAC,2026-05-05 12:15,5.5001,5.36,5.9204,7.6417,2026-05-05 15:55,5.52,session_close,44,0.0199,0.00362,0.14,True,False
5m,early_hl_wide_3r,early-higher-low,W002,LAC,2026-05-06 10:25,5.77,5.64,6.16,6.7591,2026-05-06 14:25,5.995,time_exit,48,0.225,0.03899,1.73,True,True
5m,early_hl_wide_3r,early-higher-low,W004,LAC,2026-05-08 15:10,5.575,5.42,6.04,8.3408,2026-05-08 15:55,5.565,session_close,9,-0.01,-0.00179,-0.06,False,False
5m,early_hl_wide_3r,early-higher-low,W005,LAC,2026-05-11 12:55,5.765,5.65,6.11,5.9844,2026-05-11 15:55,5.78,session_close,36,0.015,0.0026,0.13,True,False
5m,early_hl_wide_3r,early-higher-low,W006,LAC,2026-05-12 15:10,5.57,5.41,6.05,8.6176,2026-05-12 15:55,5.57,session_close,9,0.0,0.0,0.0,False,False
5m,early_hl_wide_3r,early-higher-low,W007,LAC,2026-05-19 14:00,4.695,4.58,5.04,7.3483,2026-05-19 15:55,4.64,session_close,23,-0.055,-0.01171,-0.48,False,False
5m,early_hl_wide_3r,early-higher-low,W008,LAC,2026-05-20 11:40,4.715,4.68,4.82,2.2269,2026-05-20 15:40,4.755,time_exit,48,0.04,0.00848,1.14,True,False
5m,early_hl_wide_3r,early-higher-low,W010,LAC,2026-05-21 10:35,4.805,4.77,4.91,2.1852,2026-05-21 11:25,4.91,target,10,0.105,0.02185,3.0,True,True
5m,early_hl_wide_3r,early-higher-low,W011,LAC,2026-05-21 14:30,5.005,4.93,5.23,4.4955,2026-05-21 15:55,4.985,session_close,17,-0.02,-0.004,-0.27,False,False
5m,early_hl_wide_3r,early-higher-low,W012,LAC,2026-05-26 11:20,5.0053,4.95,5.1712,3.3145,2026-05-26 11:50,4.95,stop,6,-0.0553,-0.01105,-1.0,False,False
5m,early_hl_wide_3r,early-higher-low,W013,LAC,2026-05-26 13:40,5.025,4.92,5.34,6.2687,2026-05-26 15:55,4.99,session_close,27,-0.035,-0.00697,-0.33,False,False
5m,early_hl_wide_3r,early-higher-low,W014,LAC,2026-05-27 10:40,4.915,4.8,5.26,7.0193,2026-05-27 14:40,5.025,time_exit,48,0.11,0.02238,0.96,True,True
5m,early_hl_wide_3r,early-higher-low,W016,LAC,2026-05-28 10:45,5.075,4.94,5.48,7.9803,2026-05-28 14:45,5.195,time_exit,48,0.12,0.02365,0.89,True,True
5m,early_hl_wide_3r,early-higher-low,W018,LAC,2026-05-29 12:45,5.165,5.11,5.33,3.1946,2026-05-29 15:55,5.23,end_of_data,38,0.065,0.01258,1.18,True,True
5m,early_hl_wide_3r,early-higher-low,W001,ALB,2026-05-05 12:50,195.56,194.09,199.97,2.2551,2026-05-05 15:55,194.83,session_close,37,-0.73,-0.00373,-0.5,False,False
5m,early_hl_wide_3r,early-higher-low,W002,ALB,2026-05-12 15:10,206.02,202.53,216.49,5.082,2026-05-12 15:55,205.46,session_close,9,-0.56,-0.00272,-0.16,False,False
5m,early_hl_wide_3r,early-higher-low,W003,ALB,2026-05-13 15:00,201.96,199.0,210.84,4.3969,2026-05-13 15:55,200.98,session_close,11,-0.98,-0.00485,-0.33,False,False
5m,early_hl_wide_3r,early-higher-low,W004,ALB,2026-05-26 12:10,177.75,175.75,183.75,3.3755,2026-05-26 14:35,175.75,stop,29,-2.0,-0.01125,-1.0,False,False
5m,early_hl_wide_3r,early-higher-low,W005,ALB,2026-05-27 12:20,178.97,174.47,192.47,7.5432,2026-05-27 15:55,177.56,session_close,43,-1.41,-0.00788,-0.31,False,False
5m,early_hl_wide_3r,early-higher-low,W001,RIVN,2026-05-04 14:50,14.695,14.44,15.46,5.2058,2026-05-04 15:55,14.5,session_close,13,-0.195,-0.01327,-0.76,False,False
5m,early_hl_wide_3r,early-higher-low,W002,RIVN,2026-05-08 15:10,14.205,13.91,15.09,6.2302,2026-05-08 15:55,14.21,session_close,9,0.005,0.00035,0.02,True,False
5m,early_hl_wide_3r,early-higher-low,W003,RIVN,2026-05-11 12:55,14.205,13.95,14.97,5.3854,2026-05-11 15:55,14.09,session_close,36,-0.115,-0.0081,-0.45,False,False
5m,early_hl_wide_3r,early-higher-low,W004,RIVN,2026-05-12 15:40,14.02,13.72,14.92,6.4194,2026-05-12 15:55,13.95,session_close,3,-0.07,-0.00499,-0.23,False,False
5m,early_hl_wide_3r,early-higher-low,W005,RIVN,2026-05-13 13:35,14.41,14.02,15.58,8.1194,2026-05-13 15:55,14.26,session_close,28,-0.15,-0.01041,-0.38,False,False
5m,early_hl_wide_3r,early-higher-low,W007,RIVN,2026-05-14 13:05,14.795,14.23,16.49,11.4566,2026-05-14 15:55,14.5201,session_close,34,-0.2749,-0.01858,-0.49,False,False
5m,early_hl_wide_3r,early-higher-low,W008,RIVN,2026-05-19 15:10,13.02,12.76,13.8,5.9908,2026-05-19 15:55,12.895,session_close,9,-0.125,-0.0096,-0.48,False,False
5m,early_hl_wide_3r,early-higher-low,W009,RIVN,2026-05-20 13:25,13.44,13.11,14.43,7.3661,2026-05-20 15:55,13.74,session_close,30,0.3,0.02232,0.91,True,True
5m,early_hl_wide_3r,early-higher-low,W010,RIVN,2026-05-21 10:45,13.785,13.65,14.19,2.938,2026-05-21 14:00,14.19,target,39,0.405,0.02938,3.0,True,True
5m,early_hl_wide_3r,early-higher-low,W011,RIVN,2026-05-21 15:10,14.15,13.95,14.75,4.2403,2026-05-21 15:55,14.16,session_close,9,0.01,0.00071,0.05,True,False
5m,early_hl_wide_3r,early-higher-low,W012,RIVN,2026-05-22 14:15,14.245,14.08,14.74,3.4749,2026-05-22 15:55,14.225,session_close,20,-0.02,-0.0014,-0.12,False,False
5m,early_hl_wide_3r,early-higher-low,W013,RIVN,2026-05-28 15:25,15.15,14.97,15.69,3.5643,2026-05-28 15:55,15.19,session_close,6,0.04,0.00264,0.22,True,False
5m,early_hl_wide_3r,early-higher-low,W014,RIVN,2026-05-29 14:15,16.245,16.1,16.68,2.6778,2026-05-29 15:55,16.325,end_of_data,20,0.08,0.00492,0.55,True,False
5m,early_hl_wide_3r,early-higher-low,W001,LCID,2026-05-01 12:10,6.525,6.44,6.78,3.9081,2026-05-01 15:55,6.56,session_close,45,0.035,0.00536,0.41,True,False
5m,early_hl_wide_3r,early-higher-low,W002,LCID,2026-05-04 13:50,6.705,6.54,7.2,7.3825,2026-05-04 15:55,6.685,session_close,25,-0.02,-0.00298,-0.12,False,False
5m,early_hl_wide_3r,early-higher-low,W003,LCID,2026-05-08 12:10,6.2701,6.22,6.4204,2.3971,2026-05-08 12:55,6.22,stop,9,-0.0501,-0.00799,-1.0,False,False
5m,early_hl_wide_3r,early-higher-low,W004,LCID,2026-05-11 14:50,6.085,6.0,6.34,4.1906,2026-05-11 15:25,6.0,stop,7,-0.085,-0.01397,-1.0,False,False
5m,early_hl_wide_3r,early-higher-low,W005,LCID,2026-05-12 15:10,5.985,5.87,6.33,5.7644,2026-05-12 15:55,6.004,session_close,9,0.019,0.00317,0.17,True,False
5m,early_hl_wide_3r,early-higher-low,W006,LCID,2026-05-13 12:15,6.545,6.39,7.01,7.1047,2026-05-13 15:50,6.39,stop,43,-0.155,-0.02368,-1.0,False,False
5m,early_hl_wide_3r,early-higher-low,W007,LCID,2026-05-14 13:10,6.55,6.42,6.94,5.9542,2026-05-14 14:35,6.42,stop,17,-0.13,-0.01985,-1.0,False,False
5m,early_hl_wide_3r,early-higher-low,W008,LCID,2026-05-15 14:40,6.075,5.97,6.39,5.1852,2026-05-15 15:55,6.045,session_close,15,-0.03,-0.00494,-0.29,False,False
5m,early_hl_wide_3r,early-higher-low,W009,LCID,2026-05-18 15:40,5.705,5.66,5.84,2.3663,2026-05-18 15:55,5.735,session_close,3,0.03,0.00526,0.67,True,False
5m,early_hl_wide_3r,early-higher-low,W010,LCID,2026-05-19 14:05,5.65,5.56,5.92,4.7788,2026-05-19 15:55,5.615,session_close,22,-0.035,-0.00619,-0.39,False,False
5m,early_hl_wide_3r,early-higher-low,W011,LCID,2026-05-20 13:10,5.71,5.6,6.04,5.7793,2026-05-20 15:55,5.68,session_close,33,-0.03,-0.00525,-0.27,False,False
5m,early_hl_wide_3r,early-higher-low,W012,LCID,2026-05-21 15:40,5.87,5.78,6.14,4.5997,2026-05-21 15:55,5.845,session_close,3,-0.025,-0.00426,-0.28,False,False
5m,early_hl_wide_3r,early-higher-low,W013,LCID,2026-05-22 11:15,6.0201,5.91,6.3504,5.4866,2026-05-22 13:55,5.91,stop,32,-0.1101,-0.01829,-1.0,False,False
5m,early_hl_wide_3r,early-higher-low,W014,LCID,2026-05-26 12:05,6.085,5.95,6.49,6.6557,2026-05-26 15:55,5.98,session_close,46,-0.105,-0.01726,-0.78,False,False
5m,early_hl_wide_3r,early-higher-low,W015,LCID,2026-05-27 11:35,6.105,5.92,6.66,9.0909,2026-05-27 15:35,6.225,time_exit,48,0.12,0.01966,0.65,True,True
5m,early_hl_wide_3r,early-higher-low,W017,LCID,2026-05-28 11:20,6.59,6.4,7.16,8.6495,2026-05-28 15:20,6.475,time_exit,48,-0.115,-0.01745,-0.61,False,False
5m,early_hl_wide_3r,early-higher-low,W018,LCID,2026-05-29 10:40,6.395,6.31,6.65,3.9875,2026-05-29 12:05,6.65,target,17,0.255,0.03987,3.0,True,True
5m,early_hl_wide_3r,early-higher-low,W001,NIO,2026-05-04 11:35,6.055,5.96,6.34,4.7068,2026-05-04 15:35,6.095,time_exit,48,0.04,0.00661,0.42,True,False
5m,early_hl_wide_3r,early-higher-low,W002,NIO,2026-05-07 11:25,5.955,5.91,6.09,2.267,2026-05-07 12:15,5.91,stop,10,-0.045,-0.00756,-1.0,False,False
5m,early_hl_wide_3r,early-higher-low,W003,NIO,2026-05-13 11:15,6.56,6.42,6.98,6.4024,2026-05-13 15:15,6.515,time_exit,48,-0.045,-0.00686,-0.32,False,False
5m,early_hl_wide_3r,early-higher-low,W004,NIO,2026-05-21 15:20,5.615,5.55,5.81,3.4728,2026-05-21 15:55,5.58,session_close,7,-0.035,-0.00623,-0.54,False,False
5m,early_hl_wide_3r,early-higher-low,W005,NIO,2026-05-22 13:50,5.215,5.16,5.38,3.164,2026-05-22 15:30,5.16,stop,20,-0.055,-0.01055,-1.0,False,False
5m,early_hl_wide_3r,early-higher-low,W006,NIO,2026-05-27 12:25,5.665,5.61,5.83,2.9126,2026-05-27 15:55,5.75,session_close,42,0.085,0.015,1.55,True,True
5m,early_hl_wide_3r,early-higher-low,W007,NIO,2026-05-29 10:40,5.48,5.4,5.72,4.3796,2026-05-29 14:40,5.605,time_exit,48,0.125,0.02281,1.56,True,True
5m,early_hl_wide_3r,early-higher-low,W008,NIO,2026-05-29 15:15,5.585,5.47,5.93,6.1773,2026-05-29 15:55,5.595,end_of_data,8,0.01,0.00179,0.09,True,False
5m,early_hl_wide_3r,early-higher-low,W001,XPEV,2026-05-04 11:35,16.055,15.87,16.61,3.4569,2026-05-04 15:35,15.995,time_exit,48,-0.06,-0.00374,-0.32,False,False
5m,early_hl_wide_3r,early-higher-low,W002,XPEV,2026-05-08 12:35,15.67,15.55,16.03,2.2974,2026-05-08 15:55,15.62,session_close,40,-0.05,-0.00319,-0.42,False,False
5m,early_hl_wide_3r,early-higher-low,W003,XPEV,2026-05-13 12:10,16.675,16.41,17.47,4.7676,2026-05-13 15:55,16.66,session_close,45,-0.015,-0.0009,-0.06,False,False
5m,early_hl_wide_3r,early-higher-low,W005,XPEV,2026-05-14 14:40,16.185,15.91,17.01,5.0973,2026-05-14 15:55,16.105,session_close,15,-0.08,-0.00494,-0.29,False,False
5m,early_hl_wide_3r,early-higher-low,W006,XPEV,2026-05-26 10:50,16.7096,16.48,17.3984,4.1222,2026-05-26 14:50,16.68,time_exit,48,-0.0296,-0.00177,-0.13,False,False
5m,early_hl_wide_3r,early-higher-low,W007,XPEV,2026-05-27 11:15,16.39,16.17,17.05,4.0268,2026-05-27 15:15,16.49,time_exit,48,0.1,0.0061,0.45,True,False
5m,early_hl_wide_3r,early-higher-low,W008,XPEV,2026-05-29 11:40,16.5,16.27,17.19,4.1818,2026-05-29 15:40,16.56,time_exit,48,0.06,0.00364,0.26,True,False
5m,early_hl_wide_3r,early-higher-low,W001,LI,2026-05-18 13:55,16.68,16.49,17.25,3.4173,2026-05-18 15:55,16.66,session_close,24,-0.02,-0.0012,-0.11,False,False
5m,early_hl_wide_3r,early-higher-low,W004,LI,2026-05-22 12:25,15.825,15.62,16.44,3.8863,2026-05-22 15:55,15.895,session_close,42,0.07,0.00442,0.34,True,False
5m,early_hl_wide_3r,early-higher-low,W005,LI,2026-05-26 11:45,15.92,15.73,16.49,3.5804,2026-05-26 15:45,15.91,time_exit,48,-0.01,-0.00063,-0.05,False,False
5m,early_hl_wide_3r,early-higher-low,W006,LI,2026-05-27 10:45,15.65,15.36,16.52,5.5591,2026-05-27 14:45,15.685,time_exit,48,0.035,0.00224,0.12,True,False
5m,early_hl_wide_3r,early-higher-low,W001,CHPT,2026-05-01 15:20,6.38,6.26,6.74,5.6426,2026-05-01 15:55,6.39,session_close,7,0.01,0.00157,0.08,True,False
5m,early_hl_wide_3r,early-higher-low,W002,CHPT,2026-05-05 12:10,6.431,6.3,6.824,6.111,2026-05-05 15:55,6.323,session_close,43,-0.108,-0.01679,-0.82,False,False
5m,early_hl_wide_3r,early-higher-low,W003,CHPT,2026-05-08 10:45,6.16,6.0,6.64,7.7922,2026-05-08 14:55,6.22,time_exit,48,0.06,0.00974,0.38,True,False
5m,early_hl_wide_3r,early-higher-low,W004,CHPT,2026-05-08 15:10,6.26,6.17,6.53,4.3131,2026-05-08 15:55,6.24,session_close,9,-0.02,-0.00319,-0.22,False,False
5m,early_hl_wide_3r,early-higher-low,W005,CHPT,2026-05-11 13:20,6.49,6.29,7.09,9.245,2026-05-11 15:55,6.4,session_close,31,-0.09,-0.01387,-0.45,False,False
5m,early_hl_wide_3r,early-higher-low,W006,CHPT,2026-05-12 10:50,6.23,6.15,6.47,3.8523,2026-05-12 11:55,6.15,stop,13,-0.08,-0.01284,-1.0,False,False
5m,early_hl_wide_3r,early-higher-low,W007,CHPT,2026-05-13 12:15,6.3912,6.27,6.7548,5.6891,2026-05-13 15:55,6.42,session_close,44,0.0288,0.00451,0.24,True,False
5m,early_hl_wide_3r,early-higher-low,W008,CHPT,2026-05-14 12:10,6.45,6.33,6.81,5.5814,2026-05-14 15:55,6.8,session_close,44,0.35,0.05426,2.92,True,True
5m,early_hl_wide_3r,early-higher-low,W009,CHPT,2026-05-15 14:45,6.6799,6.54,7.0996,6.283,2026-05-15 15:55,6.61,session_close,14,-0.0699,-0.01046,-0.5,False,False
5m,early_hl_wide_3r,early-higher-low,W010,CHPT,2026-05-18 15:30,6.35,6.28,6.56,3.3071,2026-05-18 15:55,6.395,session_close,5,0.045,0.00709,0.64,True,False
5m,early_hl_wide_3r,early-higher-low,W011,CHPT,2026-05-19 13:40,6.28,6.15,6.67,6.2102,2026-05-19 15:55,6.15,stop,25,-0.13,-0.0207,-1.0,False,False
5m,early_hl_wide_3r,early-higher-low,W012,CHPT,2026-05-20 13:25,6.3,6.23,6.51,3.3333,2026-05-20 15:55,6.23,stop,29,-0.07,-0.01111,-1.0,False,False
5m,early_hl_wide_3r,early-higher-low,W013,CHPT,2026-05-21 12:10,6.465,6.26,7.08,9.5128,2026-05-21 15:55,6.81,session_close,45,0.345,0.05336,1.68,True,True
5m,early_hl_wide_3r,early-higher-low,W015,CHPT,2026-05-27 11:35,7.94,7.63,8.87,11.7128,2026-05-27 15:35,7.78,time_exit,48,-0.16,-0.02015,-0.52,False,False
5m,early_hl_wide_3r,early-higher-low,W016,CHPT,2026-05-28 13:40,7.93,7.63,8.83,11.3493,2026-05-28 15:55,7.83,session_close,26,-0.1,-0.01261,-0.33,False,False
5m,early_hl_wide_3r,early-higher-low,W017,CHPT,2026-05-29 13:45,7.58,7.45,7.97,5.1451,2026-05-29 15:05,7.45,stop,15,-0.13,-0.01715,-1.0,False,False
5m,early_hl_wide_3r,early-higher-low,W001,BLNK,2026-05-01 10:45,0.7377,0.72,0.7908,7.198,2026-05-01 14:50,0.7334,time_exit,48,-0.0043,-0.00583,-0.24,False,False
5m,early_hl_wide_3r,early-higher-low,W002,BLNK,2026-05-04 15:15,0.7224,0.71,0.7596,5.1495,2026-05-04 15:55,0.7245,session_close,8,0.0021,0.00291,0.17,True,False
5m,early_hl_wide_3r,early-higher-low,W003,BLNK,2026-05-05 12:15,0.7336,0.72,0.7744,5.5616,2026-05-05 15:55,0.72,stop,44,-0.0136,-0.01854,-1.0,False,False
5m,early_hl_wide_3r,early-higher-low,W004,BLNK,2026-05-06 10:35,0.7745,0.75,0.848,9.49,2026-05-06 13:35,0.848,target,36,0.0735,0.0949,3.0,True,True
5m,early_hl_wide_3r,early-higher-low,W006,BLNK,2026-05-08 10:40,0.8054,0.78,0.8816,9.4611,2026-05-08 14:40,0.8467,time_exit,48,0.0413,0.05128,1.63,True,True
5m,early_hl_wide_3r,early-higher-low,W007,BLNK,2026-05-08 15:00,0.841,0.83,0.874,3.9239,2026-05-08 15:55,0.8494,session_close,11,0.0084,0.00999,0.76,True,False
5m,early_hl_wide_3r,early-higher-low,W008,BLNK,2026-05-11 13:55,0.9613,0.94,1.0252,6.6473,2026-05-11 14:55,0.94,stop,12,-0.0213,-0.02216,-1.0,False,False
5m,early_hl_wide_3r,early-higher-low,W009,BLNK,2026-05-12 15:15,0.915,0.9,0.96,4.918,2026-05-12 15:45,0.9,stop,6,-0.015,-0.01639,-1.0,False,False
5m,early_hl_wide_3r,early-higher-low,W010,BLNK,2026-05-13 12:15,0.92,0.9,0.98,6.5217,2026-05-13 13:10,0.9,stop,11,-0.02,-0.02174,-1.0,False,False
5m,early_hl_wide_3r,early-higher-low,W011,BLNK,2026-05-14 13:00,0.8811,0.86,0.9444,7.1842,2026-05-14 15:55,0.876,session_close,35,-0.0051,-0.00579,-0.24,False,False
5m,early_hl_wide_3r,early-higher-low,W012,BLNK,2026-05-15 12:25,0.8392,0.82,0.8968,6.8637,2026-05-15 15:50,0.82,stop,40,-0.0192,-0.02288,-1.0,False,False
5m,early_hl_wide_3r,early-higher-low,W013,BLNK,2026-05-19 14:05,0.7556,0.74,0.8024,6.1937,2026-05-19 14:55,0.74,stop,10,-0.0156,-0.02065,-1.0,False,False
5m,early_hl_wide_3r,early-higher-low,W014,BLNK,2026-05-20 11:25,0.7881,0.78,0.8124,3.0834,2026-05-20 15:30,0.7915,time_exit,48,0.0034,0.00431,0.34,True,False
5m,early_hl_wide_3r,early-higher-low,W015,BLNK,2026-05-21 11:20,0.8164,0.8,0.8656,6.0265,2026-05-21 15:25,0.8302,time_exit,48,0.0138,0.0169,0.84,True,True
5m,early_hl_wide_3r,early-higher-low,W017,BLNK,2026-05-22 13:50,0.8644,0.85,0.9076,4.9977,2026-05-22 15:15,0.85,stop,16,-0.0144,-0.01666,-1.0,False,False
5m,early_hl_wide_3r,early-higher-low,W018,BLNK,2026-05-27 15:25,0.8162,0.8,0.8648,5.9544,2026-05-27 15:55,0.8311,session_close,6,0.0149,0.01826,0.92,True,True
5m,early_hl_wide_3r,early-higher-low,W019,BLNK,2026-05-28 10:50,0.8347,0.82,0.8788,5.2833,2026-05-28 14:50,0.8463,time_exit,48,0.0116,0.0139,0.79,True,True
5m,early_hl_wide_3r,early-higher-low,W001,SERV,2026-05-01 12:20,9.495,9.19,10.41,9.6366,2026-05-01 15:55,9.385,session_close,43,-0.11,-0.01159,-0.36,False,False
5m,early_hl_wide_3r,early-higher-low,W002,SERV,2026-05-06 10:55,9.325,9.11,9.97,6.9169,2026-05-06 14:55,9.4197,time_exit,48,0.0947,0.01016,0.44,True,True
5m,early_hl_wide_3r,early-higher-low,W004,SERV,2026-05-11 10:50,8.775,8.64,9.18,4.6154,2026-05-11 14:15,9.18,target,41,0.405,0.04615,3.0,True,True
5m,early_hl_wide_3r,early-higher-low,W005,SERV,2026-05-11 15:10,9.065,8.91,9.53,5.1296,2026-05-11 15:25,8.91,stop,3,-0.155,-0.0171,-1.0,False,False
5m,early_hl_wide_3r,early-higher-low,W006,SERV,2026-05-14 11:20,9.1,8.83,9.91,8.9011,2026-05-14 13:20,8.83,stop,24,-0.27,-0.02967,-1.0,False,False
5m,early_hl_wide_3r,early-higher-low,W007,SERV,2026-05-15 15:20,8.295,8.11,8.85,6.6908,2026-05-15 15:55,8.25,session_close,7,-0.045,-0.00542,-0.24,False,False
5m,early_hl_wide_3r,early-higher-low,W008,SERV,2026-05-18 15:40,8.185,7.92,8.98,9.7129,2026-05-18 15:55,8.2325,session_close,3,0.0475,0.0058,0.18,True,False
5m,early_hl_wide_3r,early-higher-low,W009,SERV,2026-05-19 14:00,8.12,7.97,8.57,5.5419,2026-05-19 15:55,8.105,session_close,23,-0.015,-0.00185,-0.1,False,False
5m,early_hl_wide_3r,early-higher-low,W010,SERV,2026-05-20 10:25,8.281,8.06,8.944,8.0063,2026-05-20 14:25,8.36,time_exit,48,0.079,0.00954,0.36,True,False
5m,early_hl_wide_3r,early-higher-low,W012,SERV,2026-05-21 12:10,8.7699,8.54,9.4596,7.8644,2026-05-21 15:55,8.81,session_close,45,0.0401,0.00457,0.17,True,False
5m,early_hl_wide_3r,early-higher-low,W014,SERV,2026-05-26 12:05,9.195,9.02,9.72,5.7096,2026-05-26 13:20,9.02,stop,15,-0.175,-0.01903,-1.0,False,False
5m,early_hl_wide_3r,early-higher-low,W015,SERV,2026-05-27 10:40,8.975,8.68,9.86,9.8607,2026-05-27 14:40,8.855,time_exit,48,-0.12,-0.01337,-0.41,False,False
5m,early_hl_wide_3r,early-higher-low,W016,SERV,2026-05-28 12:30,9.3201,8.96,10.4004,11.5911,2026-05-28 15:55,9.51,session_close,41,0.1899,0.02038,0.53,True,True
5m,early_hl_wide_3r,early-higher-low,W001,TEM,2026-05-01 12:25,55.38,54.42,58.26,5.2004,2026-05-01 15:55,55.0,session_close,42,-0.38,-0.00686,-0.4,False,False
5m,early_hl_wide_3r,early-higher-low,W002,TEM,2026-05-06 10:30,50.96,49.15,56.39,10.6554,2026-05-06 14:30,53.245,time_exit,48,2.285,0.04484,1.26,True,True
5m,early_hl_wide_3r,early-higher-low,W003,TEM,2026-05-06 15:10,53.035,51.56,57.46,8.3435,2026-05-06 15:55,53.49,session_close,9,0.455,0.00858,0.31,True,False
5m,early_hl_wide_3r,early-higher-low,W004,TEM,2026-05-08 15:00,48.7165,48.25,50.116,2.8727,2026-05-08 15:55,49.87,session_close,11,1.1535,0.02368,2.47,True,True
5m,early_hl_wide_3r,early-higher-low,W005,TEM,2026-05-11 14:50,49.17,48.29,51.81,5.3691,2026-05-11 15:55,48.46,session_close,13,-0.71,-0.01444,-0.81,False,False
5m,early_hl_wide_3r,early-higher-low,W006,TEM,2026-05-13 13:50,45.649,45.27,46.786,2.4907,2026-05-13 15:55,45.89,session_close,25,0.241,0.00528,0.64,True,False
5m,early_hl_wide_3r,early-higher-low,W007,TEM,2026-05-19 15:10,45.39,44.41,48.33,6.4772,2026-05-19 15:55,45.53,session_close,9,0.14,0.00308,0.14,True,False
5m,early_hl_wide_3r,early-higher-low,W008,TEM,2026-05-20 10:55,45.355,44.51,47.89,5.5892,2026-05-20 14:55,45.25,time_exit,48,-0.105,-0.00232,-0.12,False,False
5m,early_hl_wide_3r,early-higher-low,W009,TEM,2026-05-20 15:10,45.36,44.8,47.04,3.7037,2026-05-20 15:55,45.905,session_close,9,0.545,0.01201,0.97,True,True
5m,early_hl_wide_3r,early-higher-low,W010,TEM,2026-05-21 12:40,45.265,44.38,47.92,5.8655,2026-05-21 15:55,46.52,session_close,39,1.255,0.02773,1.42,True,True
5m,early_hl_wide_3r,early-higher-low,W011,TEM,2026-05-22 14:15,46.82,46.37,48.17,2.8834,2026-05-22 15:25,46.37,stop,14,-0.45,-0.00961,-1.0,False,False
5m,early_hl_wide_3r,early-higher-low,W012,TEM,2026-05-27 12:00,46.47,45.23,50.19,8.0052,2026-05-27 15:55,47.18,session_close,47,0.71,0.01528,0.57,True,True
5m,early_hl_wide_3r,early-higher-low,W013,TEM,2026-05-28 10:45,51.5171,49.67,57.0584,10.7562,2026-05-28 14:45,52.02,time_exit,48,0.5029,0.00976,0.27,True,False
5m,early_hl_wide_3r,early-higher-low,W001,RXRX,2026-05-01 12:40,3.445,3.37,3.67,6.5312,2026-05-01 15:55,3.38,session_close,39,-0.065,-0.01887,-0.87,False,False
5m,early_hl_wide_3r,early-higher-low,W002,RXRX,2026-05-04 10:20,3.458,3.37,3.722,7.6345,2026-05-04 14:20,3.53,time_exit,48,0.072,0.02082,0.82,True,True
5m,early_hl_wide_3r,early-higher-low,W003,RXRX,2026-05-04 14:40,3.51,3.43,3.75,6.8376,2026-05-04 15:55,3.515,session_close,15,0.005,0.00142,0.06,True,False
5m,early_hl_wide_3r,early-higher-low,W005,RXRX,2026-05-06 15:05,3.395,3.28,3.74,10.162,2026-05-06 15:55,3.435,session_close,10,0.04,0.01178,0.35,True,True
5m,early_hl_wide_3r,early-higher-low,W006,RXRX,2026-05-08 13:55,3.2655,3.19,3.492,6.9362,2026-05-08 15:55,3.33,session_close,24,0.0645,0.01975,0.85,True,True
5m,early_hl_wide_3r,early-higher-low,W007,RXRX,2026-05-13 11:20,3.1299,3.06,3.3396,6.6999,2026-05-13 15:20,3.09,time_exit,48,-0.0399,-0.01275,-0.57,False,False
5m,early_hl_wide_3r,early-higher-low,W008,RXRX,2026-05-18 10:20,2.925,2.84,3.18,8.7179,2026-05-18 11:05,2.84,stop,9,-0.085,-0.02906,-1.0,False,False
5m,early_hl_wide_3r,early-higher-low,W009,RXRX,2026-05-19 14:05,2.825,2.79,2.93,3.7168,2026-05-19 15:55,2.855,session_close,22,0.03,0.01062,0.86,True,True
5m,early_hl_wide_3r,early-higher-low,W010,RXRX,2026-05-20 10:50,2.905,2.85,3.07,5.6799,2026-05-20 14:50,2.95,time_exit,48,0.045,0.01549,0.82,True,True
5m,early_hl_wide_3r,early-higher-low,W012,RXRX,2026-05-21 11:05,3.005,2.92,3.26,8.4859,2026-05-21 15:05,3.095,time_exit,48,0.09,0.02995,1.06,True,True
5m,early_hl_wide_3r,early-higher-low,W013,RXRX,2026-05-27 14:55,3.205,3.14,3.4,6.0842,2026-05-27 15:55,3.17,session_close,12,-0.035,-0.01092,-0.54,False,False
5m,early_hl_wide_3r,early-higher-low,W014,RXRX,2026-05-28 11:10,3.2087,3.12,3.4748,8.2931,2026-05-28 15:10,3.3797,time_exit,48,0.171,0.05329,1.93,True,True
5m,early_hl_wide_3r,early-higher-low,W016,RXRX,2026-05-29 11:40,3.4822,3.38,3.7888,8.8048,2026-05-29 15:40,3.54,time_exit,48,0.0578,0.0166,0.57,True,True
5m,early_hl_wide_3r,early-higher-low,W001,SDGR,2026-05-01 15:00,12.32,12.14,12.86,4.3831,2026-05-01 15:55,12.39,session_close,11,0.07,0.00568,0.39,True,False
5m,early_hl_wide_3r,early-higher-low,W002,SDGR,2026-05-05 11:10,12.88,12.53,13.93,8.1522,2026-05-05 15:10,12.73,time_exit,48,-0.15,-0.01165,-0.43,False,False
5m,early_hl_wide_3r,early-higher-low,W003,SDGR,2026-05-08 13:20,13.055,12.87,13.61,4.2513,2026-05-08 14:40,12.87,stop,16,-0.185,-0.01417,-1.0,False,False
5m,early_hl_wide_3r,early-higher-low,W004,SDGR,2026-05-11 11:40,13.03,12.93,13.33,2.3024,2026-05-11 12:05,12.93,stop,5,-0.1,-0.00767,-1.0,False,False
5m,early_hl_wide_3r,early-higher-low,W005,SDGR,2026-05-12 11:05,12.6,12.48,12.96,2.8572,2026-05-12 15:05,12.69,time_exit,48,0.09,0.00714,0.75,True,False
5m,early_hl_wide_3r,early-higher-low,W006,SDGR,2026-05-13 11:15,12.72,12.52,13.32,4.717,2026-05-13 15:15,12.82,time_exit,48,0.1,0.00786,0.5,True,False
5m,early_hl_wide_3r,early-higher-low,W007,SDGR,2026-05-14 12:10,13.005,12.83,13.53,4.0369,2026-05-14 12:20,12.83,stop,2,-0.175,-0.01346,-1.0,False,False
5m,early_hl_wide_3r,early-higher-low,W008,SDGR,2026-05-19 12:20,12.1377,11.83,13.0608,7.6052,2026-05-19 15:55,12.0,session_close,43,-0.1377,-0.01134,-0.45,False,False
5m,early_hl_wide_3r,early-higher-low,W009,SDGR,2026-05-21 11:45,12.68,12.37,13.61,7.3344,2026-05-21 15:45,13.2,time_exit,48,0.52,0.04101,1.68,True,True
5m,early_hl_wide_3r,early-higher-low,W011,SDGR,2026-05-22 14:15,13.56,13.29,14.37,5.9735,2026-05-22 15:50,13.29,stop,19,-0.27,-0.01991,-1.0,False,False
5m,early_hl_wide_3r,early-higher-low,W012,SDGR,2026-05-27 12:00,13.355,13.21,13.79,3.2572,2026-05-27 12:45,13.21,stop,9,-0.145,-0.01086,-1.0,False,False
5m,early_hl_wide_3r,early-higher-low,W013,SDGR,2026-05-28 11:25,13.75,13.59,14.23,3.4909,2026-05-28 15:25,14.005,time_exit,48,0.255,0.01855,1.59,True,True
5m,early_hl_wide_3r,early-higher-low,W014,SDGR,2026-05-29 13:45,15.35,15.06,16.22,5.6678,2026-05-29 15:55,15.21,end_of_data,26,-0.14,-0.00912,-0.48,False,False
5m,early_hl_wide_3r,early-higher-low,W001,CRSP,2026-05-04 12:05,53.56,52.79,55.87,4.3129,2026-05-04 15:55,53.56,session_close,46,0.0,0.0,0.0,False,False
5m,early_hl_wide_3r,early-higher-low,W002,CRSP,2026-05-05 13:55,51.545,49.95,56.33,9.2831,2026-05-05 15:55,52.4,session_close,24,0.855,0.01659,0.54,True,True
5m,early_hl_wide_3r,early-higher-low,W003,CRSP,2026-05-06 13:55,54.895,53.43,59.29,8.0062,2026-05-06 15:55,55.06,session_close,24,0.165,0.00301,0.11,True,False
5m,early_hl_wide_3r,early-higher-low,W004,CRSP,2026-05-08 10:45,53.86,52.35,58.39,8.4107,2026-05-08 14:45,54.545,time_exit,48,0.685,0.01272,0.45,True,True
5m,early_hl_wide_3r,early-higher-low,W006,CRSP,2026-05-13 11:20,52.9601,52.23,55.1504,4.1357,2026-05-13 15:20,53.17,time_exit,48,0.2099,0.00396,0.29,True,False
5m,early_hl_wide_3r,early-higher-low,W007,CRSP,2026-05-18 10:20,49.69,48.4,53.56,7.7883,2026-05-18 13:45,48.4,stop,41,-1.29,-0.02596,-1.0,False,False
5m,early_hl_wide_3r,early-higher-low,W008,CRSP,2026-05-19 15:10,47.39,46.91,48.83,3.0386,2026-05-19 15:55,47.6,session_close,9,0.21,0.00443,0.44,True,False
5m,early_hl_wide_3r,early-higher-low,W009,CRSP,2026-05-20 15:15,48.85,47.96,51.52,5.4657,2026-05-20 15:55,48.55,session_close,8,-0.3,-0.00614,-0.34,False,False
5m,early_hl_wide_3r,early-higher-low,W010,CRSP,2026-05-22 14:50,50.3001,49.89,51.5304,2.4459,2026-05-22 15:55,50.38,session_close,13,0.0799,0.00159,0.19,True,False
5m,early_hl_wide_3r,early-higher-low,W011,CRSP,2026-05-26 10:55,51.17,49.94,54.86,7.2112,2026-05-26 14:55,50.7301,time_exit,48,-0.4399,-0.0086,-0.36,False,False
5m,early_hl_wide_3r,early-higher-low,W012,CRSP,2026-05-27 14:55,53.795,53.28,55.34,2.872,2026-05-27 15:55,53.53,session_close,12,-0.265,-0.00493,-0.51,False,False
5m,early_hl_wide_3r,early-higher-low,W001,EDIT,2026-05-04 15:35,2.99,2.96,3.08,3.01,2026-05-04 15:55,3.01,session_close,4,0.02,0.00669,0.67,True,False
5m,early_hl_wide_3r,early-higher-low,W002,EDIT,2026-05-05 15:00,2.985,2.92,3.18,6.5327,2026-05-05 15:55,3.04,session_close,11,0.055,0.01843,0.85,True,True
5m,early_hl_wide_3r,early-higher-low,W003,EDIT,2026-05-06 11:40,3.115,3.03,3.37,8.1862,2026-05-06 15:40,3.16,time_exit,48,0.045,0.01445,0.53,True,True
5m,early_hl_wide_3r,early-higher-low,W005,EDIT,2026-05-08 12:10,3.1,3.01,3.37,8.7097,2026-05-08 15:55,3.12,session_close,45,0.02,0.00645,0.22,True,False
5m,early_hl_wide_3r,early-higher-low,W006,EDIT,2026-05-13 11:25,2.9212,2.88,3.0448,4.2311,2026-05-13 12:50,2.88,stop,17,-0.0412,-0.0141,-1.0,False,False
5m,early_hl_wide_3r,early-higher-low,W007,EDIT,2026-05-19 13:45,2.5,2.45,2.65,6.0,2026-05-19 15:40,2.45,stop,23,-0.05,-0.02,-1.0,False,False
5m,early_hl_wide_3r,early-higher-low,W008,EDIT,2026-05-20 11:20,2.52,2.45,2.73,8.3333,2026-05-20 15:20,2.58,time_exit,48,0.06,0.02381,0.86,True,True
5m,early_hl_wide_3r,early-higher-low,W010,EDIT,2026-05-21 12:10,2.595,2.51,2.85,9.8266,2026-05-21 15:55,2.67,session_close,44,0.075,0.0289,0.88,True,True
5m,early_hl_wide_3r,early-higher-low,W011,EDIT,2026-05-22 14:30,2.775,2.71,2.97,7.027,2026-05-22 15:55,2.76,session_close,17,-0.015,-0.00541,-0.23,False,False
5m,early_hl_wide_3r,early-higher-low,W012,EDIT,2026-05-28 14:45,3.445,3.39,3.61,4.7895,2026-05-28 15:55,3.415,session_close,14,-0.03,-0.00871,-0.55,False,False
5m,early_hl_wide_3r,early-higher-low,W013,EDIT,2026-05-29 12:50,3.385,3.31,3.61,6.647,2026-05-29 15:55,3.44,end_of_data,37,0.055,0.01625,0.73,True,True
5m,early_hl_wide_3r,early-higher-low,W001,BEAM,2026-05-01 12:15,30.95,30.37,32.69,5.622,2026-05-01 15:55,30.7,session_close,44,-0.25,-0.00808,-0.43,False,False
5m,early_hl_wide_3r,early-higher-low,W002,BEAM,2026-05-04 11:55,31.26,30.78,32.7,4.6065,2026-05-04 12:15,30.78,stop,4,-0.48,-0.01536,-1.0,False,False
5m,early_hl_wide_3r,early-higher-low,W003,BEAM,2026-05-08 11:20,32.27,31.42,34.82,7.9021,2026-05-08 15:20,31.89,time_exit,48,-0.38,-0.01178,-0.45,False,False
5m,early_hl_wide_3r,early-higher-low,W004,BEAM,2026-05-13 11:25,31.83,31.29,33.45,5.0895,2026-05-13 15:25,32.0,time_exit,48,0.17,0.00534,0.31,True,False
5m,early_hl_wide_3r,early-higher-low,W005,BEAM,2026-05-19 13:40,26.5,25.97,28.09,6.0,2026-05-19 15:55,26.31,session_close,27,-0.19,-0.00717,-0.36,False,False
5m,early_hl_wide_3r,early-higher-low,W006,BEAM,2026-05-20 11:20,27.28,26.38,29.98,9.8974,2026-05-20 15:20,27.22,time_exit,48,-0.06,-0.0022,-0.07,False,False
5m,early_hl_wide_3r,early-higher-low,W007,BEAM,2026-05-21 12:55,27.25,26.46,29.62,8.6972,2026-05-21 15:55,27.66,session_close,36,0.41,0.01505,0.52,True,True
5m,early_hl_wide_3r,early-higher-low,W008,BEAM,2026-05-22 15:20,28.66,28.06,30.46,6.2805,2026-05-22 15:55,28.635,session_close,7,-0.025,-0.00087,-0.04,False,False
5m,early_hl_wide_3r,early-higher-low,W009,BEAM,2026-05-28 13:45,32.968,32.34,34.852,5.7146,2026-05-28 15:55,32.78,session_close,26,-0.188,-0.0057,-0.3,False,False
5m,early_hl_wide_3r,early-higher-low,W010,BEAM,2026-05-29 11:40,32.92,32.17,35.17,6.8347,2026-05-29 15:40,33.27,time_exit,48,0.35,0.01063,0.47,True,True
5m,early_hl_wide_3r,early-higher-low,W001,NTLA,2026-05-04 12:05,13.79,13.37,15.05,9.1371,2026-05-04 15:55,13.86,session_close,46,0.07,0.00508,0.17,True,False
5m,early_hl_wide_3r,early-higher-low,W002,NTLA,2026-05-06 11:45,13.6,13.25,14.65,7.7206,2026-05-06 15:45,13.805,time_exit,48,0.205,0.01507,0.59,True,True
5m,early_hl_wide_3r,early-higher-low,W003,NTLA,2026-05-08 11:45,13.885,13.71,14.41,3.7811,2026-05-08 15:45,14.015,time_exit,48,0.13,0.00936,0.74,True,False
5m,early_hl_wide_3r,early-higher-low,W004,NTLA,2026-05-12 15:15,13.84,13.68,14.32,3.4682,2026-05-12 15:55,13.99,session_close,8,0.15,0.01084,0.94,True,True
5m,early_hl_wide_3r,early-higher-low,W005,NTLA,2026-05-13 11:20,14.12,13.74,15.26,8.0737,2026-05-13 15:20,14.32,time_exit,48,0.2,0.01416,0.53,True,True
5m,early_hl_wide_3r,early-higher-low,W007,NTLA,2026-05-15 11:40,13.71,13.26,15.06,9.8468,2026-05-15 15:40,13.4299,time_exit,48,-0.2801,-0.02043,-0.62,False,False
5m,early_hl_wide_3r,early-higher-low,W008,NTLA,2026-05-19 12:25,12.19,11.83,13.27,8.8597,2026-05-19 15:55,11.925,session_close,42,-0.265,-0.02174,-0.74,False,False
5m,early_hl_wide_3r,early-higher-low,W009,NTLA,2026-05-20 11:20,12.17,11.85,13.13,7.8883,2026-05-20 15:20,12.44,time_exit,48,0.27,0.02219,0.84,True,True
5m,early_hl_wide_3r,early-higher-low,W011,NTLA,2026-05-21 12:55,12.11,11.81,13.01,7.4319,2026-05-21 15:55,12.39,session_close,36,0.28,0.02312,0.93,True,True
5m,early_hl_wide_3r,early-higher-low,W012,NTLA,2026-05-22 14:15,12.64,12.55,12.91,2.1361,2026-05-22 15:00,12.55,stop,9,-0.09,-0.00712,-1.0,False,False
5m,early_hl_wide_3r,early-higher-low,W013,NTLA,2026-05-27 14:50,13.645,13.23,14.89,9.1242,2026-05-27 15:55,13.455,session_close,13,-0.19,-0.01392,-0.46,False,False
5m,early_hl_wide_3r,early-higher-low,W014,NTLA,2026-05-28 12:45,13.63,13.34,14.5,6.383,2026-05-28 15:55,13.69,session_close,38,0.06,0.0044,0.21,True,False
5m,early_hl_wide_3r,early-higher-low,W015,NTLA,2026-05-29 14:35,14.2896,13.64,16.2384,13.6379,2026-05-29 15:55,14.065,end_of_data,16,-0.2246,-0.01572,-0.35,False,False
5m,early_hl_wide_3r,early-higher-low,W001,PACB,2026-05-01 13:55,1.605,1.56,1.74,8.4112,2026-05-01 15:55,1.6,session_close,24,-0.005,-0.00312,-0.11,False,False
5m,early_hl_wide_3r,early-higher-low,W002,PACB,2026-05-04 15:05,1.555,1.54,1.6,2.8939,2026-05-04 15:55,1.54,stop,10,-0.015,-0.00965,-1.0,False,False
5m,early_hl_wide_3r,early-higher-low,W003,PACB,2026-05-05 15:30,1.545,1.5,1.68,8.7379,2026-05-05 15:55,1.575,session_close,5,0.03,0.01942,0.67,True,True
5m,early_hl_wide_3r,early-higher-low,W004,PACB,2026-05-07 12:00,1.685,1.65,1.79,6.2314,2026-05-07 13:30,1.65,stop,18,-0.035,-0.02077,-1.0,False,False
5m,early_hl_wide_3r,early-higher-low,W005,PACB,2026-05-13 11:15,1.305,1.25,1.47,12.6437,2026-05-13 15:15,1.295,time_exit,48,-0.01,-0.00766,-0.18,False,False
5m,early_hl_wide_3r,early-higher-low,W006,PACB,2026-05-14 11:15,1.275,1.25,1.35,5.8823,2026-05-14 11:50,1.25,stop,7,-0.025,-0.01961,-1.0,False,False
5m,early_hl_wide_3r,early-higher-low,W008,PACB,2026-05-18 14:15,1.15,1.12,1.24,7.8261,2026-05-18 15:55,1.15,session_close,20,0.0,0.0,0.0,False,False
5m,early_hl_wide_3r,early-higher-low,W009,PACB,2026-05-19 14:00,1.175,1.13,1.31,11.4893,2026-05-19 15:55,1.16,session_close,23,-0.015,-0.01277,-0.33,False,False
5m,early_hl_wide_3r,early-higher-low,W010,PACB,2026-05-20 10:50,1.155,1.13,1.23,6.4935,2026-05-20 14:50,1.175,time_exit,48,0.02,0.01732,0.8,True,True
5m,early_hl_wide_3r,early-higher-low,W011,PACB,2026-05-20 15:10,1.16,1.14,1.22,5.1724,2026-05-20 15:55,1.195,session_close,9,0.035,0.03017,1.75,True,True
5m,early_hl_wide_3r,early-higher-low,W012,PACB,2026-05-21 11:45,1.24,1.2,1.36,9.6774,2026-05-21 15:45,1.2589,time_exit,48,0.0189,0.01524,0.47,True,True
5m,early_hl_wide_3r,early-higher-low,W013,PACB,2026-05-26 12:20,1.26,1.2,1.44,14.2857,2026-05-26 15:55,1.269,session_close,43,0.009,0.00714,0.15,True,False
5m,early_hl_wide_3r,early-higher-low,W014,PACB,2026-05-27 10:55,1.28,1.24,1.4,9.375,2026-05-27 14:55,1.2999,time_exit,48,0.0199,0.01555,0.5,True,True
5m,early_hl_wide_3r,early-higher-low,W015,PACB,2026-05-28 12:45,1.4197,1.39,1.5088,6.276,2026-05-28 15:55,1.47,session_close,38,0.0503,0.03543,1.69,True,True
5m,early_hl_wide_3r,early-higher-low,W017,PACB,2026-05-29 11:30,1.4506,1.41,1.5724,8.3965,2026-05-29 15:30,1.475,time_exit,48,0.0244,0.01682,0.6,True,True
5m,early_hl_wide_3r,early-higher-low,W001,DNA,2026-05-01 15:10,9.51,9.35,9.99,5.0473,2026-05-01 15:55,9.69,session_close,9,0.18,0.01893,1.12,True,True
5m,early_hl_wide_3r,early-higher-low,W002,DNA,2026-05-06 13:15,10.22,10.01,10.85,6.1644,2026-05-06 15:40,10.01,stop,29,-0.21,-0.02055,-1.0,False,False
5m,early_hl_wide_3r,early-higher-low,W003,DNA,2026-05-07 14:30,10.21,9.92,11.08,8.5211,2026-05-07 15:55,10.36,session_close,17,0.15,0.01469,0.52,True,True
5m,early_hl_wide_3r,early-higher-low,W004,DNA,2026-05-11 11:40,9.015,8.62,10.2,13.1448,2026-05-11 15:40,8.665,time_exit,48,-0.35,-0.03882,-0.89,False,False
5m,early_hl_wide_3r,early-higher-low,W005,DNA,2026-05-15 10:45,7.77,7.56,8.4,8.1081,2026-05-15 13:05,7.56,stop,28,-0.21,-0.02703,-1.0,False,False
5m,early_hl_wide_3r,early-higher-low,W006,DNA,2026-05-19 11:20,7.23,7.12,7.56,4.5643,2026-05-19 15:20,7.31,time_exit,48,0.08,0.01106,0.73,True,True
5m,early_hl_wide_3r,early-higher-low,W008,DNA,2026-05-20 15:10,7.67,7.47,8.27,7.8227,2026-05-20 15:55,7.72,session_close,9,0.05,0.00652,0.25,True,False
5m,early_hl_wide_3r,early-higher-low,W009,DNA,2026-05-21 11:05,7.86,7.57,8.73,11.0687,2026-05-21 15:05,8.03,time_exit,48,0.17,0.02163,0.59,True,True
5m,early_hl_wide_3r,early-higher-low,W011,DNA,2026-05-22 13:50,8.63,8.52,8.96,3.8239,2026-05-22 15:25,8.52,stop,19,-0.11,-0.01275,-1.0,False,False
5m,early_hl_wide_3r,early-higher-low,W012,DNA,2026-05-26 10:55,8.87,8.6,9.68,9.1319,2026-05-26 14:00,8.6,stop,37,-0.27,-0.03044,-1.0,False,False
5m,early_hl_wide_3r,early-higher-low,W013,DNA,2026-05-28 11:30,9.355,8.96,10.54,12.667,2026-05-28 15:30,9.57,time_exit,48,0.215,0.02298,0.54,True,True
5m,early_hl_wide_3r,early-higher-low,W015,DNA,2026-05-29 14:10,9.5422,9.46,9.7888,2.5843,2026-05-29 14:25,9.46,stop,3,-0.0822,-0.00861,-1.0,False,False
5m,early_hl_wide_3r,early-higher-low,W001,TMDX,2026-05-01 11:35,99.78,98.62,103.26,3.4877,2026-05-01 14:15,98.62,stop,32,-1.16,-0.01163,-1.0,False,False
5m,early_hl_wide_3r,early-higher-low,W003,TMDX,2026-05-07 12:35,75.4,74.63,77.71,3.0637,2026-05-07 12:50,74.63,stop,3,-0.77,-0.01021,-1.0,False,False
5m,early_hl_wide_3r,early-higher-low,W004,TMDX,2026-05-08 15:05,69.02,67.96,72.2,4.6073,2026-05-08 15:15,67.96,stop,2,-1.06,-0.01536,-1.0,False,False
5m,early_hl_wide_3r,early-higher-low,W005,TMDX,2026-05-12 14:50,64.25,63.2,67.4,4.9027,2026-05-12 15:55,63.93,session_close,13,-0.32,-0.00498,-0.3,False,False
5m,early_hl_wide_3r,early-higher-low,W006,TMDX,2026-05-15 15:35,62.98,62.18,65.38,3.8107,2026-05-15 15:55,63.3,session_close,4,0.32,0.00508,0.4,True,False
5m,early_hl_wide_3r,early-higher-low,W007,TMDX,2026-05-18 14:55,67.4878,66.96,69.0712,2.3462,2026-05-18 15:55,68.34,session_close,12,0.8522,0.01263,1.61,True,True
5m,early_hl_wide_3r,early-higher-low,W008,TMDX,2026-05-20 10:45,68.235,66.85,72.39,6.0893,2026-05-20 14:45,69.095,time_exit,48,0.86,0.0126,0.62,True,True
5m,early_hl_wide_3r,early-higher-low,W010,TMDX,2026-05-21 10:35,67.2955,65.17,73.672,9.4754,2026-05-21 14:35,68.53,time_exit,48,1.2345,0.01834,0.58,True,True
5m,early_hl_wide_3r,early-higher-low,W011,TMDX,2026-05-22 15:25,68.55,67.66,71.22,3.895,2026-05-22 15:55,68.99,session_close,6,0.44,0.00642,0.49,True,False
5m,early_hl_wide_3r,early-higher-low,W012,TMDX,2026-05-28 10:55,69.495,68.24,73.26,5.4177,2026-05-28 11:15,68.24,stop,4,-1.255,-0.01806,-1.0,False,False
5m,early_hl_wide_3r,early-higher-low,W013,TMDX,2026-05-29 14:25,67.25,66.76,68.72,2.1859,2026-05-29 15:25,66.76,stop,12,-0.49,-0.00729,-1.0,False,False
5m,early_hl_wide_3r,early-higher-low,W001,GH,2026-05-01 13:20,87.82,86.88,90.64,3.2111,2026-05-01 15:55,87.58,session_close,31,-0.24,-0.00273,-0.26,False,False
5m,early_hl_wide_3r,early-higher-low,W002,GH,2026-05-06 15:10,92.14,90.1,98.26,6.6421,2026-05-06 15:55,92.21,session_close,9,0.07,0.00076,0.03,True,False
5m,early_hl_wide_3r,early-higher-low,W003,GH,2026-05-07 15:35,90.815,88.45,97.91,7.8126,2026-05-07 15:55,92.3,session_close,4,1.485,0.01635,0.63,True,True
5m,early_hl_wide_3r,early-higher-low,W004,GH,2026-05-13 11:45,97.505,95.68,102.98,5.6151,2026-05-13 15:45,97.58,time_exit,48,0.075,0.00077,0.04,True,False
5m,early_hl_wide_3r,early-higher-low,W005,GH,2026-05-14 13:10,99.06,96.72,106.08,7.0866,2026-05-14 15:55,98.67,session_close,33,-0.39,-0.00394,-0.17,False,False
5m,early_hl_wide_3r,early-higher-low,W006,GH,2026-05-18 15:35,95.06,93.76,98.96,4.1027,2026-05-18 15:55,95.64,session_close,4,0.58,0.0061,0.45,True,False
5m,early_hl_wide_3r,early-higher-low,W007,GH,2026-05-19 12:45,95.4,94.2,99.0,3.7736,2026-05-19 15:50,99.0,target,37,3.6,0.03774,3.0,True,True
5m,early_hl_wide_3r,early-higher-low,W009,GH,2026-05-20 11:35,108.66,105.49,118.17,8.7521,2026-05-20 15:35,113.17,time_exit,48,4.51,0.04151,1.42,True,True
5m,early_hl_wide_3r,early-higher-low,W010,GH,2026-05-21 12:40,117.77,114.09,128.81,9.3742,2026-05-21 15:55,118.01,session_close,39,0.24,0.00204,0.07,True,False
5m,early_hl_wide_3r,early-higher-low,W011,GH,2026-05-26 14:55,118.92,117.84,122.16,2.7245,2026-05-26 15:55,119.84,session_close,12,0.92,0.00774,0.85,True,False
5m,early_hl_wide_3r,early-higher-low,W012,GH,2026-05-27 15:00,125.795,123.23,133.49,6.1171,2026-05-27 15:55,127.54,session_close,11,1.745,0.01387,0.68,True,True
5m,early_hl_wide_3r,early-higher-low,W013,GH,2026-05-28 11:10,129.72,125.91,141.15,8.8113,2026-05-28 15:10,131.995,time_exit,48,2.275,0.01754,0.6,True,True
5m,early_hl_wide_3r,early-higher-low,W001,CELH,2026-05-04 11:55,33.98,33.13,36.53,7.5044,2026-05-04 15:55,33.57,time_exit,48,-0.41,-0.01207,-0.48,False,False
5m,early_hl_wide_3r,early-higher-low,W002,CELH,2026-05-05 12:50,33.62,33.08,35.24,4.8186,2026-05-05 15:55,33.53,session_close,37,-0.09,-0.00268,-0.17,False,False
5m,early_hl_wide_3r,early-higher-low,W003,CELH,2026-05-07 13:00,34.93,33.87,38.11,9.1039,2026-05-07 15:55,34.26,session_close,35,-0.67,-0.01918,-0.63,False,False
5m,early_hl_wide_3r,early-higher-low,W004,CELH,2026-05-12 15:40,29.7,29.34,30.78,3.6364,2026-05-12 15:55,29.605,session_close,3,-0.095,-0.0032,-0.26,False,False
5m,early_hl_wide_3r,early-higher-low,W005,CELH,2026-05-14 11:20,29.44,29.18,30.22,2.6495,2026-05-14 12:35,29.18,stop,15,-0.26,-0.00883,-1.0,False,False
5m,early_hl_wide_3r,early-higher-low,W006,CELH,2026-05-21 12:35,28.985,28.24,31.22,7.7109,2026-05-21 15:55,29.69,session_close,40,0.705,0.02432,0.95,True,True
5m,early_hl_wide_3r,early-higher-low,W008,CELH,2026-05-26 11:20,29.77,28.98,32.14,7.961,2026-05-26 15:20,29.825,time_exit,48,0.055,0.00185,0.07,True,False
5m,early_hl_wide_3r,early-higher-low,W009,CELH,2026-05-28 11:05,32.815,31.75,36.01,9.7364,2026-05-28 15:05,33.095,time_exit,48,0.28,0.00853,0.26,True,False
5m,early_hl_wide_3r,early-higher-low,W001,ELF,2026-05-04 15:10,62.22,61.06,65.7,5.5931,2026-05-04 15:55,61.86,session_close,9,-0.36,-0.00579,-0.31,False,False
5m,early_hl_wide_3r,early-higher-low,W002,ELF,2026-05-06 10:50,61.43,59.7,66.62,8.4486,2026-05-06 14:50,61.1,time_exit,48,-0.33,-0.00537,-0.19,False,False
5m,early_hl_wide_3r,early-higher-low,W003,ELF,2026-05-12 13:35,54.865,53.7,58.36,6.3702,2026-05-12 15:55,55.67,session_close,28,0.805,0.01467,0.69,True,True
5m,early_hl_wide_3r,early-higher-low,W004,ELF,2026-05-14 11:50,56.22,55.39,58.71,4.429,2026-05-14 15:50,55.75,time_exit,48,-0.47,-0.00836,-0.57,False,False
5m,early_hl_wide_3r,early-higher-low,W005,ELF,2026-05-20 14:40,52.48,51.86,54.34,3.5442,2026-05-20 15:35,51.86,stop,11,-0.62,-0.01181,-1.0,False,False
5m,early_hl_wide_3r,early-higher-low,W006,ELF,2026-05-21 13:50,52.36,51.14,56.02,6.9901,2026-05-21 15:55,53.19,session_close,25,0.83,0.01585,0.68,True,True
5m,early_hl_wide_3r,early-higher-low,W007,ELF,2026-05-22 14:00,53.3,52.29,56.33,5.6848,2026-05-22 15:55,52.93,session_close,23,-0.37,-0.00694,-0.37,False,False
5m,early_hl_wide_3r,early-higher-low,W008,ELF,2026-05-26 14:45,52.85,51.56,56.72,7.3226,2026-05-26 15:55,54.13,session_close,14,1.28,0.02422,0.99,True,True
5m,early_hl_wide_3r,early-higher-low,W009,ELF,2026-05-27 11:05,58.985,57.1,64.64,9.5872,2026-05-27 15:05,57.65,time_exit,48,-1.335,-0.02263,-0.71,False,False
5m,early_hl_wide_3r,early-higher-low,W010,ELF,2026-05-28 11:00,56.64,55.89,58.89,3.9725,2026-05-28 15:00,56.46,time_exit,48,-0.18,-0.00318,-0.24,False,False
5m,early_hl_wide_3r,early-higher-low,W011,ELF,2026-05-29 12:05,56.68,56.16,58.24,2.7523,2026-05-29 13:05,56.16,stop,12,-0.52,-0.00917,-1.0,False,False
5m,early_hl_wide_3r,early-higher-low,W001,CAVA,2026-05-05 10:45,89.76,88.69,92.97,3.5762,2026-05-05 14:45,89.65,time_exit,48,-0.11,-0.00123,-0.1,False,False
5m,early_hl_wide_3r,early-higher-low,W003,CAVA,2026-05-14 10:55,74.855,72.83,80.93,8.1157,2026-05-14 14:55,76.14,time_exit,48,1.285,0.01717,0.63,True,True
5m,early_hl_wide_3r,early-higher-low,W004,CAVA,2026-05-15 11:50,76.12,75.13,79.09,3.9017,2026-05-15 15:50,76.76,time_exit,48,0.64,0.00841,0.65,True,False
5m,early_hl_wide_3r,early-higher-low,W005,CAVA,2026-05-18 15:40,79.47,78.51,82.35,3.624,2026-05-18 15:55,79.9,session_close,3,0.43,0.00541,0.45,True,False
5m,early_hl_wide_3r,early-higher-low,W006,CAVA,2026-05-21 15:35,80.835,78.69,87.27,7.9607,2026-05-21 15:55,81.28,session_close,4,0.445,0.00551,0.21,True,False
5m,early_hl_wide_3r,early-higher-low,W007,CAVA,2026-05-29 11:10,79.56,78.6,82.44,3.6199,2026-05-29 12:45,78.6,stop,19,-0.96,-0.01207,-1.0,False,False
5m,early_hl_wide_3r,early-higher-low,W001,HIMS,2026-05-01 12:10,27.52,26.93,29.29,6.4317,2026-05-01 15:55,27.39,session_close,45,-0.13,-0.00472,-0.22,False,False
5m,early_hl_wide_3r,early-higher-low,W002,HIMS,2026-05-04 15:35,27.34,26.93,28.57,4.4989,2026-05-04 15:55,27.26,session_close,4,-0.08,-0.00293,-0.2,False,False
5m,early_hl_wide_3r,early-higher-low,W003,HIMS,2026-05-05 14:45,26.33,26.08,27.08,2.8485,2026-05-05 15:55,26.3,session_close,14,-0.03,-0.00114,-0.12,False,False
5m,early_hl_wide_3r,early-higher-low,W004,HIMS,2026-05-06 15:10,26.8499,26.2,28.7996,7.2615,2026-05-06 15:55,26.88,session_close,9,0.0301,0.00112,0.05,True,False
5m,early_hl_wide_3r,early-higher-low,W005,HIMS,2026-05-08 11:25,26.35,25.84,27.88,5.8065,2026-05-08 15:25,27.66,time_exit,48,1.31,0.04972,2.57,True,True
5m,early_hl_wide_3r,early-higher-low,W007,HIMS,2026-05-11 12:55,29.32,28.55,31.63,7.8786,2026-05-11 15:55,29.15,session_close,36,-0.17,-0.0058,-0.22,False,False
5m,early_hl_wide_3r,early-higher-low,W008,HIMS,2026-05-13 13:25,24.265,23.6,26.26,8.2217,2026-05-13 15:55,24.14,session_close,30,-0.125,-0.00515,-0.19,False,False
5m,early_hl_wide_3r,early-higher-low,W009,HIMS,2026-05-14 11:45,23.95,23.26,26.02,8.643,2026-05-14 15:45,24.42,time_exit,48,0.47,0.01962,0.68,True,True
5m,early_hl_wide_3r,early-higher-low,W011,HIMS,2026-05-15 11:30,25.01,24.41,26.81,7.1971,2026-05-15 15:30,24.785,time_exit,48,-0.225,-0.009,-0.38,False,False
5m,early_hl_wide_3r,early-higher-low,W012,HIMS,2026-05-19 14:05,22.5101,22.07,23.8304,5.8654,2026-05-19 15:55,22.435,session_close,22,-0.0751,-0.00334,-0.17,False,False
5m,early_hl_wide_3r,early-higher-low,W013,HIMS,2026-05-20 15:10,22.94,22.34,24.74,7.8466,2026-05-20 15:55,23.025,session_close,9,0.085,0.00371,0.14,True,False
5m,early_hl_wide_3r,early-higher-low,W014,HIMS,2026-05-21 10:30,23.0,22.49,24.53,6.6522,2026-05-21 14:30,23.91,time_exit,48,0.91,0.03957,1.78,True,True
5m,early_hl_wide_3r,early-higher-low,W016,HIMS,2026-05-26 11:30,23.92,23.42,25.42,6.2709,2026-05-26 14:50,23.42,stop,40,-0.5,-0.0209,-1.0,False,False
5m,early_hl_wide_3r,early-higher-low,W017,HIMS,2026-05-27 12:20,25.03,24.59,26.35,5.2737,2026-05-27 15:55,25.19,session_close,43,0.16,0.00639,0.36,True,False
5m,early_hl_wide_3r,early-higher-low,W018,HIMS,2026-05-28 13:05,25.6101,25.18,26.9004,5.0382,2026-05-28 15:55,25.375,session_close,34,-0.2351,-0.00918,-0.55,False,False
5m,early_hl_wide_3r,early-higher-low,W019,HIMS,2026-05-29 14:10,26.19,25.59,27.99,6.8729,2026-05-29 15:55,26.16,end_of_data,21,-0.03,-0.00115,-0.05,False,False
5m,early_hl_wide_3r,early-higher-low,W001,DDOG,2026-05-01 13:05,140.81,136.28,154.4,9.6513,2026-05-01 15:55,140.53,session_close,34,-0.28,-0.00199,-0.06,False,False
5m,early_hl_wide_3r,early-higher-low,W002,DDOG,2026-05-04 14:55,145.375,144.19,148.93,2.4454,2026-05-04 15:55,146.73,session_close,12,1.355,0.00932,1.14,True,False
5m,early_hl_wide_3r,early-higher-low,W003,DDOG,2026-05-06 11:10,143.46,141.51,149.31,4.0778,2026-05-06 13:55,141.51,stop,33,-1.95,-0.01359,-1.0,False,False
5m,early_hl_wide_3r,early-higher-low,W004,DDOG,2026-05-08 14:05,195.585,189.82,212.88,8.8427,2026-05-08 15:55,200.14,session_close,22,4.555,0.02329,0.79,True,True
5m,early_hl_wide_3r,early-higher-low,W005,DDOG,2026-05-13 12:15,202.69,199.53,212.17,4.6771,2026-05-13 15:55,205.29,session_close,44,2.6,0.01283,0.82,True,True
5m,early_hl_wide_3r,early-higher-low,W006,DDOG,2026-05-14 13:40,202.74,198.79,214.59,5.8449,2026-05-14 15:55,202.79,session_close,27,0.05,0.00025,0.01,True,False
5m,early_hl_wide_3r,early-higher-low,W007,DDOG,2026-05-15 14:45,209.13,204.17,224.01,7.1152,2026-05-15 15:55,208.07,session_close,14,-1.06,-0.00507,-0.21,False,False
5m,early_hl_wide_3r,early-higher-low,W008,DDOG,2026-05-18 10:50,207.86,202.22,224.78,8.1401,2026-05-18 14:50,206.93,time_exit,48,-0.93,-0.00447,-0.16,False,False
5m,early_hl_wide_3r,early-higher-low,W009,DDOG,2026-05-21 15:10,217.3,213.85,227.65,4.763,2026-05-21 15:55,218.01,session_close,9,0.71,0.00327,0.21,True,False
5m,early_hl_wide_3r,early-higher-low,W010,DDOG,2026-05-26 12:10,224.745,219.55,240.33,6.9345,2026-05-26 15:55,223.63,session_close,45,-1.115,-0.00496,-0.21,False,False
5m,early_hl_wide_3r,early-higher-low,W011,DDOG,2026-05-27 10:40,226.08,218.74,248.1,9.7399,2026-05-27 14:40,221.195,time_exit,48,-4.885,-0.02161,-0.67,False,False
5m,early_hl_wide_3r,early-higher-low,W012,DDOG,2026-05-29 11:00,238.77,234.07,252.87,5.9053,2026-05-29 15:00,242.49,time_exit,48,3.72,0.01558,0.79,True,True
5m,early_hl_wide_3r,early-higher-low,W001,NET,2026-05-01 12:25,215.16,209.99,230.67,7.2086,2026-05-01 15:55,217.51,session_close,42,2.35,0.01092,0.45,True,True
5m,early_hl_wide_3r,early-higher-low,W002,NET,2026-05-04 11:20,221.805,216.39,238.05,7.324,2026-05-04 15:20,222.815,time_exit,48,1.01,0.00455,0.19,True,False
5m,early_hl_wide_3r,early-higher-low,W003,NET,2026-05-05 10:55,237.31,232.02,253.18,6.6875,2026-05-05 14:55,246.735,time_exit,48,9.425,0.03972,1.78,True,True
5m,early_hl_wide_3r,early-higher-low,W005,NET,2026-05-07 12:35,254.35,247.38,275.26,8.221,2026-05-07 15:55,257.05,session_close,40,2.7,0.01062,0.39,True,True
5m,early_hl_wide_3r,early-higher-low,W006,NET,2026-05-08 14:05,198.685,193.03,215.65,8.5386,2026-05-08 15:55,195.807,session_close,22,-2.878,-0.01449,-0.51,False,False
5m,early_hl_wide_3r,early-higher-low,W007,NET,2026-05-13 12:15,191.0,187.25,202.25,5.8901,2026-05-13 15:55,192.69,session_close,44,1.69,0.00885,0.45,True,False
5m,early_hl_wide_3r,early-higher-low,W008,NET,2026-05-14 11:55,199.855,196.51,209.89,5.0211,2026-05-14 15:55,199.76,time_exit,48,-0.095,-0.00048,-0.03,False,False
5m,early_hl_wide_3r,early-higher-low,W009,NET,2026-05-15 11:05,198.55,193.05,215.05,8.3103,2026-05-15 15:05,199.015,time_exit,48,0.465,0.00234,0.08,True,False
5m,early_hl_wide_3r,early-higher-low,W011,NET,2026-05-18 10:50,199.36,193.03,218.35,9.5255,2026-05-18 14:50,199.87,time_exit,48,0.51,0.00256,0.08,True,False
5m,early_hl_wide_3r,early-higher-low,W012,NET,2026-05-20 10:35,207.85,201.41,227.17,9.2952,2026-05-20 14:35,208.0,time_exit,48,0.15,0.00072,0.02,True,False
5m,early_hl_wide_3r,early-higher-low,W013,NET,2026-05-21 11:50,210.8,207.49,220.73,4.7106,2026-05-21 15:50,211.905,time_exit,48,1.105,0.00524,0.33,True,False
5m,early_hl_wide_3r,early-higher-low,W014,NET,2026-05-22 15:10,215.0,213.4,219.8,2.2326,2026-05-22 15:55,216.32,session_close,9,1.32,0.00614,0.83,True,False
5m,early_hl_wide_3r,early-higher-low,W015,NET,2026-05-26 15:05,218.8,216.91,224.47,2.5914,2026-05-26 15:55,217.55,session_close,10,-1.25,-0.00571,-0.66,False,False
5m,early_hl_wide_3r,early-higher-low,W016,NET,2026-05-27 10:40,214.8,206.96,238.32,10.9497,2026-05-27 14:40,212.91,time_exit,48,-1.89,-0.0088,-0.24,False,False
5m,early_hl_wide_3r,early-higher-low,W017,NET,2026-05-28 10:50,224.255,219.85,237.47,5.8929,2026-05-28 14:50,226.23,time_exit,48,1.975,0.00881,0.45,True,False
5m,early_hl_wide_3r,early-higher-low,W018,NET,2026-05-29 11:00,233.9,227.4,253.4,8.3369,2026-05-29 15:00,237.12,time_exit,48,3.22,0.01377,0.5,True,True
5m,early_hl_wide_3r,early-higher-low,W001,CRWD,2026-05-04 10:55,470.525,459.69,503.03,6.9082,2026-05-04 14:55,468.1166,time_exit,48,-2.4084,-0.00512,-0.22,False,False
5m,early_hl_wide_3r,early-higher-low,W002,CRWD,2026-05-05 12:30,478.785,464.27,522.33,9.0949,2026-05-05 15:55,476.42,session_close,41,-2.365,-0.00494,-0.16,False,False
5m,early_hl_wide_3r,early-higher-low,W003,CRWD,2026-05-06 11:35,468.2,455.17,507.29,8.349,2026-05-06 15:35,468.035,time_exit,48,-0.165,-0.00035,-0.01,False,False
5m,early_hl_wide_3r,early-higher-low,W004,CRWD,2026-05-07 12:30,500.49,488.88,535.32,6.9592,2026-05-07 15:55,505.7,session_close,41,5.21,0.01041,0.45,True,True
5m,early_hl_wide_3r,early-higher-low,W005,CRWD,2026-05-12 10:45,547.2,532.52,591.24,8.0483,2026-05-12 14:45,548.64,time_exit,48,1.44,0.00263,0.1,True,False
5m,early_hl_wide_3r,early-higher-low,W007,CRWD,2026-05-14 13:40,579.0565,564.05,624.0761,7.7746,2026-05-14 15:55,579.79,session_close,27,0.7335,0.00127,0.05,True,False
5m,early_hl_wide_3r,early-higher-low,W008,CRWD,2026-05-15 14:45,595.085,580.7,638.2401,7.2519,2026-05-15 15:55,594.33,session_close,14,-0.755,-0.00127,-0.05,False,False
5m,early_hl_wide_3r,early-higher-low,W009,CRWD,2026-05-18 10:50,603.48,593.23,634.2299,5.0954,2026-05-18 14:50,609.765,time_exit,48,6.285,0.01041,0.61,True,True
5m,early_hl_wide_3r,early-higher-low,W010,CRWD,2026-05-18 15:10,615.83,602.81,654.8901,6.3427,2026-05-18 15:55,619.09,session_close,9,3.26,0.00529,0.25,True,False
5m,early_hl_wide_3r,early-higher-low,W011,CRWD,2026-05-22 13:30,667.692,661.18,687.2281,2.9259,2026-05-22 15:45,661.18,stop,27,-6.512,-0.00975,-1.0,False,False
5m,early_hl_wide_3r,early-higher-low,W012,CRWD,2026-05-28 15:15,672.27,656.63,719.1901,6.9793,2026-05-28 15:55,671.0,session_close,8,-1.27,-0.00189,-0.08,False,False
5m,early_hl_wide_3r,early-higher-low,W013,CRWD,2026-05-29 11:00,715.285,701.04,758.0199,5.9745,2026-05-29 15:00,726.0551,time_exit,48,10.7701,0.01506,0.76,True,True
5m,early_hl_wide_3r,early-higher-low,W001,SNOW,2026-05-04 10:15,145.135,140.79,158.17,8.9813,2026-05-04 14:15,145.345,time_exit,48,0.21,0.00145,0.05,True,False
5m,early_hl_wide_3r,early-higher-low,W003,SNOW,2026-05-06 11:00,138.73,135.52,148.36,6.9415,2026-05-06 15:00,138.89,time_exit,48,0.16,0.00115,0.05,True,False
5m,early_hl_wide_3r,early-higher-low,W004,SNOW,2026-05-08 14:10,151.74,149.32,159.0,4.7845,2026-05-08 15:55,152.4,session_close,21,0.66,0.00435,0.27,True,False
5m,early_hl_wide_3r,early-higher-low,W005,SNOW,2026-05-15 11:30,157.47,154.07,167.67,6.4774,2026-05-15 15:30,157.455,time_exit,48,-0.015,-0.0001,-0.0,False,False
5m,early_hl_wide_3r,early-higher-low,W006,SNOW,2026-05-18 14:35,164.345,161.67,172.37,4.883,2026-05-18 15:55,164.24,session_close,16,-0.105,-0.00064,-0.04,False,False
5m,early_hl_wide_3r,early-higher-low,W007,SNOW,2026-05-21 10:45,163.65,160.58,172.86,5.6279,2026-05-21 14:45,164.92,time_exit,48,1.27,0.00776,0.41,True,False
5m,early_hl_wide_3r,early-higher-low,W008,SNOW,2026-05-21 15:05,164.35,162.08,171.16,4.1436,2026-05-21 15:55,165.54,session_close,10,1.19,0.00724,0.52,True,False
5m,early_hl_wide_3r,early-higher-low,W009,SNOW,2026-05-28 11:00,235.64,228.34,257.54,9.2938,2026-05-28 15:00,243.66,time_exit,48,8.02,0.03403,1.1,True,True
5m,early_hl_wide_3r,early-higher-low,W011,SNOW,2026-05-29 12:40,247.39,240.93,266.77,7.8338,2026-05-29 15:55,255.37,end_of_data,39,7.98,0.03226,1.24,True,True
5m,early_hl_wide_3r,early-higher-low,W001,MDB,2026-05-04 10:55,267.06,261.12,284.88,6.6727,2026-05-04 14:55,264.79,time_exit,48,-2.27,-0.0085,-0.38,False,False
5m,early_hl_wide_3r,early-higher-low,W002,MDB,2026-05-06 15:20,266.2,262.13,278.41,4.5868,2026-05-06 15:55,265.41,session_close,7,-0.79,-0.00297,-0.19,False,False
5m,early_hl_wide_3r,early-higher-low,W003,MDB,2026-05-07 10:50,303.31,291.54,338.62,11.6416,2026-05-07 13:25,291.54,stop,31,-11.77,-0.03881,-1.0,False,False
5m,early_hl_wide_3r,early-higher-low,W004,MDB,2026-05-08 14:05,298.12,291.78,317.14,6.38,2026-05-08 15:55,299.645,session_close,22,1.525,0.00512,0.24,True,False
5m,early_hl_wide_3r,early-higher-low,W005,MDB,2026-05-12 10:45,314.605,305.1,343.12,9.0638,2026-05-12 14:45,309.32,time_exit,48,-5.285,-0.0168,-0.56,False,False
5m,early_hl_wide_3r,early-higher-low,W006,MDB,2026-05-14 13:45,301.13,296.87,313.91,4.244,2026-05-14 15:55,303.15,session_close,26,2.02,0.00671,0.47,True,False
5m,early_hl_wide_3r,early-higher-low,W007,MDB,2026-05-15 12:10,311.695,307.49,324.31,4.0472,2026-05-15 15:55,312.14,session_close,45,0.445,0.00143,0.11,True,False
5m,early_hl_wide_3r,early-higher-low,W008,MDB,2026-05-18 15:10,336.27,332.46,347.7,3.399,2026-05-18 15:50,332.46,stop,8,-3.81,-0.01133,-1.0,False,False
5m,early_hl_wide_3r,early-higher-low,W009,MDB,2026-05-21 15:10,318.22,314.88,328.24,3.1488,2026-05-21 15:55,317.44,session_close,9,-0.78,-0.00245,-0.23,False,False
5m,early_hl_wide_3r,early-higher-low,W010,MDB,2026-05-28 15:35,331.44,325.26,349.98,5.5938,2026-05-28 15:50,325.26,stop,3,-6.18,-0.01865,-1.0,False,False
5m,early_hl_wide_3r,early-higher-low,W011,MDB,2026-05-29 15:10,324.87,309.79,370.11,13.9256,2026-05-29 15:55,335.58,end_of_data,9,10.71,0.03297,0.71,True,True
5m,early_hl_wide_3r,early-higher-low,W001,SHOP,2026-05-04 11:55,127.34,124.47,135.95,6.7614,2026-05-04 15:55,127.58,time_exit,48,0.24,0.00188,0.08,True,False
5m,early_hl_wide_3r,early-higher-low,W002,SHOP,2026-05-07 12:15,110.335,108.54,115.72,4.8806,2026-05-07 12:55,108.54,stop,8,-1.795,-0.01627,-1.0,False,False
5m,early_hl_wide_3r,early-higher-low,W003,SHOP,2026-05-14 11:55,96.15,93.97,102.69,6.8019,2026-05-14 15:55,97.415,time_exit,48,1.265,0.01316,0.58,True,True
5m,early_hl_wide_3r,early-higher-low,W004,SHOP,2026-05-15 12:00,99.93,98.42,104.46,4.5332,2026-05-15 15:55,100.29,session_close,47,0.36,0.0036,0.24,True,False
5m,early_hl_wide_3r,early-higher-low,W005,SHOP,2026-05-18 15:40,102.1,100.83,105.91,3.7316,2026-05-18 15:55,102.37,session_close,3,0.27,0.00264,0.21,True,False
5m,early_hl_wide_3r,early-higher-low,W006,SHOP,2026-05-20 10:25,101.72,99.95,107.03,5.2202,2026-05-20 14:25,104.63,time_exit,48,2.91,0.02861,1.64,True,True
5m,early_hl_wide_3r,early-higher-low,W007,SHOP,2026-05-21 13:05,103.55,101.39,110.03,6.2579,2026-05-21 15:55,104.83,session_close,34,1.28,0.01236,0.59,True,True
5m,early_hl_wide_3r,early-higher-low,W008,SHOP,2026-05-29 11:55,118.93,117.54,123.1,3.5063,2026-05-29 15:55,118.8,time_exit,48,-0.13,-0.00109,-0.09,False,False
5m,early_hl_wide_3r,early-higher-low,W001,SE,2026-05-11 14:00,83.76,81.81,89.61,6.9842,2026-05-11 15:55,84.905,session_close,23,1.145,0.01367,0.59,True,True
5m,early_hl_wide_3r,early-higher-low,W002,SE,2026-05-12 10:15,93.85,91.79,100.03,6.585,2026-05-12 14:15,96.81,time_exit,48,2.96,0.03154,1.44,True,True
5m,early_hl_wide_3r,early-higher-low,W003,SE,2026-05-12 15:30,96.905,93.98,105.68,9.0553,2026-05-12 15:55,95.98,session_close,5,-0.925,-0.00955,-0.32,False,False
5m,early_hl_wide_3r,early-higher-low,W004,SE,2026-05-15 11:25,89.86,87.56,96.76,7.6786,2026-05-15 15:25,87.93,time_exit,48,-1.93,-0.02148,-0.84,False,False
5m,early_hl_wide_3r,early-higher-low,W005,SE,2026-05-21 15:10,87.7,86.47,91.39,4.2075,2026-05-21 15:55,88.92,session_close,9,1.22,0.01391,0.99,True,True
5m,early_hl_wide_3r,early-higher-low,W006,SE,2026-05-26 10:40,90.295,88.03,97.09,7.5253,2026-05-26 14:40,89.11,time_exit,48,-1.185,-0.01312,-0.52,False,False
5m,early_hl_wide_3r,early-higher-low,W007,SE,2026-05-29 10:40,90.94,88.92,97.0,6.6637,2026-05-29 14:40,91.03,time_exit,48,0.09,0.00099,0.04,True,False
5m,early_hl_wide_3r,early-higher-low,W001,MELI,2026-05-01 12:40,1837.88,1804.83,1937.03,5.3948,2026-05-01 15:55,1849.5699,session_close,39,11.6899,0.00636,0.35,True,False
5m,early_hl_wide_3r,early-higher-low,W002,MELI,2026-05-04 12:00,1843.24,1817.14,1921.54,4.248,2026-05-04 15:50,1817.14,stop,46,-26.1,-0.01416,-1.0,False,False
5m,early_hl_wide_3r,early-higher-low,W003,MELI,2026-05-05 13:35,1804.0201,1769.38,1907.9406,5.7605,2026-05-05 15:55,1816.85,session_close,28,12.8298,0.00711,0.37,True,False
5m,early_hl_wide_3r,early-higher-low,W004,MELI,2026-05-06 11:05,1854.0699,1822.24,1949.5598,5.1503,2026-05-06 15:05,1837.425,time_exit,48,-16.6449,-0.00898,-0.52,False,False
5m,early_hl_wide_3r,early-higher-low,W005,MELI,2026-05-07 10:45,1878.45,1847.58,1971.0598,4.9301,2026-05-07 12:20,1847.58,stop,19,-30.87,-0.01643,-1.0,False,False
5m,early_hl_wide_3r,early-higher-low,W008,MELI,2026-05-13 12:40,1536.99,1499.23,1650.27,7.3702,2026-05-13 15:55,1562.1074,session_close,39,25.1174,0.01634,0.67,True,True
5m,early_hl_wide_3r,early-higher-low,W009,MELI,2026-05-14 15:15,1605.52,1575.58,1695.3401,5.5945,2026-05-14 15:55,1607.45,session_close,8,1.9299,0.0012,0.06,True,False
5m,early_hl_wide_3r,early-higher-low,W010,MELI,2026-05-21 12:55,1654.74,1638.5,1703.46,2.9443,2026-05-21 15:55,1678.01,session_close,36,23.27,0.01406,1.43,True,True
5m,early_hl_wide_3r,early-higher-low,W011,MELI,2026-05-28 14:45,1696.17,1675.86,1757.1002,3.5922,2026-05-28 15:55,1694.85,session_close,14,-1.3201,-0.00078,-0.06,False,False
5m,early_hl_wide_3r,early-higher-low,W001,NU,2026-05-12 10:45,13.47,13.34,13.86,2.8953,2026-05-12 14:45,13.38,time_exit,48,-0.09,-0.00668,-0.69,False,False
5m,early_hl_wide_3r,early-higher-low,W002,NU,2026-05-14 15:00,13.035,12.89,13.47,3.3372,2026-05-14 15:55,12.89,stop,11,-0.145,-0.01112,-1.0,False,False
5m,early_hl_wide_3r,early-higher-low,W003,NU,2026-05-15 13:05,12.245,12.04,12.86,5.0225,2026-05-15 15:55,12.15,session_close,34,-0.095,-0.00776,-0.46,False,False
5m,early_hl_wide_3r,early-higher-low,W005,NU,2026-05-19 11:00,12.265,12.1,12.76,4.0359,2026-05-19 15:00,12.225,time_exit,48,-0.04,-0.00326,-0.24,False,False
5m,early_hl_wide_3r,early-higher-low,W007,NU,2026-05-20 11:00,12.595,12.46,13.0,3.2156,2026-05-20 15:00,12.75,time_exit,48,0.155,0.01231,1.15,True,True
5m,early_hl_wide_3r,early-higher-low,W008,NU,2026-05-21 15:10,13.1701,12.83,14.1904,7.7471,2026-05-21 15:55,13.165,session_close,9,-0.0051,-0.00039,-0.01,False,False
5m,early_hl_wide_3r,early-higher-low,W009,NU,2026-05-27 11:20,13.105,12.89,13.75,4.9218,2026-05-27 15:20,13.105,time_exit,48,0.0,0.0,0.0,False,False
5m,early_hl_wide_3r,early-higher-low,W010,NU,2026-05-29 12:50,13.13,13.0,13.52,2.9703,2026-05-29 15:55,13.13,end_of_data,37,0.0,0.0,0.0,False,False
5m,early_hl_wide_3r,early-higher-low,W001,TOST,2026-05-04 10:55,30.21,29.53,32.25,6.7527,2026-05-04 12:00,29.53,stop,13,-0.68,-0.02251,-1.0,False,False
5m,early_hl_wide_3r,early-higher-low,W002,TOST,2026-05-05 12:15,28.865,28.7,29.36,1.7149,2026-05-05 12:45,28.7,stop,6,-0.165,-0.00572,-1.0,False,False
5m,early_hl_wide_3r,early-higher-low,W003,TOST,2026-05-07 13:10,29.5,28.94,31.18,5.6949,2026-05-07 15:55,29.355,session_close,33,-0.145,-0.00492,-0.26,False,False
5m,early_hl_wide_3r,early-higher-low,W004,TOST,2026-05-11 14:55,24.375,24.02,25.44,4.3692,2026-05-11 15:55,24.18,session_close,12,-0.195,-0.008,-0.55,False,False
5m,early_hl_wide_3r,early-higher-low,W005,TOST,2026-05-14 13:05,23.155,22.69,24.55,6.0246,2026-05-14 15:55,23.07,session_close,34,-0.085,-0.00367,-0.18,False,False
5m,early_hl_wide_3r,early-higher-low,W006,TOST,2026-05-19 15:25,23.29,22.57,25.45,9.2744,2026-05-19 15:55,23.24,session_close,6,-0.05,-0.00215,-0.07,False,False
5m,early_hl_wide_3r,early-higher-low,W007,TOST,2026-05-20 10:50,23.36,22.87,24.83,6.2928,2026-05-20 14:50,23.405,time_exit,48,0.045,0.00193,0.09,True,False
5m,early_hl_wide_3r,early-higher-low,W008,TOST,2026-05-21 15:40,23.025,22.78,23.76,3.1922,2026-05-21 15:55,23.04,session_close,3,0.015,0.00065,0.06,True,False
5m,early_hl_wide_3r,early-higher-low,W009,TOST,2026-05-22 10:45,23.295,23.01,24.15,3.6703,2026-05-22 14:45,23.195,time_exit,48,-0.1,-0.00429,-0.35,False,False
5m,early_hl_wide_3r,early-higher-low,W010,TOST,2026-05-26 13:15,23.655,23.2,25.02,5.7705,2026-05-26 15:55,23.325,session_close,32,-0.33,-0.01395,-0.73,False,False
5m,early_hl_wide_3r,early-higher-low,W011,TOST,2026-05-27 11:35,24.825,24.19,26.73,7.6737,2026-05-27 15:35,24.405,time_exit,48,-0.42,-0.01692,-0.66,False,False
5m,early_hl_wide_3r,early-higher-low,W012,TOST,2026-05-29 12:40,26.0637,25.52,27.6948,6.2581,2026-05-29 15:55,26.03,end_of_data,39,-0.0337,-0.00129,-0.06,False,False
5m,early_hl_wide_3r,early-higher-low,W001,RBLX,2026-05-01 13:00,45.7223,43.98,50.9492,11.4318,2026-05-01 15:55,45.12,session_close,35,-0.6023,-0.01317,-0.35,False,False
5m,early_hl_wide_3r,early-higher-low,W002,RBLX,2026-05-04 11:55,47.87,47.26,49.7,3.8228,2026-05-04 15:55,47.61,time_exit,48,-0.26,-0.00543,-0.43,False,False
5m,early_hl_wide_3r,early-higher-low,W003,RBLX,2026-05-07 12:35,45.27,44.69,47.01,3.8436,2026-05-07 14:40,44.69,stop,25,-0.58,-0.01281,-1.0,False,False
5m,early_hl_wide_3r,early-higher-low,W004,RBLX,2026-05-11 13:50,41.96,41.02,44.78,6.7207,2026-05-11 15:55,41.31,session_close,25,-0.65,-0.01549,-0.69,False,False
5m,early_hl_wide_3r,early-higher-low,W005,RBLX,2026-05-13 15:15,42.05,41.25,44.45,5.7075,2026-05-13 15:55,41.95,session_close,8,-0.1,-0.00238,-0.12,False,False
5m,early_hl_wide_3r,early-higher-low,W006,RBLX,2026-05-14 13:10,43.15,42.4,45.4,5.2144,2026-05-14 15:55,43.71,session_close,33,0.56,0.01298,0.75,True,True
5m,early_hl_wide_3r,early-higher-low,W007,RBLX,2026-05-15 14:45,42.85,42.52,43.84,2.3104,2026-05-15 15:10,42.52,stop,5,-0.33,-0.0077,-1.0,False,False
5m,early_hl_wide_3r,early-higher-low,W008,RBLX,2026-05-18 12:00,47.2,46.27,49.99,5.911,2026-05-18 15:55,46.965,session_close,47,-0.235,-0.00498,-0.25,False,False
5m,early_hl_wide_3r,early-higher-low,W009,RBLX,2026-05-19 14:25,44.94,43.66,48.78,8.5447,2026-05-19 15:55,44.44,session_close,18,-0.5,-0.01113,-0.39,False,False
5m,early_hl_wide_3r,early-higher-low,W010,RBLX,2026-05-21 11:00,46.62,45.77,49.17,5.4697,2026-05-21 15:00,46.6,time_exit,48,-0.02,-0.00043,-0.02,False,False
5m,early_hl_wide_3r,early-higher-low,W011,RBLX,2026-05-21 15:35,46.425,45.98,47.76,2.8756,2026-05-21 15:55,45.98,stop,4,-0.445,-0.00959,-1.0,False,False
5m,early_hl_wide_3r,early-higher-low,W012,RBLX,2026-05-22 15:10,47.82,46.76,51.0,6.6499,2026-05-22 15:55,48.2,session_close,9,0.38,0.00795,0.36,True,False
5m,early_hl_wide_3r,early-higher-low,W013,RBLX,2026-05-26 13:40,46.01,45.58,47.3,2.8037,2026-05-26 15:55,46.0,session_close,27,-0.01,-0.00022,-0.02,False,False
5m,early_hl_wide_3r,early-higher-low,W014,RBLX,2026-05-27 11:35,46.552,45.69,49.138,5.5551,2026-05-27 15:35,46.04,time_exit,48,-0.512,-0.011,-0.59,False,False
5m,early_hl_wide_3r,early-higher-low,W015,RBLX,2026-05-29 10:40,46.65,46.26,47.82,2.508,2026-05-29 11:10,47.82,target,6,1.17,0.02508,3.0,True,True
5m,early_hl_wide_3r,early-higher-low,W001,U,2026-05-04 11:15,27.53,26.87,29.51,7.1922,2026-05-04 15:15,27.985,time_exit,48,0.455,0.01653,0.69,True,True
5m,early_hl_wide_3r,early-higher-low,W002,U,2026-05-04 15:25,28.01,27.52,29.48,5.2481,2026-05-04 15:55,27.74,session_close,6,-0.27,-0.00964,-0.55,False,False
5m,early_hl_wide_3r,early-higher-low,W003,U,2026-05-06 11:10,27.05,26.52,28.64,5.878,2026-05-06 15:10,27.07,time_exit,48,0.02,0.00074,0.04,True,False
5m,early_hl_wide_3r,early-higher-low,W004,U,2026-05-06 15:25,27.31,26.77,28.93,5.9319,2026-05-06 15:55,27.28,session_close,6,-0.03,-0.0011,-0.06,False,False
5m,early_hl_wide_3r,early-higher-low,W005,U,2026-05-08 11:30,27.825,26.89,30.63,10.0809,2026-05-08 15:30,27.88,time_exit,48,0.055,0.00198,0.06,True,False
5m,early_hl_wide_3r,early-higher-low,W007,U,2026-05-12 11:15,27.18,26.78,28.38,4.415,2026-05-12 12:05,26.78,stop,10,-0.4,-0.01472,-1.0,False,False
5m,early_hl_wide_3r,early-higher-low,W008,U,2026-05-13 13:10,26.765,26.2,28.46,6.3329,2026-05-13 15:55,26.885,session_close,33,0.12,0.00448,0.21,True,False
5m,early_hl_wide_3r,early-higher-low,W009,U,2026-05-14 10:55,27.36,26.41,30.21,10.4167,2026-05-14 14:55,27.5959,time_exit,48,0.2359,0.00862,0.25,True,False
5m,early_hl_wide_3r,early-higher-low,W010,U,2026-05-15 13:30,27.58,26.95,29.47,6.8528,2026-05-15 15:55,27.17,session_close,29,-0.41,-0.01487,-0.65,False,False
5m,early_hl_wide_3r,early-higher-low,W011,U,2026-05-20 12:50,26.37,26.08,27.24,3.2992,2026-05-20 14:50,26.08,stop,24,-0.29,-0.011,-1.0,False,False
5m,early_hl_wide_3r,early-higher-low,W012,U,2026-05-26 11:15,27.325,27.02,28.24,3.3486,2026-05-26 12:30,27.02,stop,15,-0.305,-0.01116,-1.0,False,False
5m,early_hl_wide_3r,early-higher-low,W001,DKNG,2026-05-05 13:20,23.88,23.15,26.07,9.1708,2026-05-05 15:55,24.17,session_close,31,0.29,0.01214,0.4,True,True
5m,early_hl_wide_3r,early-higher-low,W002,DKNG,2026-05-06 14:25,24.525,24.04,25.98,5.9327,2026-05-06 15:00,24.04,stop,7,-0.485,-0.01978,-1.0,False,False
5m,early_hl_wide_3r,early-higher-low,W003,DKNG,2026-05-07 12:20,25.0,24.81,25.57,2.28,2026-05-07 13:20,24.81,stop,12,-0.19,-0.0076,-1.0,False,False
5m,early_hl_wide_3r,early-higher-low,W004,DKNG,2026-05-12 11:50,25.49,25.1,26.66,4.59,2026-05-12 12:45,25.1,stop,11,-0.39,-0.0153,-1.0,False,False
5m,early_hl_wide_3r,early-higher-low,W006,DKNG,2026-05-15 12:35,24.91,24.5,26.14,4.9378,2026-05-15 15:55,25.01,session_close,40,0.1,0.00401,0.24,True,False
5m,early_hl_wide_3r,early-higher-low,W007,DKNG,2026-05-18 12:45,25.69,25.32,26.8,4.3208,2026-05-18 15:55,25.785,session_close,38,0.095,0.0037,0.26,True,False
5m,early_hl_wide_3r,early-higher-low,W008,DKNG,2026-05-20 12:10,25.065,24.74,26.04,3.8899,2026-05-20 15:55,25.015,session_close,45,-0.05,-0.00199,-0.15,False,False
5m,early_hl_wide_3r,early-higher-low,W009,DKNG,2026-05-21 15:20,25.465,24.99,26.89,5.5959,2026-05-21 15:55,25.425,session_close,7,-0.04,-0.00157,-0.08,False,False
5m,early_hl_wide_3r,early-higher-low,W010,DKNG,2026-05-27 11:40,25.2,24.69,26.73,6.0714,2026-05-27 15:40,25.295,time_exit,48,0.095,0.00377,0.19,True,False
5m,early_hl_wide_3r,early-higher-low,W001,RDDT,2026-05-01 14:00,168.06,163.27,182.43,8.5505,2026-05-01 15:55,166.5,session_close,23,-1.56,-0.00928,-0.33,False,False
5m,early_hl_wide_3r,early-higher-low,W002,RDDT,2026-05-05 12:15,173.81,169.15,187.79,8.0433,2026-05-05 14:20,169.15,stop,25,-4.66,-0.02681,-1.0,False,False
5m,early_hl_wide_3r,early-higher-low,W003,RDDT,2026-05-06 13:40,166.75,165.17,171.49,2.8426,2026-05-06 15:55,165.17,stop,27,-1.58,-0.00948,-1.0,False,False
5m,early_hl_wide_3r,early-higher-low,W004,RDDT,2026-05-11 13:35,160.52,157.74,168.86,5.1956,2026-05-11 15:55,159.59,session_close,28,-0.93,-0.00579,-0.33,False,False
5m,early_hl_wide_3r,early-higher-low,W005,RDDT,2026-05-14 13:10,155.87,151.63,168.59,8.1606,2026-05-14 15:55,156.24,session_close,33,0.37,0.00237,0.09,True,False
5m,early_hl_wide_3r,early-higher-low,W006,RDDT,2026-05-15 11:20,157.36,152.37,172.33,9.5132,2026-05-15 15:20,157.43,time_exit,48,0.07,0.00044,0.01,True,False
5m,early_hl_wide_3r,early-higher-low,W007,RDDT,2026-05-15 15:40,158.425,155.83,166.21,4.914,2026-05-15 15:55,158.17,session_close,3,-0.255,-0.00161,-0.1,False,False
5m,early_hl_wide_3r,early-higher-low,W008,RDDT,2026-05-18 12:10,159.41,156.31,168.71,5.834,2026-05-18 12:45,156.31,stop,7,-3.1,-0.01945,-1.0,False,False
5m,early_hl_wide_3r,early-higher-low,W009,RDDT,2026-05-20 14:20,145.58,143.19,152.75,4.9251,2026-05-20 15:55,146.73,session_close,19,1.15,0.0079,0.48,True,False
5m,early_hl_wide_3r,early-higher-low,W010,RDDT,2026-05-21 11:30,150.125,147.41,158.27,5.4255,2026-05-21 15:30,150.215,time_exit,48,0.09,0.0006,0.03,True,False
5m,early_hl_wide_3r,early-higher-low,W011,RDDT,2026-05-26 12:05,144.21,142.99,147.87,2.538,2026-05-26 14:50,142.99,stop,33,-1.22,-0.00846,-1.0,False,False
5m,early_hl_wide_3r,early-higher-low,W012,RDDT,2026-05-27 12:20,154.31,152.87,158.63,2.7996,2026-05-27 13:15,152.87,stop,11,-1.44,-0.00933,-1.0,False,False
5m,early_hl_wide_3r,early-higher-low,W013,RDDT,2026-05-28 11:55,159.34,157.02,166.3,4.368,2026-05-28 15:25,166.3,target,42,6.96,0.04368,3.0,True,True
5m,early_hl_wide_3r,early-higher-low,W014,RDDT,2026-05-29 12:40,174.815,172.13,182.87,4.6077,2026-05-29 15:55,175.86,end_of_data,39,1.045,0.00598,0.39,True,False
5m,early_hl_wide_3r,early-higher-low,W001,CART,2026-05-04 15:10,43.55,42.83,45.71,4.9598,2026-05-04 15:55,43.29,session_close,9,-0.26,-0.00597,-0.36,False,False
5m,early_hl_wide_3r,early-higher-low,W002,CART,2026-05-05 14:50,43.89,43.31,45.63,3.9645,2026-05-05 15:55,43.73,session_close,13,-0.16,-0.00365,-0.28,False,False
5m,early_hl_wide_3r,early-higher-low,W003,CART,2026-05-11 12:05,40.93,39.97,43.81,7.0364,2026-05-11 15:55,40.4,session_close,46,-0.53,-0.01295,-0.55,False,False
5m,early_hl_wide_3r,early-higher-low,W004,CART,2026-05-12 15:05,39.355,38.91,40.69,3.3922,2026-05-12 15:35,38.91,stop,6,-0.445,-0.01131,-1.0,False,False
5m,early_hl_wide_3r,early-higher-low,W005,CART,2026-05-15 15:10,39.71,39.09,41.57,4.684,2026-05-15 15:55,39.71,session_close,9,0.0,0.0,0.0,False,False
5m,early_hl_wide_3r,early-higher-low,W006,CART,2026-05-18 15:15,40.74,40.34,41.94,2.9455,2026-05-18 15:55,40.97,session_close,8,0.23,0.00565,0.57,True,False
5m,early_hl_wide_3r,early-higher-low,W007,CART,2026-05-22 11:15,41.29,40.88,42.52,2.9789,2026-05-22 13:20,40.88,stop,25,-0.41,-0.00993,-1.0,False,False
5m,early_hl_wide_3r,early-higher-low,W001,SOFI,2026-05-01 12:15,16.305,15.88,17.58,7.8197,2026-05-01 15:55,16.44,session_close,44,0.135,0.00828,0.32,True,False
5m,early_hl_wide_3r,early-higher-low,W002,SOFI,2026-05-05 12:10,16.115,15.91,16.73,3.8163,2026-05-05 15:55,16.03,session_close,45,-0.085,-0.00527,-0.41,False,False
5m,early_hl_wide_3r,early-higher-low,W003,SOFI,2026-05-11 11:05,16.03,15.77,16.81,4.8659,2026-05-11 15:05,16.215,time_exit,48,0.185,0.01154,0.71,True,True
5m,early_hl_wide_3r,early-higher-low,W005,SOFI,2026-05-12 15:35,15.8884,15.62,16.6936,5.0678,2026-05-12 15:55,15.9,session_close,4,0.0116,0.00073,0.04,True,False
5m,early_hl_wide_3r,early-higher-low,W006,SOFI,2026-05-14 12:45,15.755,15.39,16.85,6.9502,2026-05-14 15:55,16.02,session_close,38,0.265,0.01682,0.73,True,True
5m,early_hl_wide_3r,early-higher-low,W008,SOFI,2026-05-15 15:10,15.715,15.37,16.75,6.5861,2026-05-15 15:55,15.59,session_close,9,-0.125,-0.00795,-0.36,False,False
5m,early_hl_wide_3r,early-higher-low,W009,SOFI,2026-05-19 15:10,15.3093,14.94,16.4172,7.2368,2026-05-19 15:55,15.215,session_close,9,-0.0943,-0.00616,-0.26,False,False
5m,early_hl_wide_3r,early-higher-low,W010,SOFI,2026-05-20 10:55,15.575,15.15,16.85,8.1862,2026-05-20 14:55,15.525,time_exit,48,-0.05,-0.00321,-0.12,False,False
5m,early_hl_wide_3r,early-higher-low,W011,SOFI,2026-05-21 11:00,15.535,15.36,16.06,3.3795,2026-05-21 12:50,15.36,stop,22,-0.175,-0.01126,-1.0,False,False
5m,early_hl_wide_3r,early-higher-low,W013,SOFI,2026-05-22 14:15,15.615,15.46,16.08,2.9779,2026-05-22 15:55,15.62,session_close,20,0.005,0.00032,0.03,True,False
5m,early_hl_wide_3r,early-higher-low,W014,SOFI,2026-05-28 10:50,16.49,16.05,17.81,8.0048,2026-05-28 14:50,17.0,time_exit,48,0.51,0.03093,1.16,True,True
5m,early_hl_wide_3r,early-higher-low,W016,SOFI,2026-05-29 11:35,18.505,17.82,20.56,11.1051,2026-05-29 15:35,18.105,time_exit,48,-0.4,-0.02162,-0.58,False,False
5m,early_hl_wide_3r,early-higher-low,W001,UWM,2026-05-01 11:15,58.5,57.39,61.83,5.6923,2026-05-01 15:40,58.92,time_exit,48,0.42,0.00718,0.38,True,False
5m,early_hl_wide_3r,early-higher-low,W002,UWM,2026-05-08 15:10,60.65,59.89,62.93,3.7593,2026-05-08 15:55,60.74,session_close,9,0.09,0.00148,0.12,True,False
5m,early_hl_wide_3r,early-higher-low,W003,UWM,2026-05-14 13:40,60.825,59.46,64.92,6.7324,2026-05-14 15:55,60.79,session_close,25,-0.035,-0.00058,-0.03,False,False
5m,early_hl_wide_3r,early-higher-low,W004,UWM,2026-05-18 15:40,57.11,56.08,60.2,5.4106,2026-05-18 15:55,57.17,session_close,3,0.06,0.00105,0.06,True,False
5m,early_hl_wide_3r,early-higher-low,W005,UWM,2026-05-19 15:10,56.39,55.7,58.46,3.6709,2026-05-19 15:55,55.98,session_close,9,-0.41,-0.00727,-0.59,False,False
5m,early_hl_wide_3r,early-higher-low,W006,UWM,2026-05-20 12:40,58.19,57.43,60.47,3.9182,2026-05-20 15:55,58.76,session_close,38,0.57,0.0098,0.75,True,False
5m,early_hl_wide_3r,early-higher-low,W007,UWM,2026-05-21 15:10,59.89,58.5,64.06,6.9628,2026-05-21 15:55,59.83,session_close,9,-0.06,-0.001,-0.04,False,False
5m,early_hl_wide_3r,early-higher-low,W008,UWM,2026-05-22 11:20,60.71,60.06,62.66,3.212,2026-05-22 15:30,60.8,time_exit,48,0.09,0.00148,0.14,True,False
5m,early_hl_wide_3r,early-higher-low,W009,UWM,2026-05-27 10:40,63.39,62.4,66.36,4.6853,2026-05-27 14:40,63.3,time_exit,48,-0.09,-0.00142,-0.09,False,False
5m,early_hl_wide_3r,early-higher-low,W001,OPEN,2026-05-01 14:00,5.5099,5.35,5.9896,8.7062,2026-05-01 15:55,5.445,session_close,23,-0.0649,-0.01178,-0.41,False,False
5m,early_hl_wide_3r,early-higher-low,W002,OPEN,2026-05-05 11:45,5.115,4.97,5.55,8.5044,2026-05-05 15:45,5.2501,time_exit,48,0.1351,0.02641,0.93,True,True
5m,early_hl_wide_3r,early-higher-low,W003,OPEN,2026-05-06 10:50,5.355,5.23,5.73,7.0028,2026-05-06 14:50,5.555,time_exit,48,0.2,0.03735,1.6,True,True
5m,early_hl_wide_3r,early-higher-low,W005,OPEN,2026-05-11 13:55,4.925,4.83,5.21,5.7868,2026-05-11 15:25,4.83,stop,18,-0.095,-0.01929,-1.0,False,False
5m,early_hl_wide_3r,early-higher-low,W006,OPEN,2026-05-14 12:10,4.6397,4.48,5.1188,10.3261,2026-05-14 15:25,4.48,stop,39,-0.1597,-0.03442,-1.0,False,False
5m,early_hl_wide_3r,early-higher-low,W007,OPEN,2026-05-15 11:35,4.345,4.26,4.6,5.8688,2026-05-15 15:35,4.4,time_exit,48,0.055,0.01266,0.65,True,True
5m,early_hl_wide_3r,early-higher-low,W009,OPEN,2026-05-18 15:30,4.23,4.15,4.47,5.6738,2026-05-18 15:55,4.28,session_close,5,0.05,0.01182,0.63,True,True
5m,early_hl_wide_3r,early-higher-low,W010,OPEN,2026-05-19 10:40,4.23,4.13,4.53,7.0922,2026-05-19 14:40,4.305,time_exit,48,0.075,0.01773,0.75,True,True
5m,early_hl_wide_3r,early-higher-low,W012,OPEN,2026-05-20 10:50,4.325,4.24,4.58,5.8959,2026-05-20 14:50,4.375,time_exit,48,0.05,0.01156,0.59,True,True
5m,early_hl_wide_3r,early-higher-low,W014,OPEN,2026-05-22 14:25,4.56,4.47,4.83,5.921,2026-05-22 15:55,4.53,session_close,18,-0.03,-0.00658,-0.33,False,False
5m,early_hl_wide_3r,early-higher-low,W015,OPEN,2026-05-28 10:55,4.825,4.69,5.23,8.3938,2026-05-28 14:50,5.23,target,47,0.405,0.08394,3.0,True,True
5m,early_hl_wide_3r,early-higher-low,W017,OPEN,2026-05-29 13:45,5.0801,5.03,5.2304,2.9586,2026-05-29 15:55,5.03,stop,26,-0.0501,-0.00986,-1.0,False,False
5m,early_hl_wide_3r,early-higher-low,W001,CVNA,2026-05-07 14:55,79.052,78.15,81.758,3.4231,2026-05-07 15:55,80.048,session_close,12,0.996,0.0126,1.1,True,True
5m,early_hl_wide_3r,early-higher-low,W002,CVNA,2026-05-14 13:10,69.88,68.66,73.54,5.2375,2026-05-14 15:55,69.525,session_close,33,-0.355,-0.00508,-0.29,False,False
5m,early_hl_wide_3r,early-higher-low,W003,CVNA,2026-05-15 14:10,68.92,67.37,73.57,6.7469,2026-05-15 14:55,67.37,stop,9,-1.55,-0.02249,-1.0,False,False
5m,early_hl_wide_3r,early-higher-low,W004,CVNA,2026-05-19 15:20,63.63,63.09,65.25,2.546,2026-05-19 15:30,63.09,stop,2,-0.54,-0.00849,-1.0,False,False
5m,early_hl_wide_3r,early-higher-low,W005,CVNA,2026-05-20 11:50,65.8,63.52,72.64,10.3952,2026-05-20 15:50,64.89,time_exit,48,-0.91,-0.01383,-0.4,False,False
5m,early_hl_wide_3r,early-higher-low,W006,CVNA,2026-05-21 10:55,64.03,62.62,68.26,6.6063,2026-05-21 14:55,64.305,time_exit,48,0.275,0.00429,0.2,True,False
5m,early_hl_wide_3r,early-higher-low,W008,CVNA,2026-05-26 11:40,71.85,70.24,76.68,6.7223,2026-05-26 15:05,70.24,stop,41,-1.61,-0.02241,-1.0,False,False
5m,early_hl_wide_3r,early-higher-low,W009,CVNA,2026-05-28 12:35,74.405,72.99,78.65,5.7053,2026-05-28 15:55,73.5,session_close,40,-0.905,-0.01216,-0.64,False,False
5m,early_hl_wide_3r,early-higher-low,W001,W,2026-05-01 14:05,65.625,64.77,68.19,3.9086,2026-05-01 15:55,65.485,session_close,22,-0.14,-0.00213,-0.16,False,False
5m,early_hl_wide_3r,early-higher-low,W002,W,2026-05-12 15:20,60.19,59.39,62.59,3.9874,2026-05-12 15:55,60.49,session_close,7,0.3,0.00498,0.38,True,False
5m,early_hl_wide_3r,early-higher-low,W003,W,2026-05-14 10:45,60.695,59.66,63.8,5.1157,2026-05-14 14:45,61.27,time_exit,48,0.575,0.00947,0.56,True,False
5m,early_hl_wide_3r,early-higher-low,W004,W,2026-05-19 15:05,57.37,55.88,61.84,7.7915,2026-05-19 15:55,57.43,session_close,10,0.06,0.00105,0.04,True,False
5m,early_hl_wide_3r,early-higher-low,W005,W,2026-05-20 14:45,63.65,63.06,65.42,2.7808,2026-05-20 15:55,64.88,session_close,14,1.23,0.01932,2.08,True,True
5m,early_hl_wide_3r,early-higher-low,W006,W,2026-05-21 14:30,67.425,66.49,70.23,4.1602,2026-05-21 15:30,66.49,stop,12,-0.935,-0.01387,-1.0,False,False
5m,early_hl_wide_3r,early-higher-low,W007,W,2026-05-22 14:30,66.84,65.87,69.75,4.3537,2026-05-22 15:55,67.08,session_close,17,0.24,0.00359,0.25,True,False
5m,early_hl_wide_3r,early-higher-low,W008,W,2026-05-26 11:20,71.69,69.84,77.24,7.7417,2026-05-26 15:20,71.54,time_exit,48,-0.15,-0.00209,-0.08,False,False
5m,early_hl_wide_3r,early-higher-low,W009,W,2026-05-27 11:05,75.885,73.28,83.7,10.2985,2026-05-27 15:05,73.75,time_exit,48,-2.135,-0.02813,-0.82,False,False
5m,early_hl_wide_3r,early-higher-low,W010,W,2026-05-28 11:00,74.36,72.71,79.31,6.6568,2026-05-28 15:00,74.02,time_exit,48,-0.34,-0.00457,-0.21,False,False
5m,early_hl_wide_3r,early-higher-low,W001,ETSY,2026-05-04 15:30,64.665,64.18,66.12,2.2501,2026-05-04 15:55,64.18,stop,5,-0.485,-0.0075,-1.0,False,False
5m,early_hl_wide_3r,early-higher-low,W002,ETSY,2026-05-06 14:20,64.37,63.46,67.1,4.2411,2026-05-06 15:55,64.97,session_close,19,0.6,0.00932,0.66,True,False
5m,early_hl_wide_3r,early-higher-low,W003,ETSY,2026-05-12 15:20,57.72,56.84,60.36,4.5738,2026-05-12 15:55,57.505,session_close,7,-0.215,-0.00372,-0.24,False,False
5m,early_hl_wide_3r,early-higher-low,W004,ETSY,2026-05-14 10:55,58.38,56.5,64.02,9.6608,2026-05-14 14:55,57.79,time_exit,48,-0.59,-0.01011,-0.31,False,False
5m,early_hl_wide_3r,early-higher-low,W005,ETSY,2026-05-18 11:15,59.69,58.9,62.06,3.9705,2026-05-18 14:55,58.9,stop,44,-0.79,-0.01324,-1.0,False,False
5m,early_hl_wide_3r,early-higher-low,W006,ETSY,2026-05-20 13:10,59.52,58.81,61.65,3.5786,2026-05-20 15:55,60.92,session_close,33,1.4,0.02352,1.97,True,True
5m,early_hl_wide_3r,early-higher-low,W007,ETSY,2026-05-21 15:10,60.34,59.65,62.41,3.4306,2026-05-21 15:55,60.74,session_close,9,0.4,0.00663,0.58,True,False
5m,early_hl_wide_3r,early-higher-low,W008,ETSY,2026-05-27 11:35,65.39,64.26,68.78,5.1843,2026-05-27 13:45,64.26,stop,26,-1.13,-0.01728,-1.0,False,False
5m,early_hl_wide_3r,early-higher-low,W009,ETSY,2026-05-28 11:20,66.315,65.16,69.78,5.2251,2026-05-28 15:20,67.17,time_exit,48,0.855,0.01289,0.74,True,True
5m,early_hl_wide_3r,early-higher-low,W010,ETSY,2026-05-29 12:55,67.38,66.39,70.35,4.4078,2026-05-29 13:30,66.39,stop,7,-0.99,-0.01469,-1.0,False,False
5m,early_hl_wide_3r,early-higher-low,W001,FUBO,2026-05-01 14:20,13.5,13.18,14.46,7.1111,2026-05-01 15:55,13.805,session_close,19,0.305,0.02259,0.95,True,True
5m,early_hl_wide_3r,early-higher-low,W003,FUBO,2026-05-07 10:55,10.73,10.43,11.63,8.3877,2026-05-07 14:55,10.64,time_exit,48,-0.09,-0.00839,-0.3,False,False
5m,early_hl_wide_3r,early-higher-low,W004,FUBO,2026-05-13 13:05,9.99,9.77,10.65,6.6066,2026-05-13 15:55,9.915,session_close,34,-0.075,-0.00751,-0.34,False,False
5m,early_hl_wide_3r,early-higher-low,W005,FUBO,2026-05-14 13:05,9.95,9.73,10.61,6.6332,2026-05-14 13:55,9.73,stop,10,-0.22,-0.02211,-1.0,False,False
5m,early_hl_wide_3r,early-higher-low,W006,FUBO,2026-05-20 12:00,9.32,9.14,9.86,5.794,2026-05-20 15:55,9.155,session_close,47,-0.165,-0.0177,-0.92,False,False
5m,early_hl_wide_3r,early-higher-low,W007,FUBO,2026-05-21 15:05,9.19,8.94,9.94,8.161,2026-05-21 15:55,9.15,session_close,10,-0.04,-0.00435,-0.16,False,False
5m,early_hl_wide_3r,early-higher-low,W008,FUBO,2026-05-22 10:40,9.5701,9.36,10.2004,6.5861,2026-05-22 14:40,9.73,time_exit,48,0.1599,0.01671,0.76,True,True
5m,early_hl_wide_3r,early-higher-low,W010,FUBO,2026-05-26 10:50,9.61,9.45,10.09,4.9948,2026-05-26 14:50,9.54,time_exit,48,-0.07,-0.00728,-0.44,False,False
5m,early_hl_wide_3r,early-higher-low,W011,FUBO,2026-05-28 11:20,10.21,9.97,10.93,7.0519,2026-05-28 15:20,10.3306,time_exit,48,0.1206,0.01181,0.5,True,True
5m,early_hl_wide_3r,early-higher-low,W013,FUBO,2026-05-29 14:30,10.33,10.19,10.75,4.0658,2026-05-29 15:45,10.19,stop,15,-0.14,-0.01355,-1.0,False,False
5m,early_hl_wide_3r,early-higher-low,W001,ROKU,2026-05-01 15:10,123.47,120.3,132.98,7.7023,2026-05-01 15:55,123.63,session_close,9,0.16,0.0013,0.05,True,False
5m,early_hl_wide_3r,early-higher-low,W002,ROKU,2026-05-04 12:50,125.4,124.04,129.48,3.2536,2026-05-04 15:55,126.1,session_close,37,0.7,0.00558,0.51,True,False
5m,early_hl_wide_3r,early-higher-low,W003,ROKU,2026-05-06 14:45,127.43,124.6,135.92,6.6625,2026-05-06 15:55,127.95,session_close,14,0.52,0.00408,0.18,True,False
5m,early_hl_wide_3r,early-higher-low,W004,ROKU,2026-05-08 13:15,129.43,126.65,137.77,6.4436,2026-05-08 15:55,129.43,session_close,32,0.0,0.0,0.0,False,False
5m,early_hl_wide_3r,early-higher-low,W005,ROKU,2026-05-12 14:05,126.96,124.99,132.87,4.655,2026-05-12 15:55,127.62,session_close,22,0.66,0.0052,0.34,True,False
5m,early_hl_wide_3r,early-higher-low,W006,ROKU,2026-05-15 11:15,124.6,121.62,133.54,7.175,2026-05-15 15:15,124.135,time_exit,48,-0.465,-0.00373,-0.16,False,False
5m,early_hl_wide_3r,early-higher-low,W007,ROKU,2026-05-20 11:00,122.89,119.88,131.92,7.348,2026-05-20 15:00,123.525,time_exit,48,0.635,0.00517,0.21,True,False
5m,early_hl_wide_3r,early-higher-low,W009,ROKU,2026-05-21 13:00,125.336,123.7,130.244,3.9159,2026-05-21 15:55,125.1,session_close,35,-0.236,-0.00188,-0.14,False,False
5m,early_hl_wide_3r,early-higher-low,W010,ROKU,2026-05-27 12:25,132.15,129.69,139.53,5.5845,2026-05-27 15:55,132.01,session_close,42,-0.14,-0.00106,-0.06,False,False
5m,early_hl_wide_3r,early-higher-low,W011,ROKU,2026-05-29 14:40,130.725,129.86,133.32,1.9851,2026-05-29 15:55,130.19,end_of_data,15,-0.535,-0.00409,-0.62,False,False
5m,early_hl_wide_3r,early-higher-low,W001,TTD,2026-05-01 12:30,24.655,23.9,26.92,9.1868,2026-05-01 15:55,24.23,session_close,41,-0.425,-0.01724,-0.56,False,False
5m,early_hl_wide_3r,early-higher-low,W003,TTD,2026-05-05 12:15,24.17,23.63,25.79,6.7025,2026-05-05 13:55,23.63,stop,20,-0.54,-0.02234,-1.0,False,False
5m,early_hl_wide_3r,early-higher-low,W004,TTD,2026-05-08 15:10,22.425,21.94,23.88,6.4883,2026-05-08 15:55,23.07,session_close,9,0.645,0.02876,1.33,True,True
5m,early_hl_wide_3r,early-higher-low,W005,TTD,2026-05-11 13:00,21.395,21.12,22.22,3.856,2026-05-11 15:55,21.51,session_close,35,0.115,0.00538,0.42,True,False
5m,early_hl_wide_3r,early-higher-low,W006,TTD,2026-05-15 11:20,20.765,20.5,21.56,3.8285,2026-05-15 15:20,20.9,time_exit,48,0.135,0.0065,0.51,True,False
5m,early_hl_wide_3r,early-higher-low,W007,TTD,2026-05-20 11:55,20.7999,20.23,22.5096,8.2198,2026-05-20 15:55,21.025,time_exit,48,0.2251,0.01082,0.39,True,True
5m,early_hl_wide_3r,early-higher-low,W008,TTD,2026-05-21 11:00,21.025,20.52,22.54,7.2057,2026-05-21 15:00,21.335,time_exit,48,0.31,0.01474,0.61,True,True
5m,early_hl_wide_3r,early-higher-low,W009,TTD,2026-05-22 14:50,22.03,21.89,22.45,1.9065,2026-05-22 15:55,22.38,session_close,13,0.35,0.01589,2.5,True,True
5m,early_hl_wide_3r,early-higher-low,W010,TTD,2026-05-26 13:15,22.365,22.06,23.28,4.0912,2026-05-26 15:45,22.06,stop,30,-0.305,-0.01364,-1.0,False,False
5m,early_hl_wide_3r,early-higher-low,W011,TTD,2026-05-27 11:00,23.135,22.91,23.81,2.9177,2026-05-27 11:50,22.91,stop,10,-0.225,-0.00973,-1.0,False,False
5m,early_hl_wide_3r,early-higher-low,W012,TTD,2026-05-29 10:45,21.58,21.01,23.29,7.924,2026-05-29 14:45,21.89,time_exit,48,0.31,0.01437,0.54,True,True
5m,early_hl_wide_3r,early-higher-low,W001,BILL,2026-05-04 11:55,39.69,38.59,42.99,8.3144,2026-05-04 15:55,39.72,time_exit,48,0.03,0.00076,0.03,True,False
5m,early_hl_wide_3r,early-higher-low,W002,BILL,2026-05-06 11:00,37.75,37.02,39.94,5.8013,2026-05-06 15:00,37.02,stop,48,-0.73,-0.01934,-1.0,False,False
5m,early_hl_wide_3r,early-higher-low,W003,BILL,2026-05-08 13:15,40.42,39.87,42.07,4.0821,2026-05-08 15:55,41.77,session_close,32,1.35,0.0334,2.45,True,True
5m,early_hl_wide_3r,early-higher-low,W005,BILL,2026-05-13 10:55,40.67,39.6,43.88,7.8928,2026-05-13 13:10,39.6,stop,27,-1.07,-0.02631,-1.0,False,False
5m,early_hl_wide_3r,early-higher-low,W006,BILL,2026-05-14 11:10,40.535,39.48,43.7,7.8081,2026-05-14 12:50,39.48,stop,20,-1.055,-0.02603,-1.0,False,False
5m,early_hl_wide_3r,early-higher-low,W007,BILL,2026-05-15 11:15,40.53,39.74,42.9,5.8475,2026-05-15 15:15,40.44,time_exit,48,-0.09,-0.00222,-0.11,False,False
5m,early_hl_wide_3r,early-higher-low,W009,BILL,2026-05-20 14:25,37.89,37.26,39.78,4.9881,2026-05-20 15:55,38.31,session_close,18,0.42,0.01108,0.67,True,True
5m,early_hl_wide_3r,early-higher-low,W001,TWLO,2026-05-01 14:05,178.84,175.36,189.28,5.8376,2026-05-01 15:55,183.35,session_close,22,4.51,0.02522,1.3,True,True
5m,early_hl_wide_3r,early-higher-low,W003,TWLO,2026-05-04 11:55,188.81,185.67,198.23,4.9891,2026-05-04 15:55,189.67,time_exit,48,0.86,0.00455,0.27,True,False
5m,early_hl_wide_3r,early-higher-low,W005,TWLO,2026-05-05 11:40,194.1725,189.83,207.2,6.7092,2026-05-05 15:40,195.905,time_exit,48,1.7325,0.00892,0.4,True,False
5m,early_hl_wide_3r,early-higher-low,W006,TWLO,2026-05-07 11:20,200.055,195.21,214.59,7.2655,2026-05-07 15:20,196.77,time_exit,48,-3.285,-0.01642,-0.68,False,False
5m,early_hl_wide_3r,early-higher-low,W007,TWLO,2026-05-08 12:55,201.465,196.49,216.39,7.4082,2026-05-08 15:55,201.66,session_close,36,0.195,0.00097,0.04,True,False
5m,early_hl_wide_3r,early-higher-low,W008,TWLO,2026-05-14 12:10,195.46,193.89,200.17,2.4097,2026-05-14 12:45,193.89,stop,7,-1.57,-0.00803,-1.0,False,False
5m,early_hl_wide_3r,early-higher-low,W009,TWLO,2026-05-15 14:45,199.185,195.18,211.2,6.0321,2026-05-15 15:55,198.2,session_close,14,-0.985,-0.00495,-0.25,False,False
5m,early_hl_wide_3r,early-higher-low,W010,TWLO,2026-05-18 10:45,198.09,191.52,217.8,9.95,2026-05-18 14:45,195.54,time_exit,48,-2.55,-0.01287,-0.39,False,False
5m,early_hl_wide_3r,early-higher-low,W011,TWLO,2026-05-26 12:10,188.0,185.45,195.65,4.0691,2026-05-26 15:55,189.67,session_close,45,1.67,0.00888,0.65,True,False
5m,early_hl_wide_3r,early-higher-low,W012,TWLO,2026-05-29 12:40,188.57,183.52,203.72,8.0342,2026-05-29 15:55,190.67,end_of_data,39,2.1,0.01114,0.42,True,True
5m,early_hl_wide_3r,early-higher-low,W002,DOCN,2026-05-04 11:35,105.6,104.01,110.37,4.517,2026-05-04 15:35,107.28,time_exit,48,1.68,0.01591,1.06,True,True
5m,early_hl_wide_3r,early-higher-low,W004,DOCN,2026-05-05 14:45,149.01,145.34,160.02,7.3888,2026-05-05 15:55,152.76,session_close,14,3.75,0.02517,1.02,True,True
5m,early_hl_wide_3r,early-higher-low,W005,DOCN,2026-05-06 14:25,158.755,154.85,170.47,7.3793,2026-05-06 15:55,161.015,session_close,18,2.26,0.01424,0.58,True,True
5m,early_hl_wide_3r,early-higher-low,W006,DOCN,2026-05-08 13:35,163.51,159.98,174.1,6.4767,2026-05-08 15:55,163.94,session_close,28,0.43,0.00263,0.12,True,False
5m,early_hl_wide_3r,early-higher-low,W008,DOCN,2026-05-13 14:05,158.46,153.28,174.0,9.8069,2026-05-13 15:55,159.16,session_close,22,0.7,0.00442,0.14,True,False
5m,early_hl_wide_3r,early-higher-low,W009,DOCN,2026-05-14 11:35,156.12,153.93,162.69,4.2083,2026-05-14 13:10,153.93,stop,19,-2.19,-0.01403,-1.0,False,False
5m,early_hl_wide_3r,early-higher-low,W010,DOCN,2026-05-15 15:40,155.52,151.43,167.79,7.8897,2026-05-15 15:55,154.83,session_close,3,-0.69,-0.00444,-0.17,False,False
5m,early_hl_wide_3r,early-higher-low,W011,DOCN,2026-05-19 14:05,150.055,145.29,164.35,9.5265,2026-05-19 15:55,150.07,session_close,22,0.015,0.0001,0.0,True,False
5m,early_hl_wide_3r,early-higher-low,W012,DOCN,2026-05-20 12:40,159.87,154.89,174.81,9.3451,2026-05-20 15:55,160.07,session_close,39,0.2,0.00125,0.04,True,False
5m,early_hl_wide_3r,early-higher-low,W013,DOCN,2026-05-21 13:35,163.36,160.68,171.4,4.9216,2026-05-21 14:50,160.68,stop,15,-2.68,-0.01641,-1.0,False,False
5m,early_hl_wide_3r,early-higher-low,W014,DOCN,2026-05-26 15:15,160.497,157.93,168.198,4.7982,2026-05-26 15:55,160.73,session_close,8,0.233,0.00145,0.09,True,False
5m,early_hl_wide_3r,early-higher-low,W015,DOCN,2026-05-27 15:20,152.86,151.25,157.69,3.1598,2026-05-27 15:50,151.25,stop,6,-1.61,-0.01053,-1.0,False,False
5m,early_hl_wide_3r,early-higher-low,W016,DOCN,2026-05-29 12:45,156.92,153.54,167.06,6.4619,2026-05-29 15:55,156.04,end_of_data,38,-0.88,-0.00561,-0.26,False,False
5m,early_hl_wide_3r,early-higher-low,W001,FROG,2026-05-01 14:20,50.48,49.56,53.24,5.4675,2026-05-01 15:55,49.87,session_close,19,-0.61,-0.01208,-0.66,False,False
5m,early_hl_wide_3r,early-higher-low,W002,FROG,2026-05-04 11:00,52.54,51.35,56.11,6.7948,2026-05-04 15:00,52.3,time_exit,48,-0.24,-0.00457,-0.2,False,False
5m,early_hl_wide_3r,early-higher-low,W003,FROG,2026-05-05 12:30,53.95,53.42,55.54,2.9472,2026-05-05 15:55,54.46,session_close,41,0.51,0.00945,0.96,True,False
5m,early_hl_wide_3r,early-higher-low,W004,FROG,2026-05-06 14:15,53.16,52.04,56.52,6.3205,2026-05-06 15:55,53.84,session_close,20,0.68,0.01279,0.61,True,True
5m,early_hl_wide_3r,early-higher-low,W005,FROG,2026-05-07 15:30,57.42,55.82,62.22,8.3594,2026-05-07 15:55,57.01,session_close,5,-0.41,-0.00714,-0.26,False,False
5m,early_hl_wide_3r,early-higher-low,W006,FROG,2026-05-08 13:40,71.25,69.59,76.23,6.9895,2026-05-08 15:45,69.59,stop,25,-1.66,-0.0233,-1.0,False,False
5m,early_hl_wide_3r,early-higher-low,W007,FROG,2026-05-12 14:55,67.485,65.88,72.3,7.1349,2026-05-12 15:55,67.6,session_close,12,0.115,0.0017,0.07,True,False
5m,early_hl_wide_3r,early-higher-low,W008,FROG,2026-05-15 11:20,66.04,63.99,72.19,9.3125,2026-05-15 15:20,66.115,time_exit,48,0.075,0.00114,0.04,True,False
5m,early_hl_wide_3r,early-higher-low,W010,FROG,2026-05-18 10:50,66.76,65.64,70.12,5.033,2026-05-18 14:50,67.12,time_exit,48,0.36,0.00539,0.32,True,False
5m,early_hl_wide_3r,early-higher-low,W012,FROG,2026-05-19 14:25,69.275,68.38,71.96,3.8759,2026-05-19 15:55,70.74,session_close,18,1.465,0.02115,1.64,True,True
5m,early_hl_wide_3r,early-higher-low,W013,FROG,2026-05-20 10:35,71.295,68.51,79.65,11.7189,2026-05-20 14:35,73.187,time_exit,48,1.892,0.02654,0.68,True,True
5m,early_hl_wide_3r,early-higher-low,W015,FROG,2026-05-22 10:40,72.7242,71.32,76.9368,5.7926,2026-05-22 14:40,73.93,time_exit,48,1.2058,0.01658,0.86,True,True
5m,early_hl_wide_3r,early-higher-low,W017,FROG,2026-05-27 11:30,71.72,69.99,76.91,7.2365,2026-05-27 15:30,71.8,time_exit,48,0.08,0.00112,0.05,True,False
5m,early_hl_wide_3r,early-higher-low,W018,FROG,2026-05-28 12:05,73.47,71.67,78.87,7.3499,2026-05-28 15:55,72.76,session_close,46,-0.71,-0.00966,-0.39,False,False
5m,early_hl_wide_3r,early-higher-low,W019,FROG,2026-05-29 15:15,79.44,77.05,86.61,9.0257,2026-05-29 15:55,79.49,end_of_data,8,0.05,0.00063,0.02,True,False
5m,early_hl_wide_3r,early-higher-low,W001,ESTC,2026-05-04 10:55,50.69,49.42,54.5,7.5163,2026-05-04 14:55,50.32,time_exit,48,-0.37,-0.0073,-0.29,False,False
5m,early_hl_wide_3r,early-higher-low,W002,ESTC,2026-05-08 10:45,51.29,49.67,56.15,9.4755,2026-05-08 14:45,51.73,time_exit,48,0.44,0.00858,0.27,True,False
5m,early_hl_wide_3r,early-higher-low,W003,ESTC,2026-05-14 12:45,50.15,48.98,53.66,6.999,2026-05-14 15:55,49.79,session_close,38,-0.36,-0.00718,-0.31,False,False
5m,early_hl_wide_3r,early-higher-low,W004,ESTC,2026-05-15 12:55,50.84,50.27,52.55,3.3635,2026-05-15 15:55,50.54,session_close,36,-0.3,-0.0059,-0.53,False,False
5m,early_hl_wide_3r,early-higher-low,W005,ESTC,2026-05-21 10:55,54.64,53.39,58.39,6.8631,2026-05-21 14:55,54.28,time_exit,48,-0.36,-0.00659,-0.29,False,False
5m,early_hl_wide_3r,early-higher-low,W006,ESTC,2026-05-21 15:10,54.3199,53.93,55.4896,2.1534,2026-05-21 15:20,53.93,stop,2,-0.3899,-0.00718,-1.0,False,False
5m,early_hl_wide_3r,early-higher-low,W007,ESTC,2026-05-27 11:30,53.83,53.01,56.29,4.57,2026-05-27 15:30,54.22,time_exit,48,0.39,0.00725,0.48,True,False
5m,early_hl_wide_3r,early-higher-low,W008,ESTC,2026-05-28 13:25,58.55,57.23,62.51,6.7634,2026-05-28 15:40,57.23,stop,27,-1.32,-0.02254,-1.0,False,False
5m,early_hl_wide_3r,early-higher-low,W009,ESTC,2026-05-29 12:40,62.11,60.55,66.79,7.535,2026-05-29 15:55,64.759,end_of_data,39,2.649,0.04265,1.7,True,True
5m,early_hl_wide_3r,early-higher-low,W001,GTLB,2026-05-01 14:10,23.76,23.42,24.78,4.2929,2026-05-01 15:55,24.06,session_close,21,0.3,0.01263,0.88,True,True
5m,early_hl_wide_3r,early-higher-low,W002,GTLB,2026-05-04 11:25,24.55,23.9,26.5,7.943,2026-05-04 15:25,24.59,time_exit,48,0.04,0.00163,0.06,True,False
5m,early_hl_wide_3r,early-higher-low,W003,GTLB,2026-05-06 14:20,24.325,23.94,25.48,4.7482,2026-05-06 15:55,24.31,session_close,19,-0.015,-0.00062,-0.04,False,False
5m,early_hl_wide_3r,early-higher-low,W004,GTLB,2026-05-07 10:55,25.68,25.14,27.3,6.3084,2026-05-07 14:55,25.945,time_exit,48,0.265,0.01032,0.49,True,True
5m,early_hl_wide_3r,early-higher-low,W005,GTLB,2026-05-08 15:10,25.65,25.14,27.18,5.9649,2026-05-08 15:55,25.98,session_close,9,0.33,0.01287,0.65,True,True
5m,early_hl_wide_3r,early-higher-low,W006,GTLB,2026-05-12 13:15,23.425,22.92,24.94,6.4674,2026-05-12 15:50,22.92,stop,31,-0.505,-0.02156,-1.0,False,False
5m,early_hl_wide_3r,early-higher-low,W007,GTLB,2026-05-14 11:15,22.915,22.48,24.22,5.695,2026-05-14 12:50,22.48,stop,19,-0.435,-0.01898,-1.0,False,False
5m,early_hl_wide_3r,early-higher-low,W008,GTLB,2026-05-15 11:20,23.5,22.89,25.33,7.7872,2026-05-15 15:20,23.785,time_exit,48,0.285,0.01213,0.47,True,True
5m,early_hl_wide_3r,early-higher-low,W010,GTLB,2026-05-18 15:10,25.09,24.74,26.14,4.1849,2026-05-18 15:55,25.1,session_close,9,0.01,0.0004,0.03,True,False
5m,early_hl_wide_3r,early-higher-low,W011,GTLB,2026-05-20 10:35,25.67,24.95,27.83,8.4145,2026-05-20 14:35,26.5634,time_exit,48,0.8934,0.0348,1.24,True,True
5m,early_hl_wide_3r,early-higher-low,W013,GTLB,2026-05-21 14:35,25.76,25.31,27.11,5.2407,2026-05-21 15:55,25.64,session_close,16,-0.12,-0.00466,-0.27,False,False
5m,early_hl_wide_3r,early-higher-low,W014,GTLB,2026-05-27 11:30,26.695,25.96,28.9,8.26,2026-05-27 15:30,26.445,time_exit,48,-0.25,-0.00937,-0.34,False,False
5m,early_hl_wide_3r,early-higher-low,W015,GTLB,2026-05-29 10:40,29.675,28.54,33.08,11.4743,2026-05-29 14:40,30.6855,time_exit,48,1.0105,0.03405,0.89,True,True
5m,early_hl_wide_3r,early-higher-low,W017,GTLB,2026-05-29 14:40,30.69,29.84,33.24,8.3089,2026-05-29 15:55,31.06,end_of_data,15,0.37,0.01206,0.44,True,True
