interval,variant,entry_mode,pattern_id,symbol,entry_date,entry_price,stop_price,target_price,target_return_pct,exit_date,exit_price,exit_reason,bars_held,pnl_per_share,return_pct,r_multiple,win,quality_win,trend_30m_pct,trend_60m_pct,trend_120m_pct,above_ema20,ema20_rising,ema20_above_ema50,above_vwap,volume_ratio
5m,early_hl_wide_3r,early-higher-low,W004,MU,2026-05-08 13:05,733.0,708.78,805.66,9.9127,2026-05-08 15:55,747.07,session_close,34,14.07,0.0192,0.58,True,True,-0.7785103766538071,1.3049491460900065,2.775336591906319,True,True,True,True,0.8508626295563025
5m,early_hl_wide_3r,early-higher-low,W005,MU,2026-05-11 13:30,803.3,782.75,864.95,7.6746,2026-05-11 15:55,795.52,session_close,29,-7.78,-0.00969,-0.38,False,False,0.8409071897323317,1.6806334531332512,2.5973065407971063,True,True,True,True,0.21503186511992742
5m,early_hl_wide_3r,early-higher-low,W009,MU,2026-05-19 13:40,722.54,706.16,771.6799,6.801,2026-05-19 14:55,706.16,stop,15,-16.38,-0.02267,-1.0,False,False,0.39320781541027916,1.0205916338929866,4.229547932836852,True,True,True,True,0.5955066462448089
5m,early_hl_wide_3r,early-higher-low,W014,MU,2026-05-28 11:35,944.62,925.57,1001.77,6.0501,2026-05-28 14:45,925.57,stop,38,-19.05,-0.02017,-1.0,False,False,0.5128823935966809,1.837035912093543,1.8655898348282074,True,True,True,True,0.5145099672271026
5m,early_hl_wide_3r,early-higher-low,W015,MU,2026-05-29 10:40,962.5,941.93,1024.21,6.4114,2026-05-29 14:40,957.4,time_exit,48,-5.1,-0.0053,-0.25,False,False,-0.8894316762870891,1.0721434530645002,3.144677782519767,True,True,True,False,0.4852352167037355
5m,early_hl_wide_3r,early-higher-low,W001,SNDK,2026-05-04 15:35,1265.625,1232.29,1365.63,7.9016,2026-05-04 15:55,1256.02,session_close,4,-9.605,-0.00759,-0.29,False,False,0.6752053675678216,1.6381635289592245,2.5573934402103093,True,True,True,True,1.3052386283051935
5m,early_hl_wide_3r,early-higher-low,W004,SNDK,2026-05-08 11:00,1479.05,1434.72,1612.0402,8.9916,2026-05-08 15:00,1531.08,time_exit,48,52.0299,0.03518,1.17,True,True,0.6186444590360773,1.850079195213583,14.090906223599632,True,True,True,True,0.6069902669398891
5m,early_hl_wide_3r,early-higher-low,W008,SNDK,2026-05-15 11:05,1397.1401,1343.13,1559.1705,11.5973,2026-05-15 15:05,1407.5001,time_exit,48,10.36,0.00742,0.19,True,False,0.4031874581510442,3.0811624914665936,0.8725459589864037,True,True,False,True,0.43342794870778256
5m,early_hl_wide_3r,early-higher-low,W008,GLW,2026-05-15 10:45,198.93,193.34,215.7,8.4301,2026-05-15 14:45,195.66,time_exit,48,-3.27,-0.01644,-0.58,False,False,0.12582414662445363,1.210828709998868,-3.377936174619911,False,False,False,True,0.5412146902772514
5m,early_hl_wide_3r,early-higher-low,W003,OKLO,2026-05-05 14:55,67.65,66.18,72.06,6.5189,2026-05-05 15:55,68.38,session_close,12,0.73,0.01079,0.5,True,True,0.3856699160936339,1.332984090838707,1.4241460854112376,True,True,False,True,1.0431621836379312
5m,early_hl_wide_3r,early-higher-low,W005,OKLO,2026-05-08 14:30,73.1,71.44,78.08,6.8126,2026-05-08 15:55,72.51,session_close,17,-0.59,-0.00807,-0.36,False,False,1.5341309071724485,2.603962290340367,3.2567470735561876,True,True,True,True,0.8346230914684052
5m,early_hl_wide_3r,early-higher-low,W010,OKLO,2026-05-18 15:40,58.33,56.52,63.76,9.3091,2026-05-18 15:55,58.6,session_close,3,0.27,0.00463,0.15,True,False,1.057376711514002,2.10157757444307,1.7984961953274148,True,True,False,False,1.4256622837023365
5m,early_hl_wide_3r,early-higher-low,W012,OKLO,2026-05-20 11:40,60.4625,59.86,62.27,2.9895,2026-05-20 15:30,62.27,target,46,1.8075,0.02989,3.0,True,True,0.09936660737395187,1.4093962652576675,5.2319964857098,True,True,True,True,0.35279351584489305
5m,early_hl_wide_3r,early-higher-low,W015,OKLO,2026-05-28 10:50,68.36,66.78,73.1,6.9339,2026-05-28 14:50,68.3,time_exit,48,-0.06,-0.00088,-0.04,False,False,0.3746103343046592,1.0500615350209186,2.0842621196858646,True,True,True,True,0.8155333598691632
5m,early_hl_wide_3r,early-higher-low,W017,OKLO,2026-05-29 12:00,68.88,66.15,77.07,11.8902,2026-05-29 15:55,66.82,end_of_data,47,-2.06,-0.02991,-0.75,False,False,2.5234475822985214,4.246140491736794,3.665508877626822,True,True,True,True,1.5217062210405397
5m,early_hl_wide_3r,early-higher-low,W008,RGTI,2026-05-13 14:40,18.7307,18.24,20.2028,7.8593,2026-05-13 15:25,18.24,stop,9,-0.4907,-0.0262,-1.0,False,False,-0.16036157719947486,1.6539253153229572,0.8063498395426194,True,True,True,True,1.0583129281333532
5m,early_hl_wide_3r,early-higher-low,W011,RGTI,2026-05-14 15:10,19.6,19.03,21.31,8.7245,2026-05-14 15:55,19.25,session_close,9,-0.35,-0.01786,-0.61,False,False,-0.8603242627774454,1.0575182939674077,0.5904994550222753,True,True,True,True,1.0960800361991228
5m,early_hl_wide_3r,early-higher-low,W016,RGTI,2026-05-22 11:10,26.115,25.16,28.98,10.9707,2026-05-22 15:10,26.09,time_exit,48,-0.025,-0.00096,-0.03,False,False,-0.19452610849303165,1.4568764698311032,22.668985456970315,True,True,True,True,0.36023622436318925
5m,early_hl_wide_3r,early-higher-low,W018,RGTI,2026-05-28 10:45,25.377,24.26,28.728,13.2049,2026-05-28 14:45,26.595,time_exit,48,1.218,0.048,1.09,True,True,1.4594153049892977,2.6081701160652226,5.3560347293473365,True,True,True,True,0.7016151604426293
5m,early_hl_wide_3r,early-higher-low,W003,IONQ,2026-05-05 12:10,46.6898,45.39,50.5892,8.3517,2026-05-05 15:55,48.03,session_close,45,1.3402,0.0287,1.03,True,True,-0.1692012032085577,1.1289296944375415,2.7312265748879794,True,True,True,True,0.7004696764127541
5m,early_hl_wide_3r,early-higher-low,W006,IONQ,2026-05-11 11:15,56.605,54.68,62.38,10.2023,2026-05-11 15:15,57.3818,time_exit,48,0.7768,0.01372,0.4,True,True,0.028273242863452452,1.781575063641161,15.945358235032847,True,True,True,True,0.29138163164172304
5m,early_hl_wide_3r,early-higher-low,W009,IONQ,2026-05-13 13:05,55.64,53.93,60.77,9.22,2026-05-13 15:55,55.25,session_close,34,-0.39,-0.00701,-0.23,False,False,-0.8114821095663749,1.6913568750869912,1.5984654241327778,True,True,True,True,1.0637292224756132
5m,early_hl_wide_3r,early-higher-low,W010,IONQ,2026-05-14 11:20,57.0395,54.81,63.728,11.7261,2026-05-14 15:20,57.535,time_exit,48,0.4955,0.00869,0.22,True,False,0.6884366798653563,3.109185159420824,3.3614197627511944,True,True,True,True,0.6586988930634681
5m,early_hl_wide_3r,early-higher-low,W017,IONQ,2026-05-27 12:05,65.01,61.96,74.16,14.0748,2026-05-27 15:55,65.38,session_close,46,0.37,0.00569,0.12,True,False,1.9921515969669068,5.2444123143221555,5.316692433660819,True,True,True,True,1.7908928686765648
5m,early_hl_wide_3r,early-higher-low,W018,IONQ,2026-05-28 10:45,67.755,65.35,74.97,10.6486,2026-05-28 14:45,69.33,time_exit,48,1.575,0.02325,0.65,True,True,0.5118332867755981,1.910343831133332,4.811263365899099,True,True,True,True,0.7992138591913726
5m,early_hl_wide_3r,early-higher-low,W004,AMKR,2026-05-08 13:30,76.385,74.29,82.67,8.2281,2026-05-08 15:55,76.64,session_close,29,0.255,0.00334,0.12,True,False,0.466946031455473,1.8264165820170986,3.883027090498148,True,True,True,True,0.45066215586492103
5m,early_hl_wide_3r,early-higher-low,W006,AMKR,2026-05-15 10:45,70.88,69.29,75.65,6.7297,2026-05-15 14:45,71.2769,time_exit,48,0.3969,0.0056,0.25,True,False,-0.4500699039264977,1.4912545847203695,-2.681155627158127,False,False,False,True,0.3190946998621924
5m,early_hl_wide_3r,early-higher-low,W007,AMKR,2026-05-18 15:40,66.0,64.9,69.3,5.0,2026-05-18 15:55,66.03,session_close,3,0.03,0.00045,0.03,True,False,0.12878255352843926,1.0716665467333408,-0.1438626397438303,True,False,False,False,0.7468156819511128
5m,early_hl_wide_3r,early-higher-low,W002,ASTS,2026-05-05 15:25,64.57,63.11,68.95,6.7833,2026-05-05 15:55,63.85,session_close,6,-0.72,-0.01115,-0.49,False,False,0.47931721911211866,1.517767080999488,0.1413335208310773,True,True,False,False,0.8368426644311495
5m,early_hl_wide_3r,early-higher-low,W004,ASTS,2026-05-08 13:20,71.035,68.46,78.76,10.8749,2026-05-08 15:55,75.04,session_close,31,4.005,0.05638,1.56,True,True,0.289366684342407,2.6213629571087305,2.9262701842416527,True,True,True,True,0.7383675023659793
5m,early_hl_wide_3r,early-higher-low,W006,ASTS,2026-05-11 11:10,82.355,80.12,89.06,8.1416,2026-05-11 15:10,84.34,time_exit,48,1.985,0.0241,0.89,True,True,0.008621904750083509,1.7536111713103875,9.488239478431272,True,True,True,True,0.3851382957899486
5m,early_hl_wide_3r,early-higher-low,W008,ASTS,2026-05-12 15:40,73.42,70.51,82.15,11.8905,2026-05-12 15:55,73.0,session_close,3,-0.42,-0.00572,-0.14,False,False,1.8946568503799943,3.060508497032921,2.8583450147408707,True,True,False,False,1.1215778709299198
5m,early_hl_wide_3r,early-higher-low,W009,ASTS,2026-05-13 12:10,76.0823,74.11,81.9992,7.777,2026-05-13 15:55,74.795,session_close,45,-1.2873,-0.01692,-0.65,False,False,-1.5275084856644416,1.3928665747309,4.491753442292534,True,True,True,True,0.5539015090988597
5m,early_hl_wide_3r,early-higher-low,W011,ASTS,2026-05-15 14:45,81.45,79.21,88.17,8.2504,2026-05-15 15:55,83.66,session_close,14,2.21,0.02713,0.99,True,True,0.39418538263273906,2.232813286554003,2.7095167828895317,True,True,True,True,1.2645430669826496
5m,early_hl_wide_3r,early-higher-low,W012,ASTS,2026-05-18 15:40,86.72,83.1,97.58,12.5231,2026-05-18 15:55,86.81,session_close,3,0.09,0.00104,0.02,True,False,1.7840426372131457,3.9995190970003147,3.5215526988813473,True,True,True,True,1.3848325261350118
5m,early_hl_wide_3r,early-higher-low,W013,ASTS,2026-05-19 14:00,87.725,84.05,98.75,12.5677,2026-05-19 15:55,88.09,session_close,23,0.365,0.00416,0.1,True,False,1.0199402679142322,3.3362828563159086,7.000733323411645,True,True,True,True,1.0806746016179822
5m,early_hl_wide_3r,early-higher-low,W015,ASTS,2026-05-20 12:10,91.96,89.8,98.44,7.0465,2026-05-20 13:00,89.8,stop,10,-2.16,-0.02349,-1.0,False,False,0.3491479885336046,1.2325065609185337,4.166779325204595,True,True,True,True,0.7155663354141164
5m,early_hl_wide_3r,early-higher-low,W016,ASTS,2026-05-20 14:35,92.1301,89.35,100.4704,9.0527,2026-05-20 15:55,89.5301,session_close,16,-2.6,-0.02822,-0.94,False,False,1.1753072100878281,2.0948784793573427,0.9423567052857074,True,True,True,True,1.218569298509973
5m,early_hl_wide_3r,early-higher-low,W019,ASTS,2026-05-26 11:05,125.82,122.24,136.56,8.536,2026-05-26 11:55,122.24,stop,10,-3.58,-0.02845,-1.0,False,False,1.002489178816246,1.985882040639808,19.999525074915447,True,True,True,True,0.5724501524805614
5m,early_hl_wide_3r,early-higher-low,W020,ASTS,2026-05-27 12:55,128.75,125.0,140.0,8.7379,2026-05-27 15:55,129.59,session_close,36,0.84,0.00652,0.22,True,False,0.034924264440983066,1.6723221603855531,3.256561218336551,True,True,True,True,0.9371851534471866
5m,early_hl_wide_3r,early-higher-low,W006,RKLB,2026-05-11 11:05,118.33,113.54,132.7,12.144,2026-05-11 15:05,122.4024,time_exit,48,4.0724,0.03442,0.85,True,True,1.2483320092489425,3.677675575955819,15.298373287416812,True,True,True,True,0.4012590294431493
5m,early_hl_wide_3r,early-higher-low,W009,RKLB,2026-05-13 15:10,126.53,124.89,131.45,3.8884,2026-05-13 15:50,124.89,stop,8,-1.64,-0.01296,-1.0,False,False,-0.3074735106499804,1.1680927349594583,0.3093760092031994,True,True,True,True,0.8165827496675357
5m,early_hl_wide_3r,early-higher-low,W012,RKLB,2026-05-18 15:40,130.82,126.57,143.57,9.7462,2026-05-18 15:55,131.24,session_close,3,0.42,0.00321,0.1,True,False,1.0355576969745872,2.6861497066739792,2.2363988903141063,True,True,True,True,1.5326108693276816
5m,early_hl_wide_3r,early-higher-low,W015,RKLB,2026-05-22 10:20,136.575,131.36,152.22,11.4552,2026-05-22 14:20,136.96,time_exit,48,0.385,0.00282,0.07,True,False,2.8296164725098327,9.812745362474118,8.85047456256638,True,True,True,True,0.8251230619043096
5m,early_hl_wide_3r,early-higher-low,W019,RKLB,2026-05-29 12:45,141.66,137.57,153.93,8.6616,2026-05-29 15:55,143.495,end_of_data,38,1.835,0.01295,0.45,True,True,-0.1558660738824158,1.7047697364818148,4.606870161502097,True,True,False,True,0.5338252462578795
5m,early_hl_wide_3r,early-higher-low,W004,AMD,2026-05-08 12:20,441.31,429.98,475.3,7.7021,2026-05-08 15:55,455.0,session_close,43,13.69,0.03102,1.21,True,True,0.33589664249051854,1.2682979773754433,1.353186269889206,True,True,True,True,0.905814136016141
5m,early_hl_wide_3r,early-higher-low,W009,ARM,2026-05-19 13:40,225.36,219.71,242.31,7.5213,2026-05-19 15:55,223.14,session_close,27,-2.22,-0.00985,-0.39,False,False,1.303602359508349,1.2353443207672843,3.833588057064774,True,True,True,True,0.6504433489011999
5m,early_hl_wide_3r,early-higher-low,W010,ARM,2026-05-21 10:40,282.225,275.36,302.82,7.2974,2026-05-21 14:40,287.845,time_exit,48,5.62,0.01991,0.82,True,True,-0.6059649452537008,1.250779848026018,11.145684820348833,True,True,True,True,0.521373018503869
5m,early_hl_wide_3r,early-higher-low,W003,SMCI,2026-05-08 11:45,35.185,34.2,38.14,8.3985,2026-05-08 15:45,34.885,time_exit,48,-0.3,-0.00853,-0.3,False,False,-0.522972079974604,1.411807696277978,7.188536899263642,True,True,True,True,0.45010687328544324
5m,early_hl_wide_3r,early-higher-low,W005,SMCI,2026-05-14 11:15,33.585,32.88,35.7,6.2974,2026-05-14 12:55,32.88,stop,20,-0.705,-0.02099,-1.0,False,False,0.825830426965446,2.082704122842305,4.1059435173876,True,True,True,True,0.45279294948083726
5m,early_hl_wide_3r,early-higher-low,W007,SMCI,2026-05-18 15:40,30.77,29.71,33.95,10.3347,2026-05-18 15:55,30.86,session_close,3,0.09,0.00292,0.08,True,False,1.1008842626126336,2.4646120916566705,1.6352789045228189,True,True,True,True,1.3128739854256768
5m,early_hl_wide_3r,early-higher-low,W011,SMCI,2026-05-22 11:05,35.1801,34.28,37.8804,7.6756,2026-05-22 15:05,35.635,time_exit,48,0.4549,0.01293,0.51,True,True,0.24212814579414044,1.1788380155325573,6.330253297272281,True,True,True,True,0.5614690824893883
5m,early_hl_wide_3r,early-higher-low,W013,SMCI,2026-05-26 11:30,36.53,35.67,39.11,7.0627,2026-05-26 15:30,37.185,time_exit,48,0.655,0.01793,0.76,True,True,0.3287596429544015,1.4432183715659574,2.66919435913735,True,True,True,True,0.797479681001991
5m,early_hl_wide_3r,early-higher-low,W006,TSM,2026-05-20 10:25,399.32,393.97,415.37,4.0193,2026-05-20 14:25,401.8,time_exit,48,2.48,0.00621,0.46,True,False,0.1496475141417264,1.976661057829987,1.252802080202442,True,True,True,True,0.8861147980805606
5m,early_hl_wide_3r,early-higher-low,W007,MRVL,2026-05-15 10:45,179.14,174.0,194.56,8.6078,2026-05-15 14:45,179.74,time_exit,48,0.6,0.00335,0.12,True,False,-0.7733053795403122,1.2099962582060364,-2.1563897161879564,False,False,False,True,0.32186246754949815
5m,early_hl_wide_3r,early-higher-low,W008,MRVL,2026-05-19 14:05,181.045,176.59,194.41,7.3821,2026-05-19 15:25,176.59,stop,16,-4.455,-0.02461,-1.0,False,False,0.19369458186315747,1.3292290244494964,2.5779054117607947,True,True,True,True,0.6111575346914034
5m,early_hl_wide_3r,early-higher-low,W012,MRVL,2026-05-27 15:25,201.42,198.35,210.63,4.5725,2026-05-27 15:55,198.35,stop,6,-3.07,-0.01524,-1.0,False,False,-0.04712595983380474,1.055717806300538,0.6091630297757833,True,True,False,False,1.1694742579907973
5m,early_hl_wide_3r,early-higher-low,W002,ON,2026-05-06 11:50,103.38,100.5,112.02,8.3575,2026-05-06 15:50,105.03,time_exit,48,1.65,0.01596,0.57,True,True,-0.40478584203228474,1.527722768418105,2.1549946588206748,True,True,True,True,0.23594607806434645
5m,early_hl_wide_3r,early-higher-low,W005,ON,2026-05-13 10:25,113.42,110.11,123.35,8.7551,2026-05-13 14:25,115.65,time_exit,48,2.23,0.01966,0.67,True,True,1.6265649113213154,8.594683468357367,10.882962010507779,True,True,True,True,0.5169343823032958
5m,early_hl_wide_3r,early-higher-low,W008,ON,2026-05-19 13:20,108.23,106.18,114.38,5.6824,2026-05-19 15:50,106.18,stop,30,-2.05,-0.01894,-1.0,False,False,0.445396095281847,1.1209686259065377,2.170838242573403,True,True,True,True,1.135692553921869
5m,early_hl_wide_3r,early-higher-low,W012,ON,2026-05-22 11:10,116.32,113.05,126.13,8.4336,2026-05-22 15:10,116.7991,time_exit,48,0.4791,0.00412,0.15,True,False,1.1814791096693478,2.1621894010538822,6.657513256073355,True,True,True,True,0.8735856264077874
5m,early_hl_wide_3r,early-higher-low,W004,KLAC,2026-05-11 10:40,1885.15,1849.74,1991.3801,5.6351,2026-05-11 14:20,1849.74,stop,44,-35.41,-0.01878,-1.0,False,False,0.37844031779501464,1.0773018847728855,0.3696233808471616,True,True,True,True,0.6540539603187776
5m,early_hl_wide_3r,early-higher-low,W002,QCOM,2026-05-07 10:40,193.2,187.26,211.02,9.2236,2026-05-07 11:30,211.02,target,10,17.82,0.09224,3.0,True,True,1.2682764005602865,2.051807273384254,0.4418291002977748,True,True,False,True,0.40685357378986314
5m,early_hl_wide_3r,early-higher-low,W004,QCOM,2026-05-15 10:25,205.62,199.38,224.34,9.1042,2026-05-15 11:55,199.38,stop,18,-6.24,-0.03035,-1.0,False,False,-0.3993862505588086,2.4014518177454036,1.5022191488847536,True,True,True,True,0.5948926956480842
5m,early_hl_wide_3r,early-higher-low,W006,QCOM,2026-05-19 14:05,200.27,194.2,218.48,9.0927,2026-05-19 15:55,195.63,session_close,22,-4.64,-0.02317,-0.76,False,False,0.4842657285093699,1.5133082942213383,2.020174377938311,True,True,True,True,1.4528404548554457
5m,early_hl_wide_3r,early-higher-low,W008,QCOM,2026-05-21 12:10,207.82,203.62,220.42,6.0629,2026-05-21 14:05,203.62,stop,23,-4.2,-0.02021,-1.0,False,False,1.6533801320303576,4.199363252449939,-0.46932546386077023,True,True,True,True,0.4694850218248317
5m,early_hl_wide_3r,early-higher-low,W004,LSCC,2026-05-08 10:50,124.52,121.45,133.73,7.3964,2026-05-08 14:50,125.32,time_exit,48,0.8,0.00642,0.26,True,False,0.24148387205733535,1.3056706835006482,4.3314327601443825,True,True,True,True,0.22359838727104195
5m,early_hl_wide_3r,early-higher-low,W010,LSCC,2026-05-20 10:55,133.61,130.32,143.48,7.3872,2026-05-20 12:25,130.32,stop,18,-3.29,-0.02462,-1.0,False,False,-0.24597631339204895,1.934655095446769,6.8887024271108155,True,True,True,True,0.2831695079440618
5m,early_hl_wide_3r,early-higher-low,W011,LSCC,2026-05-21 10:40,140.291,138.4,145.964,4.0437,2026-05-21 10:55,138.4,stop,3,-1.891,-0.01348,-1.0,False,False,-0.24502927075669145,1.8897320364156478,3.169533172287009,True,True,True,True,0.23350528906491938
5m,early_hl_wide_3r,early-higher-low,W007,ALAB,2026-05-14 13:35,225.465,219.23,244.17,8.2962,2026-05-14 15:55,228.64,session_close,28,3.175,0.01408,0.51,True,True,-0.44827177916232364,1.6826105690933568,2.0093236262290537,True,True,True,True,0.6337924110102866
5m,early_hl_wide_3r,early-higher-low,W009,ALAB,2026-05-18 15:40,214.44,208.97,230.85,7.6525,2026-05-18 15:55,215.58,session_close,3,1.14,0.00532,0.21,True,False,-0.10029685448709191,1.5145804078881442,-0.26314676714589424,True,True,False,False,1.0281033358251555
5m,early_hl_wide_3r,early-higher-low,W014,ALAB,2026-05-26 12:55,316.71,305.95,348.99,10.1923,2026-05-26 15:55,318.74,session_close,36,2.03,0.00641,0.19,True,False,0.020528492053117908,2.4321578816562717,2.6679136980174656,True,True,True,True,0.7755363250568689
5m,early_hl_wide_3r,early-higher-low,W001,CRDO,2026-05-05 12:10,194.81,189.66,210.26,7.9308,2026-05-05 15:55,193.52,session_close,45,-1.29,-0.00662,-0.25,False,False,0.5213491910904366,1.1899239185427346,3.9001297033755877,True,True,True,True,0.5681493940440614
5m,early_hl_wide_3r,early-higher-low,W009,CRDO,2026-05-14 12:40,186.075,180.39,203.13,9.1657,2026-05-14 15:55,184.33,session_close,39,-1.745,-0.00938,-0.31,False,False,0.45925590896764845,2.5650893246891515,1.6844333986633764,True,True,False,True,0.3591611678770148
5m,early_hl_wide_3r,early-higher-low,W014,CRDO,2026-05-22 13:50,215.0,208.73,233.81,8.7488,2026-05-22 15:55,218.36,session_close,25,3.36,0.01563,0.54,True,True,-0.1115215304477779,1.809143942524316,3.058634160229645,True,True,True,True,1.0661016892690938
5m,early_hl_wide_3r,early-higher-low,W002,COHR,2026-05-05 12:15,342.76,333.32,371.08,8.2623,2026-05-05 15:55,335.84,session_close,44,-6.92,-0.02019,-0.73,False,False,-0.1543880585232693,1.276447019576743,2.6258330452046508,True,True,True,True,0.5485284755027313
5m,early_hl_wide_3r,early-higher-low,W002,WOLF,2026-05-05 13:05,39.22,38.18,42.34,7.9551,2026-05-05 15:50,38.18,stop,33,-1.04,-0.02652,-1.0,False,False,-0.05631335069685717,2.0689707206963392,4.059439240493656,True,True,True,True,1.2261603444017897
5m,early_hl_wide_3r,early-higher-low,W004,WOLF,2026-05-07 11:05,47.72,46.28,52.04,9.0528,2026-05-07 11:55,46.28,stop,10,-1.44,-0.03018,-1.0,False,False,-1.0552495694357011,1.7663289778892866,15.062555617614247,True,True,True,True,0.35317453775843916
5m,early_hl_wide_3r,early-higher-low,W006,WOLF,2026-05-14 15:40,70.37,67.18,79.94,13.5996,2026-05-14 15:55,70.2,session_close,3,-0.17,-0.00242,-0.05,False,False,1.3340108171484788,4.212081882607466,2.4121830120595877,True,True,True,True,1.2888121214121073
5m,early_hl_wide_3r,early-higher-low,W008,WOLF,2026-05-21 13:55,70.72,68.0,78.88,11.5385,2026-05-21 15:55,69.64,session_close,24,-1.08,-0.01527,-0.4,False,False,2.9298427407380423,3.5319940263653926,2.982256496167701,True,True,True,True,1.646938645063694
5m,early_hl_wide_3r,early-higher-low,W009,WOLF,2026-05-27 15:40,61.6,59.73,67.21,9.1071,2026-05-27 15:55,63.15,session_close,3,1.55,0.02516,0.83,True,True,0.34251429096663344,1.596780081955007,1.4422730830367936,True,True,False,False,1.6678573140816937
5m,early_hl_wide_3r,early-higher-low,W002,AEHR,2026-05-05 12:15,92.0,89.99,98.03,6.5543,2026-05-05 15:20,89.99,stop,37,-2.01,-0.02185,-1.0,False,False,0.03265826032694541,1.929694497613177,2.761629196422777,True,True,True,True,0.2746500486481898
5m,early_hl_wide_3r,early-higher-low,W006,AEHR,2026-05-08 15:40,99.25,95.31,111.07,11.9093,2026-05-08 15:55,97.191,session_close,3,-2.059,-0.02075,-0.52,False,False,-0.5509988095685814,1.9726683785314725,5.3721174513627235,True,True,True,True,0.6848022891620775
5m,early_hl_wide_3r,early-higher-low,W009,AEHR,2026-05-13 13:35,100.335,97.32,109.38,9.0148,2026-05-13 15:55,103.23,session_close,28,2.895,0.02885,0.96,True,True,0.44548973625315735,1.38945029579709,4.071149541824837,True,True,True,True,0.6021866227034448
5m,early_hl_wide_3r,early-higher-low,W017,AEHR,2026-05-27 10:40,108.68,103.98,122.78,12.9739,2026-05-27 11:45,103.98,stop,13,-4.7,-0.04325,-1.0,False,False,-1.210502782556755,1.2993076706221407,-0.8145701741235079,False,False,True,True,0.602218122467836
5m,early_hl_wide_3r,early-higher-low,W003,PLTR,2026-05-07 11:20,139.86,136.51,149.91,7.1858,2026-05-07 13:25,136.51,stop,25,-3.35,-0.02395,-1.0,False,False,-0.17831497737977875,1.443812348228457,4.839605107533362,True,True,True,True,0.45752012793962477
5m,early_hl_wide_3r,early-higher-low,W011,PLTR,2026-05-29 11:05,157.4599,152.87,171.2296,8.7449,2026-05-29 15:05,155.53,time_exit,48,-1.9299,-0.01226,-0.42,False,False,0.06705603912178226,1.0367691557430447,10.372617619387125,True,True,True,True,0.4565669131163161
5m,early_hl_wide_3r,early-higher-low,W002,APP,2026-05-11 14:55,469.12,458.49,501.01,6.7978,2026-05-11 15:55,478.42,session_close,12,9.3,0.01982,0.87,True,True,-0.20148135443130988,1.2790073921032263,1.4159493840035564,True,True,True,True,0.8847467069919217
5m,early_hl_wide_3r,early-higher-low,W006,SOUN,2026-05-08 10:55,8.6401,8.34,9.5404,10.42,2026-05-08 14:55,8.695,time_exit,48,0.0549,0.00635,0.18,True,False,-0.28819102772229543,2.609718925151383,-7.536076517407542,False,False,False,True,0.3609233388200214
5m,early_hl_wide_3r,early-higher-low,W018,SOUN,2026-05-26 10:45,8.38,8.08,9.28,10.7399,2026-05-26 14:45,8.285,time_exit,48,-0.095,-0.01134,-0.32,False,False,-0.5804225892104276,2.900481980418279,2.1824497256493602,True,True,True,True,0.5376715514870102
5m,early_hl_wide_3r,early-higher-low,W019,SOUN,2026-05-27 10:40,8.195,7.97,8.87,8.2367,2026-05-27 14:40,8.195,time_exit,48,0.0,0.0,0.0,False,False,0.28745551415643167,1.7006879576708434,-0.1388594613079941,True,True,False,True,0.34984589593020876
5m,early_hl_wide_3r,early-higher-low,W021,SOUN,2026-05-28 10:45,8.245,8.15,8.53,3.4566,2026-05-28 13:25,8.53,target,32,0.285,0.03457,3.0,True,True,-0.33251351387504346,2.140062347677585,1.260443406988454,True,True,True,True,0.4830500075281825
5m,early_hl_wide_3r,early-higher-low,W023,SOUN,2026-05-29 11:35,9.155,8.81,10.19,11.3053,2026-05-29 15:35,8.955,time_exit,48,-0.2,-0.02185,-0.58,False,False,2.2893575396969235,3.7393759868368015,5.109066508326809,True,True,True,True,0.6255755700808614
5m,early_hl_wide_3r,early-higher-low,W005,BBAI,2026-05-06 13:10,4.3,4.14,4.78,11.1628,2026-05-06 15:55,4.365,session_close,33,0.065,0.01512,0.41,True,True,1.5537121856041614,3.509016353275829,4.385811615008239,True,True,True,True,1.068719152764609
5m,early_hl_wide_3r,early-higher-low,W006,BBAI,2026-05-07 11:35,4.325,4.24,4.58,5.8959,2026-05-07 12:05,4.24,stop,6,-0.085,-0.01965,-1.0,False,False,0.4883699422272958,2.4516367987691856,0.7226139301808043,True,True,False,True,0.9579260659873212
5m,early_hl_wide_3r,early-higher-low,W007,BBAI,2026-05-08 14:15,4.135,4.01,4.51,9.0689,2026-05-08 15:55,4.17,session_close,20,0.035,0.00846,0.28,True,False,1.889959101723071,3.5043891697924767,2.0987662751578595,True,True,True,True,0.9551713331825603
5m,early_hl_wide_3r,early-higher-low,W008,BBAI,2026-05-11 14:10,4.34,4.22,4.7,8.2949,2026-05-11 15:55,4.33,session_close,21,-0.01,-0.0023,-0.08,False,False,0.6952429333341836,1.9952947592241088,1.5186817102098127,True,True,True,True,1.5673361853717769
5m,early_hl_wide_3r,early-higher-low,W010,BBAI,2026-05-13 11:45,4.2801,4.15,4.6704,9.1189,2026-05-13 15:45,4.275,time_exit,48,-0.0051,-0.00119,-0.04,False,False,0.5875462913052409,2.3727575976248527,4.517714996220823,True,True,True,True,0.8736792216686082
5m,early_hl_wide_3r,early-higher-low,W011,BBAI,2026-05-14 10:50,4.26,4.1,4.74,11.2676,2026-05-14 14:50,4.315,time_exit,48,0.055,0.01291,0.34,True,True,1.4302727133328919,2.160868029104357,-0.8158472662781024,True,False,False,True,1.8809477938880041
5m,early_hl_wide_3r,early-higher-low,W013,BBAI,2026-05-18 15:40,3.925,3.84,4.18,6.4968,2026-05-18 15:55,3.92,session_close,3,-0.005,-0.00127,-0.06,False,False,0.5121634077604353,1.6839393519943346,1.552391788654428,True,True,False,True,0.3581556502880791
5m,early_hl_wide_3r,early-higher-low,W015,BBAI,2026-05-21 15:10,4.26,4.12,4.68,9.8592,2026-05-21 15:55,4.19,session_close,9,-0.07,-0.01643,-0.5,False,False,0.5241943338236021,2.277532209478883,4.215415532354538,True,True,True,True,0.5905411128462908
5m,early_hl_wide_3r,early-higher-low,W017,BBAI,2026-05-27 11:40,4.4493,4.24,5.0772,14.1123,2026-05-27 15:40,4.425,time_exit,48,-0.0243,-0.00546,-0.12,False,False,1.4800101041503977,2.181395861666635,8.296219500831281,True,True,True,True,1.2223557788189945
5m,early_hl_wide_3r,early-higher-low,W018,BBAI,2026-05-28 13:40,4.83,4.73,5.13,6.2112,2026-05-28 15:55,4.94,session_close,27,0.11,0.02277,1.1,True,True,-0.21496111628390713,1.101568709337153,2.279665611866455,True,True,True,True,0.5943181058249704
5m,early_hl_wide_3r,early-higher-low,W019,BBAI,2026-05-29 12:45,5.08,5.01,5.29,4.1339,2026-05-29 14:55,5.01,stop,26,-0.07,-0.01378,-1.0,False,False,0.8908541421945637,1.5984000374991147,7.278486997635936,True,True,True,True,0.32796333426771196
5m,early_hl_wide_3r,early-higher-low,W002,AI,2026-05-04 11:15,9.46,9.15,10.39,9.8309,2026-05-04 15:15,9.225,time_exit,48,-0.235,-0.02484,-0.76,False,False,0.48778263116822096,1.3494133931854835,2.8374171407899107,True,True,True,True,0.4865758024867362
5m,early_hl_wide_3r,early-higher-low,W003,AI,2026-05-05 10:55,9.29,9.0,10.16,9.3649,2026-05-05 14:55,9.3,time_exit,48,0.01,0.00108,0.03,True,False,-0.16120733832118983,2.2564658541032623,0.5411276187597958,True,True,False,True,1.3235550300859886
5m,early_hl_wide_3r,early-higher-low,W008,AI,2026-05-14 11:15,9.16,8.88,10.0,9.1703,2026-05-14 13:25,8.88,stop,26,-0.28,-0.03057,-1.0,False,False,1.2212845885747337,3.0405349167763163,5.5363268513546116,True,True,True,True,0.8103778299253925
5m,early_hl_wide_3r,early-higher-low,W014,AI,2026-05-27 10:40,9.61,9.42,10.18,5.9313,2026-05-27 14:40,9.525,time_exit,48,-0.085,-0.00884,-0.45,False,False,0.15728835785013828,1.2105239065069995,-0.048864938558956794,True,True,False,True,0.5013845255064587
5m,early_hl_wide_3r,early-higher-low,W001,PATH,2026-05-04 10:55,11.005,10.61,12.19,10.7678,2026-05-04 14:55,11.0,time_exit,48,-0.005,-0.00045,-0.01,False,False,0.5415563808346402,2.127091879799159,2.0797439749181468,True,True,True,True,0.6259416263269483
5m,early_hl_wide_3r,early-higher-low,W002,PATH,2026-05-06 11:00,10.46,10.17,11.33,8.3174,2026-05-06 15:00,10.42,time_exit,48,-0.04,-0.00382,-0.14,False,False,-0.4283681656707894,2.0886174328979434,-2.3452062132000684,False,False,False,True,0.32686340942955294
5m,early_hl_wide_3r,early-higher-low,W003,PATH,2026-05-08 14:05,10.76,10.53,11.45,6.4126,2026-05-08 15:55,10.79,session_close,22,0.03,0.00279,0.13,True,False,0.2797177799920947,1.4144326136666496,2.33111208585719,True,True,True,True,1.383256332362412
5m,early_hl_wide_3r,early-higher-low,W005,PATH,2026-05-15 11:20,9.965,9.73,10.67,7.0748,2026-05-15 15:20,10.31,time_exit,48,0.345,0.03462,1.47,True,True,0.6057589221024839,1.8905766433308102,2.57334015515589,True,True,True,True,0.7479281619463288
5m,early_hl_wide_3r,early-higher-low,W010,PATH,2026-05-28 14:00,12.015,11.73,12.87,7.1161,2026-05-28 15:35,11.73,stop,19,-0.285,-0.02372,-1.0,False,False,-0.14703175922442524,1.4774182084401177,2.559728531566985,True,True,True,True,0.5354343768682288
5m,early_hl_wide_3r,early-higher-low,W011,PATH,2026-05-29 11:00,11.655,11.23,12.93,10.9395,2026-05-29 15:00,11.675,time_exit,48,0.02,0.00172,0.05,True,False,1.8482123116537963,5.475108885008018,-2.509411900036762,True,True,False,True,0.44354248450070305
5m,early_hl_wide_3r,early-higher-low,W008,UPST,2026-05-20 11:25,28.95,28.32,30.84,6.5285,2026-05-20 15:25,28.95,time_exit,48,0.0,0.0,0.0,False,False,-0.20716457127507582,1.294614556406981,3.208561676856636,True,True,True,True,0.48258509502535823
5m,early_hl_wide_3r,early-higher-low,W014,AFRM,2026-05-28 12:10,72.735,70.73,78.75,8.2697,2026-05-28 15:55,72.99,session_close,45,0.255,0.00351,0.13,True,False,-0.3014541115148095,1.421806945684434,1.5290791074791477,True,True,True,True,0.5066052512138421
5m,early_hl_wide_3r,early-higher-low,W002,HOOD,2026-05-04 11:15,77.67,75.46,84.3,8.5361,2026-05-04 15:15,76.695,time_exit,48,-0.975,-0.01255,-0.44,False,False,0.23870097999405537,1.3171650133161128,4.654141311575488,True,True,True,True,0.5600269464849272
5m,early_hl_wide_3r,early-higher-low,W003,HOOD,2026-05-05 11:35,77.8,76.33,82.21,5.6684,2026-05-05 15:35,77.12,time_exit,48,-0.68,-0.00874,-0.46,False,False,-0.5368858242578822,1.0519448812905896,0.18695084845978815,True,True,True,True,0.44664503045467896
5m,early_hl_wide_3r,early-higher-low,W013,HOOD,2026-05-28 10:50,78.03,76.35,83.07,6.459,2026-05-28 13:50,83.07,target,36,5.04,0.06459,3.0,True,True,-0.1216249135332026,4.227066508882493,2.0203977301977982,True,True,True,True,0.4382659814910509
5m,early_hl_wide_3r,early-higher-low,W014,HOOD,2026-05-29 13:05,93.202,91.72,97.648,4.7703,2026-05-29 14:50,91.72,stop,21,-1.482,-0.0159,-1.0,False,False,-0.45910771766256575,1.0349518453130147,4.354160710204935,True,True,True,True,0.4357712601113462
5m,early_hl_wide_3r,early-higher-low,W002,COIN,2026-05-04 11:15,205.575,201.62,217.44,5.7716,2026-05-04 15:15,203.2675,time_exit,48,-2.3075,-0.01122,-0.58,False,False,1.330710836989324,2.186929809613125,7.711651741490777,True,True,True,True,0.5169602404034931
5m,early_hl_wide_3r,early-higher-low,W003,COIN,2026-05-08 11:35,192.0,186.65,208.05,8.3594,2026-05-08 15:35,197.17,time_exit,48,5.17,0.02693,0.97,True,True,0.6372581110634545,1.505052763622361,3.495237508134763,True,True,False,True,0.6761830411767278
5m,early_hl_wide_3r,early-higher-low,W005,COIN,2026-05-11 11:55,209.29,205.97,219.25,4.7589,2026-05-11 15:55,216.619,time_exit,48,7.329,0.03502,2.21,True,True,-0.05733344724695444,1.3075045754199488,3.697824552369644,True,True,True,True,0.39299456826627627
5m,early_hl_wide_3r,early-higher-low,W012,COIN,2026-05-20 10:55,193.85,189.25,207.65,7.1189,2026-05-20 14:55,193.195,time_exit,48,-0.655,-0.00338,-0.14,False,False,0.40368428442660864,1.475053578959562,0.5285544072148651,True,True,True,True,0.25952549011949233
5m,early_hl_wide_3r,early-higher-low,W005,MARA,2026-05-08 13:15,12.825,12.52,13.74,7.1345,2026-05-08 15:55,12.9539,session_close,32,0.1289,0.01005,0.42,True,True,-0.07791374251744365,1.0638316260508374,2.912854430973555,True,True,True,True,1.2051958971902954
5m,early_hl_wide_3r,early-higher-low,W008,MARA,2026-05-13 14:00,12.845,12.52,13.82,7.5905,2026-05-13 15:55,12.735,session_close,23,-0.11,-0.00856,-0.34,False,False,-0.310438192801632,1.7845026067385916,2.47307876657612,True,True,True,True,1.0026220494971105
5m,early_hl_wide_3r,early-higher-low,W011,MARA,2026-05-18 15:40,12.18,11.85,13.17,8.1281,2026-05-18 15:55,12.17,session_close,3,-0.01,-0.00082,-0.03,False,False,1.1179084113342785,2.353927887312013,1.7551193938058818,True,True,True,True,0.8329243951409495
5m,early_hl_wide_3r,early-higher-low,W016,MARA,2026-05-26 11:15,14.795,14.49,15.71,6.1845,2026-05-26 12:15,14.49,stop,12,-0.305,-0.02062,-1.0,False,False,0.8520790685065727,1.405767409463543,7.093742494948763,True,True,True,True,0.4899865979216335
5m,early_hl_wide_3r,early-higher-low,W013,RIOT,2026-05-20 11:25,23.83,23.35,25.27,6.0428,2026-05-20 15:25,23.9,time_exit,48,0.07,0.00294,0.15,True,False,-0.13569371865974622,1.2956600933093476,4.951584656689412,True,True,True,True,0.7158274514037906
5m,early_hl_wide_3r,early-higher-low,W009,CLSK,2026-05-13 14:10,13.43,13.13,14.33,6.7014,2026-05-13 15:55,13.295,session_close,21,-0.135,-0.01005,-0.45,False,False,0.11036428677388965,1.3498255211237709,2.1697271570767285,True,True,True,True,1.131099205801538
5m,early_hl_wide_3r,early-higher-low,W010,CLSK,2026-05-14 11:40,13.95,13.59,15.03,7.7419,2026-05-14 15:40,13.885,time_exit,48,-0.065,-0.00466,-0.18,False,False,1.2537915996502669,3.4017721259766764,4.2974574315925995,True,True,True,True,2.045801889968345
5m,early_hl_wide_3r,early-higher-low,W018,CLSK,2026-05-26 11:20,17.4298,16.68,19.6792,12.9055,2026-05-26 15:20,17.235,time_exit,48,-0.1948,-0.01118,-0.26,False,False,2.049771352753038,4.467674684297429,9.384801652508635,True,True,True,True,1.147273327059736
5m,early_hl_wide_3r,early-higher-low,W021,CLSK,2026-05-28 10:40,17.89,17.35,19.51,9.0553,2026-05-28 14:40,18.31,time_exit,48,0.42,0.02348,0.78,True,True,1.1874526330956758,1.0731462009396342,0.13989713126025816,True,True,True,True,0.2857372093661391
5m,early_hl_wide_3r,early-higher-low,W002,IREN,2026-05-05 10:50,50.77,49.06,55.9,10.1044,2026-05-05 14:35,55.9,target,45,5.13,0.10104,3.0,True,True,1.0149220329018993,1.2365355792420818,1.4794039524137492,True,True,True,True,0.43180931159128044
5m,early_hl_wide_3r,early-higher-low,W005,IREN,2026-05-08 14:30,62.025,60.04,67.98,9.601,2026-05-08 15:55,61.215,session_close,17,-0.81,-0.01306,-0.41,False,False,2.588699990585508,4.123644919433755,3.8947998573170883,True,True,True,True,1.3280700834045247
5m,early_hl_wide_3r,early-higher-low,W006,IREN,2026-05-11 12:55,59.88,57.27,67.71,13.0762,2026-05-11 15:10,57.27,stop,27,-2.61,-0.04359,-1.0,False,False,2.0269100959487307,2.806623107982542,6.860560882012212,True,True,True,True,0.863711945219823
5m,early_hl_wide_3r,early-higher-low,W009,IREN,2026-05-14 11:00,58.48,57.59,61.15,4.5657,2026-05-14 13:20,57.59,stop,28,-0.89,-0.01522,-1.0,False,False,0.6364469029757736,4.318457256267538,6.733581191203286,True,True,True,True,0.8675666349127489
5m,early_hl_wide_3r,early-higher-low,W011,IREN,2026-05-18 15:40,50.21,48.44,55.52,10.5756,2026-05-18 15:55,50.5,session_close,3,0.29,0.00578,0.16,True,False,1.2303283040062674,3.0170262616936228,1.8257186073264098,True,True,False,True,1.1599538721699985
5m,early_hl_wide_3r,early-higher-low,W013,IREN,2026-05-20 10:50,50.0212,48.31,55.1548,10.2628,2026-05-20 14:50,52.8,time_exit,48,2.7788,0.05555,1.62,True,True,-0.49642691593242416,2.1413142809670216,4.484775943821306,True,True,True,True,0.5918319874625516
5m,early_hl_wide_3r,early-higher-low,W015,IREN,2026-05-21 13:20,57.305,56.07,61.01,6.4654,2026-05-21 15:55,58.04,session_close,31,0.735,0.01283,0.6,True,True,0.5264067875504264,1.6230614909575891,2.6426629492247944,True,True,True,True,1.3000258646609646
5m,early_hl_wide_3r,early-higher-low,W017,IREN,2026-05-27 14:15,66.1608,64.23,71.9532,8.755,2026-05-27 15:55,67.835,session_close,20,1.6742,0.02531,0.87,True,True,0.7480896303915241,1.7161447399493213,3.2483216105965163,True,True,True,True,0.7620903591909952
5m,early_hl_wide_3r,early-higher-low,W011,CORZ,2026-05-13 14:00,23.7,22.98,25.86,9.1139,2026-05-13 15:55,24.01,session_close,23,0.31,0.01308,0.43,True,True,-0.021106864594999664,2.422142930860516,2.3336254527686284,True,True,True,True,0.6147522923720047
5m,early_hl_wide_3r,early-higher-low,W014,CORZ,2026-05-18 15:40,23.4,22.53,26.01,11.1538,2026-05-18 15:55,23.59,session_close,3,0.19,0.00812,0.22,True,False,1.5190905391206933,2.948944086895877,1.695649520210618,True,True,False,True,1.1677923017198286
5m,early_hl_wide_3r,early-higher-low,W016,CORZ,2026-05-20 10:50,23.39,22.67,25.55,9.2347,2026-05-20 14:50,23.25,time_exit,48,-0.14,-0.00599,-0.19,False,False,0.12847442743804116,1.3437341571007178,2.2747092586671958,True,True,True,True,0.3195657590318562
5m,early_hl_wide_3r,early-higher-low,W020,CORZ,2026-05-27 10:25,26.54,25.89,28.49,7.3474,2026-05-27 14:25,27.48,time_exit,48,0.94,0.03542,1.45,True,True,0.41785753491605515,1.0079854713581415,1.899466037519737,True,True,True,True,1.0032662990844041
5m,early_hl_wide_3r,early-higher-low,W002,CIFR,2026-05-04 10:20,17.6,17.27,18.59,5.625,2026-05-04 14:20,17.915,time_exit,48,0.315,0.0179,0.95,True,True,0.6289343155579052,2.923976542958573,2.2186082027066956,True,True,False,True,0.7908292133339134
5m,early_hl_wide_3r,early-higher-low,W003,CIFR,2026-05-05 11:00,19.385,18.82,21.08,8.7439,2026-05-05 13:00,21.08,target,24,1.695,0.08744,3.0,True,True,-0.6113038054764486,1.0739439855480981,9.822690116444388,True,True,True,True,0.45543998436975003
5m,early_hl_wide_3r,early-higher-low,W004,CIFR,2026-05-05 14:55,21.455,20.62,23.96,11.6756,2026-05-05 15:55,22.09,session_close,12,0.635,0.0296,0.76,True,True,2.229413546645276,3.247530632744211,2.8270159152563368,True,True,True,True,1.2411660119262655
5m,early_hl_wide_3r,early-higher-low,W006,CIFR,2026-05-11 11:10,21.085,20.66,22.36,6.0469,2026-05-11 15:10,20.77,time_exit,48,-0.315,-0.01494,-0.74,False,False,-0.5424607279629678,2.00773588121399,3.383175343084277,True,True,True,True,0.36470720803273654
5m,early_hl_wide_3r,early-higher-low,W008,CIFR,2026-05-13 11:20,20.985,20.54,22.32,6.3617,2026-05-13 15:20,21.045,time_exit,48,0.06,0.00286,0.13,True,False,0.022396300538352065,2.210861828078725,5.076345029287221,True,True,True,True,0.5145860064888909
5m,early_hl_wide_3r,early-higher-low,W010,CIFR,2026-05-14 12:05,22.0801,21.28,24.4804,10.8709,2026-05-14 15:55,22.29,session_close,46,0.2099,0.00951,0.26,True,False,0.9599958147321397,2.912395278023183,5.46799675841827,True,True,True,True,0.6349253709496999
5m,early_hl_wide_3r,early-higher-low,W011,CIFR,2026-05-15 14:30,20.795,20.1,22.88,10.0264,2026-05-15 15:55,20.325,session_close,17,-0.47,-0.0226,-0.68,False,False,1.1624585583361435,1.91542355979204,2.1556973513710886,True,True,False,True,1.088009819287226
5m,early_hl_wide_3r,early-higher-low,W015,CIFR,2026-05-27 13:25,24.24,23.25,27.21,12.2525,2026-05-27 15:55,25.14,session_close,30,0.9,0.03713,0.91,True,True,0.7115685931492477,3.123261350576767,5.965916645693881,True,True,True,True,1.0275930646106373
5m,early_hl_wide_3r,early-higher-low,W007,WULF,2026-05-08 14:15,23.57,23.26,24.5,3.9457,2026-05-08 15:15,23.26,stop,12,-0.31,-0.01315,-1.0,False,False,-0.1906782862990064,1.9917774648094522,2.6361634950936574,True,True,True,False,0.4770344412899946
5m,early_hl_wide_3r,early-higher-low,W008,WULF,2026-05-11 11:00,23.97,23.28,26.04,8.6358,2026-05-11 15:00,23.6,time_exit,48,-0.37,-0.01544,-0.54,False,False,-0.3947692441090056,1.3316365147552744,3.4527373087022584,True,True,True,True,0.3929756688139939
5m,early_hl_wide_3r,early-higher-low,W010,WULF,2026-05-13 15:00,23.36,22.83,24.95,6.8065,2026-05-13 15:55,23.12,session_close,11,-0.24,-0.01027,-0.45,False,False,-0.10692737137572017,1.720385337605701,2.749670094971357,True,True,True,True,1.4507823257906696
5m,early_hl_wide_3r,early-higher-low,W012,WULF,2026-05-15 14:30,22.59,22.02,24.3,7.5697,2026-05-15 15:55,22.315,session_close,17,-0.275,-0.01217,-0.48,False,False,0.3329667667463676,1.2771671099766957,2.1007460934251654,True,True,False,True,0.6535074245640343
5m,early_hl_wide_3r,early-higher-low,W018,WULF,2026-05-26 10:55,25.83,24.84,28.8,11.4983,2026-05-26 12:15,24.84,stop,16,-0.99,-0.03833,-1.0,False,False,0.957401056756102,2.8463304990123506,12.79195944113396,True,True,True,True,0.7066531435159056
5m,early_hl_wide_3r,early-higher-low,W004,HIVE,2026-05-05 10:30,2.66,2.61,2.81,5.6391,2026-05-05 13:20,2.81,target,34,0.15,0.05639,3.0,True,True,1.3307926193588893,3.094774565783065,2.1072823359321813,True,True,True,True,0.2933190189928212
5m,early_hl_wide_3r,early-higher-low,W006,HIVE,2026-05-08 14:10,2.875,2.81,3.07,6.7826,2026-05-08 15:25,2.81,stop,15,-0.065,-0.02261,-1.0,False,False,0.34903980558358416,1.5901087458339846,1.2288281896197129,True,True,True,True,1.1295519678471355
5m,early_hl_wide_3r,early-higher-low,W007,HIVE,2026-05-11 11:30,2.9801,2.86,3.3404,12.0902,2026-05-11 15:30,3.015,time_exit,48,0.0349,0.01171,0.29,True,True,3.9381527994154286,3.466201211893627,5.663711317219167,True,True,True,True,1.255645497646468
5m,early_hl_wide_3r,early-higher-low,W012,HIVE,2026-05-18 14:20,3.4007,3.37,3.4928,2.7083,2026-05-18 15:00,3.4928,target,8,0.0921,0.02708,3.0,True,True,-0.8646300236391902,1.04747826711995,-0.09681951190850802,False,True,True,False,0.5384750791538474
5m,early_hl_wide_3r,early-higher-low,W013,HIVE,2026-05-20 11:40,3.735,3.63,4.05,8.4337,2026-05-20 12:15,4.05,target,7,0.315,0.08434,3.0,True,True,0.8102781597504549,8.454809218916415,9.896603813612593,True,True,True,True,0.40473956005350475
5m,early_hl_wide_3r,early-higher-low,W015,HIVE,2026-05-22 11:40,4.1899,3.85,5.2096,24.3371,2026-05-22 15:40,4.085,time_exit,48,-0.1049,-0.02504,-0.31,False,False,5.40628986013858,6.6132277416088625,8.970088172708568,True,True,True,True,1.6573410522140535
5m,early_hl_wide_3r,early-higher-low,W017,HIVE,2026-05-27 10:40,3.9851,3.84,4.4204,10.9232,2026-05-27 14:30,4.4204,target,46,0.4353,0.10923,3.0,True,True,-0.7882801028803343,1.4519670775505977,-3.1626167527712634,False,False,False,True,0.3904655863411416
5m,early_hl_wide_3r,early-higher-low,W021,HIVE,2026-05-28 10:55,4.405,4.3,4.72,7.151,2026-05-28 14:55,4.4228,time_exit,48,0.0178,0.00404,0.17,True,False,0.5678439741052976,1.7278004530558055,0.7977185930524655,True,True,True,True,0.2814627679399661
5m,early_hl_wide_3r,early-higher-low,W023,HIVE,2026-05-29 11:40,4.355,4.22,4.76,9.2997,2026-05-29 15:40,4.45,time_exit,48,0.095,0.02181,0.7,True,True,1.7543814641410194,3.0976730214443915,1.6378847500017057,True,True,False,True,0.8285398043572262
5m,early_hl_wide_3r,early-higher-low,W005,BTDR,2026-05-06 13:40,14.05,13.73,15.01,6.8327,2026-05-06 14:25,15.01,target,9,0.96,0.06833,3.0,True,True,0.17825720416819735,1.1519067203553002,3.4609740034559744,True,True,True,True,0.6614225608176371
5m,early_hl_wide_3r,early-higher-low,W006,BTDR,2026-05-11 12:05,13.49,13.14,14.54,7.7835,2026-05-11 15:50,13.14,stop,45,-0.35,-0.02595,-1.0,False,False,0.07423366747805193,1.2012000831672642,0.4470899076101542,True,True,True,True,1.834964420882275
5m,early_hl_wide_3r,early-higher-low,W008,BTDR,2026-05-13 10:50,13.01,12.48,14.6,12.2214,2026-05-13 14:50,13.245,time_exit,48,0.235,0.01806,0.44,True,True,1.2835544255386244,2.7624339334029857,2.278090541678046,True,True,True,True,0.91037480600849
5m,early_hl_wide_3r,early-higher-low,W010,BTDR,2026-05-14 11:15,13.63,13.11,15.19,11.4453,2026-05-14 15:15,14.06,time_exit,48,0.43,0.03155,0.83,True,True,1.9093981518640835,2.552892519342298,3.1842311573579307,True,True,True,True,0.8672277105869265
5m,early_hl_wide_3r,early-higher-low,W012,BTDR,2026-05-15 14:40,13.455,13.0,14.82,10.1449,2026-05-15 15:55,13.335,session_close,15,-0.12,-0.00892,-0.26,False,False,0.18614756487118633,1.2415347052418202,1.9318190767088739,True,True,True,True,1.2325308731782043
5m,early_hl_wide_3r,early-higher-low,W013,BTDR,2026-05-19 13:40,12.755,12.5,13.52,5.9977,2026-05-19 15:55,12.82,session_close,27,0.065,0.0051,0.25,True,False,0.43324384795537796,1.8777439091532067,2.2453867439884645,True,True,True,True,0.8656850868201161
5m,early_hl_wide_3r,early-higher-low,W015,BTDR,2026-05-21 10:30,13.6,13.33,14.41,5.9559,2026-05-21 14:30,14.275,time_exit,48,0.675,0.04963,2.5,True,True,0.0,2.486811697982949,3.343469142548239,True,True,True,True,0.4793381303300119
5m,early_hl_wide_3r,early-higher-low,W017,BTDR,2026-05-22 11:20,14.995,14.63,16.09,7.3024,2026-05-22 12:15,14.63,stop,11,-0.365,-0.02434,-1.0,False,False,-0.8597891231803434,1.0107790902152747,2.4957249307224982,True,True,True,True,0.4767232890587357
5m,early_hl_wide_3r,early-higher-low,W018,BTDR,2026-05-27 14:35,15.558,15.17,16.722,7.4817,2026-05-27 15:55,15.535,session_close,16,-0.023,-0.00148,-0.06,False,False,1.5670958626723852,1.7997419961414796,-0.22450190551346338,True,True,True,True,0.6075321723907334
5m,early_hl_wide_3r,early-higher-low,W005,HUT,2026-05-11 11:00,104.23,101.99,110.95,6.4473,2026-05-11 14:55,101.99,stop,47,-2.24,-0.02149,-1.0,False,False,-0.05094896099986368,1.8578288728317238,6.556869775618845,True,True,True,True,0.18060176448286
5m,early_hl_wide_3r,early-higher-low,W007,HUT,2026-05-12 14:40,104.805,101.05,116.07,10.7485,2026-05-12 15:55,107.3,session_close,15,2.495,0.02381,0.66,True,True,1.7721857533026686,2.3086663485021752,5.735469532954363,True,True,True,True,1.3918920976114721
5m,early_hl_wide_3r,early-higher-low,W008,HUT,2026-05-13 14:05,109.895,108.77,113.27,3.0711,2026-05-13 14:55,108.77,stop,10,-1.125,-0.01024,-1.0,False,False,0.3143089533289345,2.7161786149241474,4.448873575097267,True,True,True,True,0.8316369731635245
5m,early_hl_wide_3r,early-higher-low,W011,HUT,2026-05-20 10:50,97.98,94.99,106.95,9.1549,2026-05-20 14:50,95.34,time_exit,48,-2.64,-0.02694,-0.88,False,False,-1.2126414388130335,1.2688950202841776,5.30465525645798,True,True,True,True,0.3009718050331928
5m,early_hl_wide_3r,early-higher-low,W014,HUT,2026-05-26 11:50,115.765,112.61,125.23,8.176,2026-05-26 14:05,112.61,stop,27,-3.155,-0.02725,-1.0,False,False,-0.43912703539753517,1.811169240855981,3.3518055881838427,True,True,True,True,0.6664994944148934
5m,early_hl_wide_3r,early-higher-low,W015,HUT,2026-05-27 14:15,117.97,115.87,124.27,5.3403,2026-05-27 15:55,117.6,session_close,20,-0.37,-0.00314,-0.18,False,False,0.6822406684197979,1.8197504664820618,1.4086921623796211,True,True,True,True,0.9924045824746016
5m,early_hl_wide_3r,early-higher-low,W003,QBTS,2026-05-05 14:55,21.605,21.06,23.24,7.5677,2026-05-05 15:55,21.52,session_close,12,-0.085,-0.00393,-0.16,False,False,0.76958490703678,1.5034047315867216,1.7409665841013666,True,True,True,True,1.408273633790186
5m,early_hl_wide_3r,early-higher-low,W004,QBTS,2026-05-06 10:20,22.69,22.19,24.19,6.6108,2026-05-06 14:20,23.815,time_exit,48,1.125,0.04958,2.25,True,True,1.3404877375290392,4.999999558484114,4.70914342081834,True,True,True,True,0.6155343673566898
5m,early_hl_wide_3r,early-higher-low,W006,QBTS,2026-05-08 10:55,22.16,21.34,24.62,11.1011,2026-05-08 14:55,21.89,time_exit,48,-0.27,-0.01218,-0.33,False,False,-0.13526008220343666,2.475132329758223,1.0953891957535378,True,False,False,True,0.46283160592986866
5m,early_hl_wide_3r,early-higher-low,W008,QBTS,2026-05-11 11:55,24.22,23.4,26.68,10.1569,2026-05-11 15:55,24.015,time_exit,48,-0.205,-0.00846,-0.25,False,False,0.28991382686724965,2.1729931353156706,4.51014273997834,True,True,True,True,0.5810504490682894
5m,early_hl_wide_3r,early-higher-low,W010,QBTS,2026-05-12 14:40,22.1,21.44,24.08,8.9593,2026-05-12 15:55,22.355,session_close,15,0.255,0.01154,0.39,True,True,1.0597621879586905,1.1675785667812022,2.6957933542173462,True,True,False,False,0.5334338755402677
5m,early_hl_wide_3r,early-higher-low,W015,QBTS,2026-05-18 15:40,18.95,18.39,20.63,8.8654,2026-05-18 15:55,19.09,session_close,3,0.14,0.00739,0.25,True,False,0.23809564657251148,2.129382609216024,1.9644767094560978,True,True,False,True,1.184478168419213
5m,early_hl_wide_3r,early-higher-low,W019,QBTS,2026-05-22 11:10,29.615,28.61,32.63,10.1806,2026-05-22 15:10,28.88,time_exit,48,-0.735,-0.02482,-0.73,False,False,-0.8704393089280948,1.5780480200379365,17.40682560079405,True,True,True,True,0.2822804825547871
5m,early_hl_wide_3r,early-higher-low,W020,QBTS,2026-05-28 10:45,28.425,27.48,31.26,9.9736,2026-05-28 14:45,29.44,time_exit,48,1.015,0.03571,1.07,True,True,0.13035284773499356,1.7069285932892475,4.897588504463379,True,True,True,True,0.6792949978979206
5m,early_hl_wide_3r,early-higher-low,W004,QUBT,2026-05-05 14:55,9.575,9.31,10.37,8.3029,2026-05-05 15:55,9.55,session_close,12,-0.025,-0.00261,-0.09,False,False,0.4734358311640374,1.7581242176771372,1.812367528996317,True,True,True,True,1.1001255470002975
5m,early_hl_wide_3r,early-higher-low,W005,QUBT,2026-05-06 13:30,10.2693,9.97,11.1672,8.7435,2026-05-06 15:55,10.455,session_close,29,0.1857,0.01808,0.62,True,True,0.9341225793130015,1.5301254983059787,4.319107562443381,True,True,True,True,2.576866799987926
5m,early_hl_wide_3r,early-higher-low,W009,QUBT,2026-05-13 13:00,11.245,10.89,12.31,9.4709,2026-05-13 15:55,11.04,session_close,35,-0.205,-0.01823,-0.58,False,False,1.527882539532821,3.3532362282334915,2.4123837196633247,True,True,False,True,1.0306096908455697
5m,early_hl_wide_3r,early-higher-low,W011,QUBT,2026-05-18 15:40,9.76,9.42,10.78,10.4508,2026-05-18 15:55,9.715,session_close,3,-0.045,-0.00461,-0.13,False,False,0.9311966160694629,2.630194602735214,2.414703465847867,True,True,False,False,1.3771821993377402
5m,early_hl_wide_3r,early-higher-low,W012,QUBT,2026-05-21 14:10,11.275,11.03,12.01,6.5188,2026-05-21 15:55,11.4,session_close,21,0.125,0.01109,0.51,True,True,-0.05316406916822114,1.2477552484830845,0.391638869202815,True,True,True,True,0.5738876937785973
5m,early_hl_wide_3r,early-higher-low,W013,QUBT,2026-05-22 11:10,13.0591,12.7,14.1364,8.2494,2026-05-22 13:40,12.7,stop,30,-0.3591,-0.0275,-1.0,False,False,-0.9817850317253574,1.257699314604399,15.034816046778365,True,True,True,True,0.27965575271625415
5m,early_hl_wide_3r,early-higher-low,W003,ARQQ,2026-05-06 12:30,15.4301,14.93,16.9304,9.7232,2026-05-06 15:55,15.66,session_close,41,0.2299,0.0149,0.46,True,True,0.16186838911345092,1.7763188233666627,1.7094032099260303,True,True,True,True,0.6029244280702291
5m,early_hl_wide_3r,early-higher-low,W004,ARQQ,2026-05-07 11:40,15.975,15.49,17.43,9.108,2026-05-07 12:15,15.49,stop,7,-0.485,-0.03036,-1.0,False,False,-0.5617986892395899,1.464971329330278,0.5047313677012832,True,True,True,True,0.36334583854383773
5m,early_hl_wide_3r,early-higher-low,W005,ARQQ,2026-05-08 14:40,14.97,14.64,15.96,6.6132,2026-05-08 15:55,14.96,session_close,15,-0.01,-0.00067,-0.03,False,False,-0.266317671825822,2.1828083093787143,2.1479685046211117,True,True,True,True,1.6922161341295738
5m,early_hl_wide_3r,early-higher-low,W007,ARQQ,2026-05-13 13:05,14.1195,13.75,15.228,7.8508,2026-05-13 15:55,13.83,session_close,31,-0.2895,-0.0205,-0.78,False,False,-0.08715473543768892,3.145576465076072,1.6589927531229565,True,True,False,True,0.63246004746373
5m,early_hl_wide_3r,early-higher-low,W008,ARQQ,2026-05-14 13:05,13.98,13.67,14.91,6.6524,2026-05-14 15:55,13.86,session_close,34,-0.12,-0.00858,-0.39,False,False,-0.3914612414884555,1.3719050020029488,1.781817349520587,True,True,True,True,0.3106391921779771
5m,early_hl_wide_3r,early-higher-low,W009,ARQQ,2026-05-15 14:15,13.38,12.99,14.55,8.7444,2026-05-15 15:55,13.365,session_close,20,-0.015,-0.00112,-0.04,False,False,-0.297176535955912,2.3646104327608164,1.2066353291880771,True,True,False,True,1.3116259493791969
5m,early_hl_wide_3r,early-higher-low,W011,ARQQ,2026-05-18 15:30,12.67,12.42,13.42,5.9195,2026-05-18 15:55,12.73,session_close,5,0.06,0.00474,0.24,True,False,0.9166980503689137,1.4423101905300717,0.2375275748168093,True,True,False,False,1.1237057502130186
5m,early_hl_wide_3r,early-higher-low,W015,ARQQ,2026-05-22 12:20,18.625,18.01,20.47,9.906,2026-05-22 14:00,18.01,stop,20,-0.615,-0.03302,-1.0,False,False,-1.0106310341462255,2.1685449050492966,4.786038122271119,True,True,True,True,1.0843882843321562
5m,early_hl_wide_3r,early-higher-low,W009,LAES,2026-05-14 11:40,3.045,2.98,3.24,6.4039,2026-05-14 15:40,3.085,time_exit,48,0.04,0.01314,0.62,True,True,0.4917319089749572,3.9249149118286697,5.729165114462442,True,True,True,True,0.37696826973202885
5m,early_hl_wide_3r,early-higher-low,W011,LAES,2026-05-18 15:40,2.775,2.71,2.97,7.027,2026-05-18 15:55,2.8,session_close,3,0.025,0.00901,0.38,True,False,0.9127601663858176,1.8348694489809692,1.8348694489809692,True,True,False,True,0.6213773463835776
5m,early_hl_wide_3r,early-higher-low,W014,LAES,2026-05-21 11:55,3.285,3.19,3.57,8.6758,2026-05-21 15:55,3.27,time_exit,48,-0.015,-0.00457,-0.16,False,False,0.45871880708465707,1.8604707898419726,1.6996430696409437,True,True,True,True,0.567278266279381
5m,early_hl_wide_3r,early-higher-low,W015,LAES,2026-05-22 11:10,3.485,3.37,3.83,9.8996,2026-05-22 13:40,3.37,stop,30,-0.115,-0.033,-1.0,False,False,-1.9662902912336522,1.4534869617613966,5.63913312253792,True,True,True,True,0.345758321524065
5m,early_hl_wide_3r,early-higher-low,W016,LAES,2026-05-28 10:20,3.555,3.39,4.05,13.9241,2026-05-28 14:20,3.6601,time_exit,48,0.1051,0.02956,0.64,True,True,2.008613307560858,1.2907087811904194,3.3400224897037756,True,True,True,True,1.2187907359534482
5m,early_hl_wide_3r,early-higher-low,W019,LAES,2026-05-28 15:30,3.72,3.58,4.14,11.2903,2026-05-28 15:55,3.73,session_close,5,0.01,0.00269,0.07,True,False,1.0884343502594263,1.6415853146156678,2.4827562529465386,True,True,True,True,1.534557043353614
5m,early_hl_wide_3r,early-higher-low,W006,QS,2026-05-11 12:00,8.175,7.94,8.88,8.6239,2026-05-11 15:55,8.03,session_close,47,-0.145,-0.01774,-0.62,False,False,-1.087074974119595,1.5682214520284843,5.344500268201724,True,True,True,True,0.5773119561008989
5m,early_hl_wide_3r,early-higher-low,W016,QS,2026-05-22 10:40,8.53,8.27,9.31,9.1442,2026-05-22 11:50,8.27,stop,14,-0.26,-0.03048,-1.0,False,False,1.298095709484981,1.6603025864123877,2.086178376258374,True,True,True,True,0.9025891769047135
5m,early_hl_wide_3r,early-higher-low,W017,QS,2026-05-27 13:00,9.22,8.96,10.0,8.4599,2026-05-27 15:05,8.96,stop,25,-0.26,-0.0282,-1.0,False,False,-0.6476250374455872,1.7648973973850124,1.9911758829128212,True,True,True,True,0.519770218414568
5m,early_hl_wide_3r,early-higher-low,W003,ENVX,2026-05-05 11:05,6.945,6.71,7.65,10.1512,2026-05-05 15:05,6.86,time_exit,48,-0.085,-0.01224,-0.36,False,False,-0.5014304773133138,2.2075068974722223,2.660758443876965,True,True,True,True,0.2648338280505793
5m,early_hl_wide_3r,early-higher-low,W006,ENVX,2026-05-11 14:15,7.4197,7.27,7.8688,6.0528,2026-05-11 15:25,7.27,stop,14,-0.1497,-0.02018,-1.0,False,False,0.0,1.3670526842151087,-0.06738698638147911,True,True,True,True,0.5388404982673035
5m,early_hl_wide_3r,early-higher-low,W008,ENVX,2026-05-13 11:45,7.205,6.99,7.85,8.9521,2026-05-13 15:45,7.415,time_exit,48,0.21,0.02915,0.98,True,True,-0.414653894329331,1.9094731084420058,4.7999988902698965,True,True,True,True,0.5262972405820917
5m,early_hl_wide_3r,early-higher-low,W012,ENVX,2026-05-20 12:20,6.035,5.86,6.56,8.6992,2026-05-20 15:55,6.345,session_close,43,0.31,0.05137,1.77,True,True,0.6504342152779952,2.1133291238979446,8.154120608013526,True,True,True,True,0.7356250755018168
5m,early_hl_wide_3r,early-higher-low,W014,ENVX,2026-05-22 11:15,6.715,6.47,7.45,10.9457,2026-05-22 15:15,6.73,time_exit,48,0.015,0.00223,0.06,True,False,0.2991769797711985,2.8374224435695705,6.1757698012951945,True,True,True,True,0.43623264761017927
5m,early_hl_wide_3r,early-higher-low,W016,ENVX,2026-05-27 11:35,7.515,7.25,8.31,10.5788,2026-05-27 15:35,7.315,time_exit,48,-0.2,-0.02661,-0.75,False,False,2.1739109308372973,2.452313686603391,5.174823505230575,True,True,True,True,1.6787555730355175
5m,early_hl_wide_3r,early-higher-low,W017,ENVX,2026-05-28 10:55,7.55,7.32,8.24,9.1391,2026-05-28 14:55,7.69,time_exit,48,0.14,0.01854,0.61,True,True,-0.526661790098848,2.301957944319888,2.4406756384897976,True,True,True,True,1.497859706482341
5m,early_hl_wide_3r,early-higher-low,W019,ENVX,2026-05-29 10:40,7.49,7.29,8.09,8.0107,2026-05-29 13:15,8.09,target,31,0.6,0.08011,3.0,True,True,-0.7952278618002739,1.1486491493450712,-2.981205632203854,False,False,False,True,0.30393735983415154
5m,early_hl_wide_3r,early-higher-low,W002,JOBY,2026-05-06 13:05,10.1901,9.85,11.2104,10.0127,2026-05-06 15:55,10.51,session_close,34,0.3199,0.03139,0.94,True,True,-0.18806885152733432,1.494020110559724,3.556904698861829,True,True,True,True,0.9165933131648756
5m,early_hl_wide_3r,early-higher-low,W005,JOBY,2026-05-11 12:15,10.9246,10.56,12.0184,10.0123,2026-05-11 15:55,10.77,session_close,44,-0.1546,-0.01415,-0.42,False,False,-0.023790367589127115,1.912312673504002,1.4862967237279534,True,True,True,True,1.3493003359028737
5m,early_hl_wide_3r,early-higher-low,W007,JOBY,2026-05-13 11:55,11.045,10.78,11.84,7.1978,2026-05-13 15:55,11.07,time_exit,48,0.025,0.00226,0.09,True,False,-0.807900806231443,1.1163958233465276,7.229498917966071,True,True,True,True,1.7737984595846537
5m,early_hl_wide_3r,early-higher-low,W009,JOBY,2026-05-15 10:40,10.44,10.15,11.31,8.3333,2026-05-15 14:40,10.505,time_exit,48,0.065,0.00623,0.22,True,False,1.261524605444464,1.9540866599734086,-2.382664658630773,True,True,False,True,0.23194652353379724
5m,early_hl_wide_3r,early-higher-low,W011,JOBY,2026-05-18 15:40,10.32,10.01,11.25,9.0116,2026-05-18 15:55,10.35,session_close,3,0.03,0.00291,0.1,True,False,0.3404654505958282,1.9772596519102903,1.424758510381019,True,True,True,True,1.3337201536149608
5m,early_hl_wide_3r,early-higher-low,W015,JOBY,2026-05-22 11:15,10.98,10.65,11.97,9.0164,2026-05-22 15:15,10.9281,time_exit,48,-0.0519,-0.00473,-0.16,False,False,-1.6143440148851718,1.2459642677114857,6.453177507612762,True,True,True,True,0.913226667196567
5m,early_hl_wide_3r,early-higher-low,W008,ACHR,2026-05-11 14:10,6.6699,6.57,6.9696,4.4933,2026-05-11 15:50,6.57,stop,20,-0.0999,-0.01498,-1.0,False,False,0.22539242693768724,2.222221897428933,1.062142000938815,True,True,True,True,1.0203551015070413
5m,early_hl_wide_3r,early-higher-low,W010,ACHR,2026-05-13 10:50,6.52,6.37,6.97,6.9018,2026-05-13 14:50,6.675,time_exit,48,0.155,0.02377,1.03,True,True,1.3209019254514232,1.3209019254514232,3.98724084147537,True,True,True,True,0.6900540750634873
5m,early_hl_wide_3r,early-higher-low,W011,ACHR,2026-05-14 13:05,6.52,6.41,6.85,5.0613,2026-05-14 13:20,6.41,stop,3,-0.11,-0.01687,-1.0,False,False,0.23095217224107234,1.2441742251785293,2.924907908229546,True,True,True,True,0.9120905966891726
5m,early_hl_wide_3r,early-higher-low,W013,ACHR,2026-05-15 10:40,6.17,6.03,6.59,6.8071,2026-05-15 14:40,6.125,time_exit,48,-0.045,-0.00729,-0.32,False,False,1.1041960434577502,1.188799278618502,-4.676084950127035,False,False,False,True,0.4775618212727195
5m,early_hl_wide_3r,early-higher-low,W014,ACHR,2026-05-18 15:40,5.915,5.8,6.26,5.8326,2026-05-18 15:55,5.92,session_close,3,0.005,0.00085,0.04,True,False,-0.8382261434338956,1.1976077703004018,0.08290855741208691,True,True,False,False,1.3103065986537452
5m,early_hl_wide_3r,early-higher-low,W015,ACHR,2026-05-19 12:30,5.925,5.77,6.39,7.8481,2026-05-19 15:55,5.905,session_close,41,-0.02,-0.00338,-0.13,False,False,0.1655370166769421,1.800864610168218,3.490467375987505,True,True,True,True,0.8782255023433713
5m,early_hl_wide_3r,early-higher-low,W018,ACHR,2026-05-22 11:15,6.32,6.16,6.8,7.5949,2026-05-22 15:15,6.2401,time_exit,48,-0.0799,-0.01264,-0.5,False,False,-0.23538651766411567,1.3643665792414161,3.865133823409006,True,True,True,True,1.5665393888961585
5m,early_hl_wide_3r,early-higher-low,W019,ACHR,2026-05-26 10:45,6.685,6.43,7.45,11.4435,2026-05-26 14:45,6.465,time_exit,48,-0.22,-0.03291,-0.86,False,False,-0.593471264263723,2.134144324798215,7.0270431670135025,True,True,True,True,1.6541198104150856
5m,early_hl_wide_3r,early-higher-low,W020,ACHR,2026-05-27 13:00,6.54,6.4,6.96,6.422,2026-05-27 15:55,6.55,session_close,35,0.01,0.00153,0.07,True,False,-0.5327294267089333,1.0827485409447224,0.5384591909555203,True,True,True,True,0.6354934190700057
5m,early_hl_wide_3r,early-higher-low,W003,LUNR,2026-05-05 15:25,24.84,24.23,26.67,7.3672,2026-05-05 15:55,24.78,session_close,6,-0.06,-0.00242,-0.1,False,False,-0.21333338646426503,1.7447110942200972,3.1432757049487003,True,True,True,False,0.6377278913566843
5m,early_hl_wide_3r,early-higher-low,W006,LUNR,2026-05-11 12:10,32.55,31.84,34.68,6.5438,2026-05-11 15:55,32.425,session_close,45,-0.125,-0.00384,-0.18,False,False,-0.1227775115998142,1.0559010699751736,2.0062736822896277,True,True,True,True,0.5233930672197029
5m,early_hl_wide_3r,early-higher-low,W009,LUNR,2026-05-13 11:40,36.6297,35.32,40.5588,10.7265,2026-05-13 14:55,35.32,stop,39,-1.3097,-0.03576,-1.0,False,False,2.177833970111931,3.572683109239083,7.315639833963061,True,True,True,True,0.8080490619119377
5m,early_hl_wide_3r,early-higher-low,W010,LUNR,2026-05-14 13:35,36.3095,35.15,39.788,9.5802,2026-05-14 15:55,36.52,session_close,28,0.2105,0.0058,0.18,True,False,-1.0643993730782064,1.1010663389278363,1.6110347316493856,True,False,True,True,0.46766161063238254
5m,early_hl_wide_3r,early-higher-low,W011,LUNR,2026-05-18 15:40,34.2,32.77,38.49,12.5439,2026-05-18 15:55,33.6,session_close,3,-0.6,-0.01754,-0.42,False,False,0.707135203823861,2.8898225442399283,2.6734736112107305,True,True,True,False,1.1698937617155083
5m,early_hl_wide_3r,early-higher-low,W015,LUNR,2026-05-21 15:10,34.3,33.55,36.55,6.5598,2026-05-21 15:55,34.25,session_close,9,-0.05,-0.00146,-0.07,False,False,-0.8094789767612243,1.3739108755104645,0.9711649072993822,True,True,True,True,0.8767258986598936
5m,early_hl_wide_3r,early-higher-low,W016,LUNR,2026-05-22 11:15,37.76,36.26,42.26,11.9174,2026-05-22 15:15,38.06,time_exit,48,0.3,0.00794,0.2,True,False,0.15918651319390964,3.3682878120110615,11.127753387073724,True,True,True,True,0.8731785830595294
5m,early_hl_wide_3r,early-higher-low,W018,LUNR,2026-05-27 11:35,39.18,37.87,43.11,10.0306,2026-05-27 15:35,39.76,time_exit,48,0.58,0.0148,0.44,True,True,0.5344943916018918,2.4983698343408633,10.67796219311894,True,True,False,True,0.575748572286406
5m,early_hl_wide_3r,early-higher-low,W004,SPCE,2026-05-11 11:10,2.95,2.86,3.22,9.1525,2026-05-11 15:10,2.995,time_exit,48,0.045,0.01525,0.5,True,True,-1.990055691889503,1.3722114022807652,0.0,True,True,True,True,0.32203947545865
5m,early_hl_wide_3r,early-higher-low,W006,SPCE,2026-05-12 14:15,2.78,2.73,2.93,5.3957,2026-05-12 15:55,2.79,session_close,20,0.01,0.0036,0.2,True,False,0.7259520905890327,1.4625302305616872,1.4625302305616872,True,True,False,False,1.030576571163248
5m,early_hl_wide_3r,early-higher-low,W007,SPCE,2026-05-13 11:00,2.865,2.77,3.15,9.9476,2026-05-13 15:00,2.8599,time_exit,48,-0.0051,-0.00178,-0.05,False,False,1.522123260462216,3.165469785376107,3.165469785376107,True,True,True,True,1.5276865575635288
5m,early_hl_wide_3r,early-higher-low,W011,SPCE,2026-05-15 15:40,2.8399,2.77,3.0496,7.3841,2026-05-15 15:55,2.81,session_close,3,-0.0299,-0.01053,-0.43,False,False,1.2500030866691603,1.4311256086284585,1.0695176711511767,True,True,True,True,0.7592446788966748
5m,early_hl_wide_3r,early-higher-low,W012,SPCE,2026-05-19 13:20,2.4901,2.45,2.6104,4.8311,2026-05-19 15:55,2.495,session_close,31,0.0049,0.00197,0.12,True,False,-0.3992107155678881,1.0121399457197366,2.044987880632343,True,True,False,True,1.0631704943340083
5m,early_hl_wide_3r,early-higher-low,W013,SPCE,2026-05-21 11:55,2.57,2.5,2.78,8.1712,2026-05-21 15:55,2.735,time_exit,48,0.165,0.0642,2.36,True,True,0.0,2.8056182313487943,1.183430783985151,True,True,True,True,1.1175247605014569
5m,early_hl_wide_3r,early-higher-low,W017,SPCE,2026-05-28 12:50,3.96,3.7,4.74,19.697,2026-05-28 15:55,4.51,session_close,37,0.55,0.13889,2.12,True,True,4.068329447726682,5.73565089356356,6.877195317137219,True,True,True,True,3.0459816463392304
5m,early_hl_wide_3r,early-higher-low,W005,NNE,2026-05-08 14:30,27.4224,26.7,29.5896,7.903,2026-05-08 14:55,26.7,stop,5,-0.7224,-0.02634,-1.0,False,False,2.007438376152826,3.3132571001880162,4.294949034788043,True,True,True,True,0.9457761143370852
5m,early_hl_wide_3r,early-higher-low,W008,NNE,2026-05-13 13:05,27.34,26.86,28.78,5.267,2026-05-13 15:20,26.86,stop,27,-0.48,-0.01756,-1.0,False,False,-1.9351317302387039,1.146030987188662,0.5143324780628733,False,False,True,True,0.9266433049525009
5m,early_hl_wide_3r,early-higher-low,W009,NNE,2026-05-14 11:20,26.96,25.85,30.29,12.3516,2026-05-14 15:20,27.365,time_exit,48,0.405,0.01502,0.36,True,True,0.9019156918951943,1.8202484905581962,-0.8310263162677689,True,True,False,True,0.788648966560242
5m,early_hl_wide_3r,early-higher-low,W015,NNE,2026-05-22 10:40,26.475,25.96,28.02,5.8357,2026-05-22 14:40,26.655,time_exit,48,0.18,0.0068,0.35,True,False,-0.15048535851587275,1.4526034798613585,6.822304886367103,True,True,True,True,0.3618007132226759
5m,early_hl_wide_3r,early-higher-low,W018,NNE,2026-05-28 10:45,27.73,26.62,31.06,12.0087,2026-05-28 14:45,28.6001,time_exit,48,0.8701,0.03138,0.78,True,True,1.0334569757634915,3.2294249423791443,2.2229593685623383,True,True,False,True,1.0488253752186665
5m,early_hl_wide_3r,early-higher-low,W002,SMR,2026-05-04 11:15,12.41,12.05,13.49,8.7027,2026-05-04 11:50,12.05,stop,7,-0.36,-0.02901,-1.0,False,False,0.24222634167767598,1.1817400055401661,1.4711917468468894,True,True,True,True,0.5038282129307394
5m,early_hl_wide_3r,early-higher-low,W003,SMR,2026-05-05 14:55,11.93,11.69,12.65,6.0352,2026-05-05 15:55,11.89,session_close,12,-0.04,-0.00335,-0.17,False,False,0.3331882025875421,1.0987670232279534,0.8857950778530022,True,True,False,True,0.8454967443629319
5m,early_hl_wide_3r,early-higher-low,W004,SMR,2026-05-06 10:30,12.6801,12.23,14.0304,10.649,2026-05-06 14:30,13.425,time_exit,48,0.7449,0.05875,1.65,True,True,1.6012795270630376,6.72833653457221,6.148052374469559,True,True,True,True,1.110931306745694
5m,early_hl_wide_3r,early-higher-low,W006,SMR,2026-05-06 15:00,13.44,12.95,14.91,10.9375,2026-05-06 15:55,13.525,session_close,11,0.085,0.00632,0.17,True,False,0.26090083870022873,2.242493974017856,3.4336895839417236,True,True,True,True,1.7106731626974305
5m,early_hl_wide_3r,early-higher-low,W009,SMR,2026-05-13 11:20,12.345,12.02,13.32,7.8979,2026-05-13 14:50,12.02,stop,42,-0.325,-0.02633,-1.0,False,False,1.7328961893674721,3.0066852731345683,3.3085034697937665,True,True,True,True,1.162051846186703
5m,early_hl_wide_3r,early-higher-low,W010,SMR,2026-05-14 11:20,11.98,11.44,13.6,13.5225,2026-05-14 15:20,12.0501,time_exit,48,0.0701,0.00585,0.13,True,False,1.7834398721890299,3.5421153707832165,0.25093879684350284,True,True,False,True,0.7170805191643335
5m,early_hl_wide_3r,early-higher-low,W016,SMR,2026-05-21 11:25,10.75,10.48,11.56,7.5349,2026-05-21 15:25,11.165,time_exit,48,0.415,0.0386,1.54,True,True,0.0940006030026419,1.415376845703853,3.4641633152745266,True,True,True,True,0.7345009838719607
5m,early_hl_wide_3r,early-higher-low,W021,SMR,2026-05-29 12:45,12.54,12.16,13.68,9.0909,2026-05-29 15:55,12.67,end_of_data,38,0.13,0.01037,0.34,True,True,-0.8439358482754233,1.8406996821343613,7.2504893532353565,True,True,True,True,0.7351964701847481
5m,early_hl_wide_3r,early-higher-low,W002,LEU,2026-05-04 11:15,209.5,201.46,233.62,11.5131,2026-05-04 15:15,206.67,time_exit,48,-2.83,-0.01351,-0.35,False,False,-0.08607709236692074,2.0551246345075658,0.6822883276608405,True,True,True,True,1.9602274373880637
5m,early_hl_wide_3r,early-higher-low,W004,LEU,2026-05-06 13:55,224.23,216.05,248.77,10.9441,2026-05-06 15:55,231.25,session_close,24,7.02,0.03131,0.86,True,True,-0.10231970209422236,3.0222122570327414,1.2901280172566754,True,True,True,True,0.36705822167129054
5m,early_hl_wide_3r,early-higher-low,W007,LEU,2026-05-11 12:10,208.845,202.99,226.41,8.4105,2026-05-11 15:55,213.54,session_close,45,4.695,0.02248,0.8,True,True,0.2307006311503601,1.637586865333862,1.017240273150355,True,True,True,True,0.44763164612778206
5m,early_hl_wide_3r,early-higher-low,W014,LEU,2026-05-21 11:00,172.58,168.66,184.34,6.8142,2026-05-21 15:00,177.525,time_exit,48,4.945,0.02865,1.26,True,True,0.9876071351625937,1.5843199152924425,1.84476036812109,True,True,True,True,0.2799106840787604
5m,early_hl_wide_3r,early-higher-low,W015,LEU,2026-05-26 10:45,187.2,180.92,206.04,10.0641,2026-05-26 14:45,184.33,time_exit,48,-2.87,-0.01533,-0.46,False,False,-0.6046459267229909,1.9503258207778318,4.134244779422924,True,True,True,True,0.9361374118372539
5m,early_hl_wide_3r,early-higher-low,W016,LEU,2026-05-27 11:10,182.0,177.61,195.17,7.2363,2026-05-27 15:10,179.605,time_exit,48,-2.395,-0.01316,-0.55,False,False,-0.13681756704694292,1.2648377205221273,-0.9753137351051433,True,True,False,True,0.48700331270923525
5m,early_hl_wide_3r,early-higher-low,W002,CCJ,2026-05-06 11:15,120.72,117.54,130.26,7.9026,2026-05-06 15:15,124.42,time_exit,48,3.7,0.03065,1.16,True,True,0.049743172804883606,2.1671084800725327,4.738348455618713,True,True,True,True,0.5613511558707351
5m,early_hl_wide_3r,early-higher-low,W010,CCJ,2026-05-26 10:45,108.075,105.39,116.13,7.4531,2026-05-26 14:45,108.25,time_exit,48,0.175,0.00162,0.07,True,False,-0.1708747606675276,1.2885993874748536,2.933335077194932,True,True,True,True,0.5138768530969338
5m,early_hl_wide_3r,early-higher-low,W012,CCJ,2026-05-28 10:40,107.2401,105.03,113.8704,6.1827,2026-05-28 14:40,110.92,time_exit,48,3.6799,0.03431,1.67,True,True,1.0062134296289216,1.272870200444598,-0.5002253834168524,True,True,False,True,0.5094150082314989
5m,early_hl_wide_3r,early-higher-low,W007,UEC,2026-05-13 11:20,15.735,15.36,16.86,7.1497,2026-05-13 15:20,15.36,stop,48,-0.375,-0.02383,-1.0,False,False,1.7291526767208687,3.2305694252074524,1.4340950208735714,True,True,True,True,0.7665441099580463
5m,early_hl_wide_3r,early-higher-low,W013,UEC,2026-05-26 10:40,13.5925,13.23,14.68,8.0007,2026-05-26 14:40,13.5001,time_exit,48,-0.0924,-0.0068,-0.25,False,False,0.0743493901854686,1.5317405097122094,3.4241150961886957,True,True,True,True,0.42615988412132144
5m,early_hl_wide_3r,early-higher-low,W015,UEC,2026-05-28 11:10,13.425,13.15,14.25,6.1453,2026-05-28 15:10,13.535,time_exit,48,0.11,0.00819,0.4,True,False,0.7504719167064744,1.9362195365504986,-0.07443415384814633,True,True,False,True,0.6950836245859943
5m,early_hl_wide_3r,early-higher-low,W016,UEC,2026-05-29 11:35,13.618,13.17,14.962,9.8693,2026-05-29 15:35,13.715,time_exit,48,0.097,0.00712,0.22,True,False,0.7771986710396916,2.5998440199951123,2.0614663821943324,True,True,True,True,0.7039670570903515
5m,early_hl_wide_3r,early-higher-low,W004,DNN,2026-05-07 11:00,3.87,3.77,4.17,7.7519,2026-05-07 12:05,3.77,stop,13,-0.1,-0.02584,-1.0,False,False,-1.2748113808773165,2.2371515319351554,0.7766253180720772,False,True,True,False,0.3987894717818351
5m,early_hl_wide_3r,early-higher-low,W013,DNN,2026-05-27 10:40,3.355,3.26,3.64,8.4948,2026-05-27 14:40,3.395,time_exit,48,0.04,0.01192,0.42,True,True,0.44977110386872354,1.2084580829157865,-0.2916898446731153,True,True,True,True,0.7875082912003949
5m,early_hl_wide_3r,early-higher-low,W015,DNN,2026-05-28 11:10,3.3901,3.29,3.6904,8.8581,2026-05-28 15:10,3.4297,time_exit,48,0.0396,0.01168,0.4,True,True,0.3077213068275908,1.65217281893828,-0.14432926848966243,True,True,False,True,2.2976145471832092
5m,early_hl_wide_3r,early-higher-low,W016,DNN,2026-05-29 11:35,3.44,3.37,3.65,6.1047,2026-05-29 15:35,3.46,time_exit,48,0.02,0.00581,0.29,True,False,0.5944407070091806,2.739485645614015,0.8040146724072494,True,True,True,True,1.0697798175711881
5m,early_hl_wide_3r,early-higher-low,W003,RUN,2026-05-13 11:40,14.645,14.16,16.1,9.9351,2026-05-13 15:40,14.55,time_exit,48,-0.095,-0.00649,-0.2,False,False,0.5561299718336965,1.7790101391019109,6.361651572710714,True,True,True,True,0.5769078387681301
5m,early_hl_wide_3r,early-higher-low,W005,RUN,2026-05-14 11:40,14.78,14.26,16.34,10.5548,2026-05-14 15:40,14.63,time_exit,48,-0.15,-0.01015,-0.29,False,False,1.8263224360324903,3.4301699429624577,5.460380993223524,True,True,True,True,1.7865514456186902
5m,early_hl_wide_3r,early-higher-low,W008,RUN,2026-05-20 11:40,13.455,13.29,13.95,3.6789,2026-05-20 12:10,13.95,target,6,0.495,0.03679,3.0,True,True,0.5204950157215116,1.5825100017219373,3.0581010769374473,True,True,True,True,1.2913981897750988
5m,early_hl_wide_3r,early-higher-low,W013,RUN,2026-05-28 14:20,15.745,15.44,16.66,5.8114,2026-05-28 15:55,15.885,session_close,19,0.14,0.00889,0.46,True,False,-0.28499098418404145,1.0914932801014743,3.2120600946722533,True,True,True,True,1.214150435268365
5m,early_hl_wide_3r,early-higher-low,W003,ENPH,2026-05-11 12:35,39.23,37.79,43.55,11.012,2026-05-11 14:55,37.79,stop,28,-1.44,-0.03671,-1.0,False,False,0.5767810779272908,2.4947802024779087,5.840304648908923,True,True,True,True,0.8251877294831664
5m,early_hl_wide_3r,early-higher-low,W004,ENPH,2026-05-13 11:40,41.59,40.2,45.76,10.0264,2026-05-13 15:40,42.36,time_exit,48,0.77,0.01851,0.55,True,True,-0.8572871731309828,1.4055853350987801,10.114777647379803,True,True,True,True,0.31641935353327655
5m,early_hl_wide_3r,early-higher-low,W005,ENPH,2026-05-15 11:20,50.79,50.08,52.92,4.1937,2026-05-15 13:25,52.92,target,25,2.13,0.04194,3.0,True,True,-0.029526358019105192,2.6063257770803316,5.626035593472611,True,True,True,True,0.4988916516171312
5m,early_hl_wide_3r,early-higher-low,W006,ENPH,2026-05-15 15:00,53.49,52.27,57.15,6.8424,2026-05-15 15:20,52.27,stop,4,-1.22,-0.02281,-1.0,False,False,-0.018706070697815935,1.249999729069784,3.4440715378367237,True,True,True,True,0.7724017781219106
5m,early_hl_wide_3r,early-higher-low,W008,ENPH,2026-05-20 10:40,49.1301,46.94,55.7004,13.3733,2026-05-20 14:40,53.04,time_exit,48,3.9099,0.07958,1.79,True,True,2.0535193886482617,4.591836320945131,3.578948974609375,True,True,True,True,1.403345965239968
5m,early_hl_wide_3r,early-higher-low,W009,ENPH,2026-05-21 10:40,57.08,54.58,64.58,13.1395,2026-05-21 14:40,62.29,time_exit,48,5.21,0.09128,2.08,True,True,-1.1418530285159045,1.9285746983119356,8.548070409512132,True,True,True,True,0.3472708023730586
5m,early_hl_wide_3r,early-higher-low,W011,ENPH,2026-05-22 11:00,64.51,62.06,71.86,11.3936,2026-05-22 15:00,63.785,time_exit,48,-0.725,-0.01124,-0.3,False,False,2.5375824001622638,1.5280362523639734,4.245849014006442,True,True,True,True,0.6696256760449706
5m,early_hl_wide_3r,early-higher-low,W002,SEDG,2026-05-04 13:45,41.19,40.05,44.61,8.303,2026-05-04 15:55,41.54,session_close,26,0.35,0.0085,0.31,True,False,-0.33874473298598495,1.6033490293599684,1.8797880677628998,True,True,False,True,0.7397647557346169
5m,early_hl_wide_3r,early-higher-low,W003,SEDG,2026-05-05 11:55,43.205,42.01,46.79,8.2977,2026-05-05 15:55,44.625,time_exit,48,1.42,0.03287,1.19,True,True,-0.1389153982436997,1.2441375891506512,1.6095461435221337,True,True,True,True,0.440627830984611
5m,early_hl_wide_3r,early-higher-low,W005,SEDG,2026-05-08 14:05,41.44,40.04,45.64,10.1351,2026-05-08 15:55,41.3,session_close,22,-0.14,-0.00338,-0.1,False,False,0.23002717302200715,1.7076159257890522,1.89614161989069,True,True,True,True,0.7295745692017801
5m,early_hl_wide_3r,early-higher-low,W007,SEDG,2026-05-12 15:40,40.34,39.43,43.07,6.7675,2026-05-12 15:55,40.42,session_close,3,0.08,0.00198,0.09,True,False,-0.12379113101289585,1.1027534082263202,3.1977487723730436,True,True,True,True,0.7810943695479778
5m,early_hl_wide_3r,early-higher-low,W008,SEDG,2026-05-14 11:15,46.515,44.42,52.8,13.5118,2026-05-14 15:15,48.46,time_exit,48,1.945,0.04181,0.93,True,True,3.257727624684703,4.583332832153153,8.467396177167274,True,True,True,True,0.8280156631780793
5m,early_hl_wide_3r,early-higher-low,W010,SEDG,2026-05-19 14:00,54.8899,52.62,61.6996,12.4061,2026-05-19 15:55,54.52,session_close,23,-0.3699,-0.00674,-0.16,False,False,1.7147080216765698,3.274981797080656,6.923006704616408,True,True,True,True,2.6996916833302143
5m,early_hl_wide_3r,early-higher-low,W012,SEDG,2026-05-21 11:50,60.7,58.07,68.59,12.9984,2026-05-21 15:50,63.21,time_exit,48,2.51,0.04135,0.95,True,True,-0.23844837113810025,2.613332225230014,4.220715345047132,True,True,True,True,1.003667397524261
5m,early_hl_wide_3r,early-higher-low,W015,SEDG,2026-05-26 11:25,71.84,68.36,82.28,14.5323,2026-05-26 15:25,70.55,time_exit,48,-1.29,-0.01796,-0.37,False,False,1.2300227285401588,3.4158992459313087,15.558424035006556,True,True,True,True,1.9918577539370992
5m,early_hl_wide_3r,early-higher-low,W008,FSLR,2026-05-15 10:40,231.21,225.23,249.15,7.7592,2026-05-15 14:40,235.5,time_exit,48,4.29,0.01855,0.72,True,True,1.3870548247429282,2.673749022098537,-0.43536779245207935,True,False,False,True,1.1777493036362139
5m,early_hl_wide_3r,early-higher-low,W016,FSLR,2026-05-26 11:20,271.09,263.68,293.32,8.2002,2026-05-26 15:20,269.93,time_exit,48,-1.16,-0.00428,-0.16,False,False,0.2996892471100798,1.6362678742291248,5.317744838245231,True,True,True,True,2.642973052257899
5m,early_hl_wide_3r,early-higher-low,W019,FSLR,2026-05-29 12:00,304.96,300.38,318.7,4.5055,2026-05-29 13:20,300.38,stop,16,-4.58,-0.01502,-1.0,False,False,0.050897704632757446,1.4112367092189437,-2.344552064553307,True,True,True,False,2.4781176068992004
5m,early_hl_wide_3r,early-higher-low,W002,BE,2026-05-08 13:55,269.66,261.78,293.3,8.7666,2026-05-08 15:25,261.78,stop,18,-7.88,-0.02922,-1.0,False,False,0.3421155396331921,3.037703703013128,4.488071861903231,True,True,True,True,0.4366179509029147
5m,early_hl_wide_3r,early-higher-low,W003,BE,2026-05-11 11:30,293.005,282.58,324.28,10.6739,2026-05-11 15:30,287.33,time_exit,48,-5.675,-0.01937,-0.54,False,False,1.1641949435092114,2.6950246678094425,12.249684275935579,True,True,True,True,1.823409708213848
5m,early_hl_wide_3r,early-higher-low,W004,BE,2026-05-13 13:00,292.6813,285.59,313.9552,7.2686,2026-05-13 15:55,289.77,session_close,35,-2.9113,-0.00995,-0.41,False,False,-0.19441567566160778,1.5688958409975973,1.954630556663739,True,True,True,True,0.5165681728103666
5m,early_hl_wide_3r,early-higher-low,W003,PLUG,2026-05-11 13:50,3.597,3.51,3.858,7.256,2026-05-11 15:55,3.51,stop,25,-0.087,-0.02419,-1.0,False,False,1.408449379940424,1.7926762905991156,1.408449379940424,True,True,True,True,0.4878086914005128
5m,early_hl_wide_3r,early-higher-low,W005,PLUG,2026-05-13 13:20,3.8799,3.76,4.2396,9.2709,2026-05-13 15:55,3.965,session_close,31,0.0851,0.02193,0.71,True,True,0.3158361157990397,1.839682838756307,0.518806247148107,True,True,True,True,0.8407085194024251
5m,early_hl_wide_3r,early-higher-low,W009,PLUG,2026-05-15 15:40,3.915,3.73,4.47,14.1762,2026-05-15 15:55,3.79,session_close,3,-0.125,-0.03193,-0.68,False,False,0.2557542261826251,2.655427082130779,5.945946642567046,True,True,True,True,0.5292039057563118
5m,early_hl_wide_3r,early-higher-low,W010,PLUG,2026-05-18 15:35,3.4399,3.32,3.7996,10.4567,2026-05-18 15:55,3.445,session_close,4,0.0051,0.00148,0.04,True,False,1.0338728545663534,1.9346197450402114,1.6325915301287575,True,True,False,False,1.841124620025868
5m,early_hl_wide_3r,early-higher-low,W012,PLUG,2026-05-20 12:40,3.38,3.27,3.71,9.7633,2026-05-20 15:55,3.3,session_close,39,-0.08,-0.02367,-0.73,False,False,-1.0248857336185302,1.8072344097764814,2.176542466542486,True,True,True,True,0.7653702069667176
5m,early_hl_wide_3r,early-higher-low,W016,PLUG,2026-05-27 12:05,4.17,3.94,4.86,16.5468,2026-05-27 15:55,4.14,session_close,46,-0.03,-0.00719,-0.13,False,False,0.060061436101821464,3.6069647167783048,6.2499969589467685,True,True,True,True,0.6741137809007951
5m,early_hl_wide_3r,early-higher-low,W017,PLUG,2026-05-28 13:40,4.295,4.14,4.76,10.8265,2026-05-28 15:55,4.14,stop,27,-0.155,-0.03609,-1.0,False,False,0.20304249937905805,2.109400620784152,3.4626534826748934,True,True,True,True,1.9583395171828863
5m,early_hl_wide_3r,early-higher-low,W001,BLDP,2026-05-05 12:10,4.035,3.95,4.29,6.3197,2026-05-05 13:15,3.95,stop,13,-0.085,-0.02107,-1.0,False,False,-1.944105179969824,1.896511197768147,4.941477695399521,True,True,True,True,0.40648078636862955
5m,early_hl_wide_3r,early-higher-low,W002,BLDP,2026-05-06 11:05,4.57,4.43,4.99,9.1904,2026-05-06 15:05,4.74,time_exit,48,0.17,0.0372,1.21,True,True,-0.10941169043983123,1.8654894454530835,8.744854681600799,True,True,True,True,0.2870399804146307
5m,early_hl_wide_3r,early-higher-low,W004,BLDP,2026-05-07 11:35,4.82,4.67,5.27,9.3361,2026-05-07 12:05,4.67,stop,6,-0.15,-0.03112,-1.0,False,False,-0.3105562468432965,1.7153264598995577,1.155458522982955,True,True,True,True,0.5992299876014953
5m,early_hl_wide_3r,early-higher-low,W010,BLDP,2026-05-18 15:40,4.25,4.05,4.85,14.1176,2026-05-18 15:55,4.315,session_close,3,0.065,0.01529,0.33,True,True,2.1660570687404013,4.04667041444946,3.916764893953051,True,True,True,True,2.0785270431656055
5m,early_hl_wide_3r,early-higher-low,W013,BLDP,2026-05-21 12:35,5.285,5.14,5.72,8.2308,2026-05-21 15:55,5.42,session_close,40,0.135,0.02554,0.93,True,True,0.18956875571356502,1.0516219529262294,5.48901409115603,True,True,True,True,0.3342398277977788
5m,early_hl_wide_3r,early-higher-low,W015,BLDP,2026-05-22 10:25,5.555,5.44,5.9,6.2106,2026-05-22 11:20,5.9,target,11,0.345,0.06211,3.0,True,True,0.36166329417204324,2.779685407037946,5.24918747245382,True,True,True,True,0.6700848030037094
5m,early_hl_wide_3r,early-higher-low,W017,BLDP,2026-05-27 10:40,5.93,5.71,6.59,11.1298,2026-05-27 14:40,5.995,time_exit,48,0.065,0.01096,0.3,True,True,-1.330007073679229,1.626708693655643,-0.7525096346223337,False,False,False,True,0.5349292567640289
5m,early_hl_wide_3r,early-higher-low,W002,LAC,2026-05-06 10:25,5.77,5.64,6.16,6.7591,2026-05-06 14:25,5.995,time_exit,48,0.225,0.03899,1.73,True,True,-0.17285656540079186,5.573941490970213,5.479455633981356,True,True,True,True,0.6069598293603774
5m,early_hl_wide_3r,early-higher-low,W014,LAC,2026-05-27 10:40,4.915,4.8,5.26,7.0193,2026-05-27 14:40,5.025,time_exit,48,0.11,0.02238,0.96,True,True,0.10173172898728655,1.7580152528716253,-1.006030503187949,False,False,False,True,0.7007052458434749
5m,early_hl_wide_3r,early-higher-low,W016,LAC,2026-05-28 10:45,5.075,4.94,5.48,7.9803,2026-05-28 14:45,5.195,time_exit,48,0.12,0.02365,0.89,True,True,0.765872385886901,1.4705257479674216,0.6660030328544009,True,True,True,True,0.47890744280544834
5m,early_hl_wide_3r,early-higher-low,W001,RIVN,2026-05-04 14:50,14.695,14.44,15.46,5.2058,2026-05-04 15:55,14.5,session_close,13,-0.195,-0.01327,-0.76,False,False,1.281192381095364,1.9833447827197759,0.932688214596622,True,True,False,True,0.5680728579800676
5m,early_hl_wide_3r,early-higher-low,W002,LCID,2026-05-04 13:50,6.705,6.54,7.2,7.3825,2026-05-04 15:55,6.685,session_close,25,-0.02,-0.00298,-0.12,False,False,-0.5192855875468805,1.2839885138426155,1.514003093774341,True,True,True,True,0.5857490925364228
5m,early_hl_wide_3r,early-higher-low,W007,LCID,2026-05-14 13:10,6.55,6.42,6.94,5.9542,2026-05-14 14:35,6.42,stop,17,-0.13,-0.01985,-1.0,False,False,0.34509261062567465,1.2379098263132216,4.014309360123947,True,True,True,True,0.8405148371752011
5m,early_hl_wide_3r,early-higher-low,W013,LCID,2026-05-22 11:15,6.0201,5.91,6.3504,5.4866,2026-05-22 13:55,5.91,stop,32,-0.1101,-0.01829,-1.0,False,False,0.5826311578829957,1.516430555275461,2.553193112637131,True,True,True,True,0.6193911444352267
5m,early_hl_wide_3r,early-higher-low,W017,LCID,2026-05-28 11:20,6.59,6.4,7.16,8.6495,2026-05-28 15:20,6.475,time_exit,48,-0.115,-0.01745,-0.61,False,False,1.1527236624314874,1.8562600503383875,5.021509344982289,True,True,True,True,0.8124386964463476
5m,early_hl_wide_3r,early-higher-low,W009,CHPT,2026-05-15 14:45,6.6799,6.54,7.0996,6.283,2026-05-15 15:55,6.61,session_close,14,-0.0699,-0.01046,-0.5,False,False,0.6033176645940497,1.3677834898393026,4.056165913745002,True,True,True,True,0.9911698710187742
5m,early_hl_wide_3r,early-higher-low,W011,CHPT,2026-05-19 13:40,6.28,6.15,6.67,6.2102,2026-05-19 15:55,6.15,stop,25,-0.13,-0.0207,-1.0,False,False,0.4815442972151196,1.4586734436792703,1.956058198066768,True,True,True,True,0.9743949650222996
5m,early_hl_wide_3r,early-higher-low,W013,CHPT,2026-05-21 12:10,6.465,6.26,7.08,9.5128,2026-05-21 15:55,6.81,session_close,45,0.345,0.05336,1.68,True,True,0.15492221533743855,2.0520933489835302,1.1737134220558998,True,True,True,True,0.6568754429266147
5m,early_hl_wide_3r,early-higher-low,W015,CHPT,2026-05-27 11:35,7.94,7.63,8.87,11.7128,2026-05-27 15:35,7.78,time_exit,48,-0.16,-0.02015,-0.52,False,False,0.0,1.9897331266671703,7.801903596076865,True,True,True,True,0.8430905675215169
5m,early_hl_wide_3r,early-higher-low,W016,CHPT,2026-05-28 13:40,7.93,7.63,8.83,11.3493,2026-05-28 15:55,7.83,session_close,26,-0.1,-0.01261,-0.33,False,False,0.25348518713501633,1.2156083108902482,2.196383479600361,True,True,True,True,2.564403712118295
5m,early_hl_wide_3r,early-higher-low,W004,BLNK,2026-05-06 10:35,0.7745,0.75,0.848,9.49,2026-05-06 13:35,0.848,target,36,0.0735,0.0949,3.0,True,True,1.1617265196325333,5.830942730947664,7.623939960631643,True,True,True,True,0.35391035132588505
5m,early_hl_wide_3r,early-higher-low,W008,BLNK,2026-05-11 13:55,0.9613,0.94,1.0252,6.6473,2026-05-11 14:55,0.94,stop,12,-0.0213,-0.02216,-1.0,False,False,-0.5078285995546272,1.0632705927339892,-2.290080179620768,False,True,True,True,0.36453205804184646
5m,early_hl_wide_3r,early-higher-low,W014,BLNK,2026-05-20 11:25,0.7881,0.78,0.8124,3.0834,2026-05-20 15:30,0.7915,time_exit,48,0.0034,0.00431,0.34,True,False,0.4585988808753827,3.017637913505755,6.94331876303953,True,True,True,True,1.4831936877700544
5m,early_hl_wide_3r,early-higher-low,W015,BLNK,2026-05-21 11:20,0.8164,0.8,0.8656,6.0265,2026-05-21 15:25,0.8302,time_exit,48,0.0138,0.0169,0.84,True,True,1.0689290116657757,1.5555561278909558,3.406665904906059,True,True,True,True,0.2630271892674226
5m,early_hl_wide_3r,early-higher-low,W006,SERV,2026-05-14 11:20,9.1,8.83,9.91,8.9011,2026-05-14 13:20,8.83,stop,24,-0.27,-0.02967,-1.0,False,False,1.232368973101794,2.2447027397948016,5.195157448769194,True,True,True,True,0.8284605480675565
5m,early_hl_wide_3r,early-higher-low,W008,SERV,2026-05-18 15:40,8.185,7.92,8.98,9.7129,2026-05-18 15:55,8.2325,session_close,3,0.0475,0.0058,0.18,True,False,0.9247936635570886,2.0573560154014903,1.9937795475649889,True,True,True,True,2.61256896431315
5m,early_hl_wide_3r,early-higher-low,W010,SERV,2026-05-20 10:25,8.281,8.06,8.944,8.0063,2026-05-20 14:25,8.36,time_exit,48,0.079,0.00954,0.36,True,False,2.1603017232813215,2.097354931618667,2.794040790044594,True,True,True,True,0.6052862672380328
5m,early_hl_wide_3r,early-higher-low,W012,SERV,2026-05-21 12:10,8.7699,8.54,9.4596,7.8644,2026-05-21 15:55,8.81,session_close,45,0.0401,0.00457,0.17,True,False,0.2850618423707374,1.7421669940284046,1.506374423140322,True,True,True,True,0.505601039033328
5m,early_hl_wide_3r,early-higher-low,W015,SERV,2026-05-27 10:40,8.975,8.68,9.86,9.8607,2026-05-27 14:40,8.855,time_exit,48,-0.12,-0.01337,-0.41,False,False,0.5114618625818856,2.0534016424222035,0.1192783928344987,True,True,False,True,0.5245726960936239
5m,early_hl_wide_3r,early-higher-low,W016,SERV,2026-05-28 12:30,9.3201,8.96,10.4004,11.5911,2026-05-28 15:55,9.51,session_close,41,0.1899,0.02038,0.53,True,True,1.3008117137872865,1.678878614179058,3.033117469687907,True,True,True,True,1.2043419169719252
5m,early_hl_wide_3r,early-higher-low,W013,TEM,2026-05-28 10:45,51.5171,49.67,57.0584,10.7562,2026-05-28 14:45,52.02,time_exit,48,0.5029,0.00976,0.27,True,False,1.6348735048179464,5.262089867385544,10.398756974894274,True,True,True,True,1.113234124404598
5m,early_hl_wide_3r,early-higher-low,W002,RXRX,2026-05-04 10:20,3.458,3.37,3.722,7.6345,2026-05-04 14:20,3.53,time_exit,48,0.072,0.02082,0.82,True,True,1.0248927151289555,1.3215881548327424,1.1700555603874951,True,True,True,True,0.34456958116732644
5m,early_hl_wide_3r,early-higher-low,W006,RXRX,2026-05-08 13:55,3.2655,3.19,3.492,6.9362,2026-05-08 15:55,3.33,session_close,24,0.0645,0.01975,0.85,True,True,0.30721935826949487,1.555215927518372,1.1305627003591168,True,True,False,True,1.0751090555266256
5m,early_hl_wide_3r,early-higher-low,W010,RXRX,2026-05-20 10:50,2.905,2.85,3.07,5.6799,2026-05-20 14:50,2.95,time_exit,48,0.045,0.01549,0.82,True,True,-0.0824797170110858,1.8423785138347082,0.9583267519873928,True,True,True,True,0.2619567968086404
5m,early_hl_wide_3r,early-higher-low,W012,RXRX,2026-05-21 11:05,3.005,2.92,3.26,8.4859,2026-05-21 15:05,3.095,time_exit,48,0.09,0.02995,1.06,True,True,2.3850144131547957,1.246636795795597,1.0084104460519328,True,True,True,True,1.2103433785075992
5m,early_hl_wide_3r,early-higher-low,W013,RXRX,2026-05-27 14:55,3.205,3.14,3.4,6.0842,2026-05-27 15:55,3.17,session_close,12,-0.035,-0.01092,-0.54,False,False,-0.6201544656725289,1.1264267651083903,0.9448810028448884,True,True,True,True,0.41063543617311127
5m,early_hl_wide_3r,early-higher-low,W014,RXRX,2026-05-28 11:10,3.2087,3.12,3.4748,8.2931,2026-05-28 15:10,3.3797,time_exit,48,0.171,0.05329,1.93,True,True,0.14665160624944829,1.5727854555013243,0.9403130287901851,True,True,True,True,0.3670316452211922
5m,early_hl_wide_3r,early-higher-low,W016,RXRX,2026-05-29 11:40,3.4822,3.38,3.7888,8.8048,2026-05-29 15:40,3.54,time_exit,48,0.0578,0.0166,0.57,True,True,-1.249611710972709,1.0144883167641616,2.2533850408257283,True,True,True,True,0.38057907344789116
5m,early_hl_wide_3r,early-higher-low,W002,SDGR,2026-05-05 11:10,12.88,12.53,13.93,8.1522,2026-05-05 15:10,12.73,time_exit,48,-0.15,-0.01165,-0.43,False,False,-0.6551062477683445,1.1377046611665165,-0.309357779651509,True,True,False,True,0.5742971493594397
5m,early_hl_wide_3r,early-higher-low,W008,SDGR,2026-05-19 12:20,12.1377,11.83,13.0608,7.6052,2026-05-19 15:55,12.0,session_close,43,-0.1377,-0.01134,-0.45,False,False,-0.20558897075638738,1.2938288194339398,1.2938288194339398,True,True,True,True,0.3170902531924896
5m,early_hl_wide_3r,early-higher-low,W009,SDGR,2026-05-21 11:45,12.68,12.37,13.61,7.3344,2026-05-21 15:45,13.2,time_exit,48,0.52,0.04101,1.68,True,True,-0.1574144369103081,1.5612542199516577,3.805238481397777,True,True,True,True,0.37199802641392526
5m,early_hl_wide_3r,early-higher-low,W013,SDGR,2026-05-28 11:25,13.75,13.59,14.23,3.4909,2026-05-28 15:25,14.005,time_exit,48,0.255,0.01855,1.59,True,True,0.18202091612311566,1.6248173386161469,3.809883893480581,True,True,True,True,0.5598042986211376
5m,early_hl_wide_3r,early-higher-low,W002,CRSP,2026-05-05 13:55,51.545,49.95,56.33,9.2831,2026-05-05 15:55,52.4,session_close,24,0.855,0.01659,0.54,True,True,1.38669947726493,2.4814579503074308,3.8690139424590653,True,True,False,True,0.7757983340544035
5m,early_hl_wide_3r,early-higher-low,W004,CRSP,2026-05-08 10:45,53.86,52.35,58.39,8.4107,2026-05-08 14:45,54.545,time_exit,48,0.685,0.01272,0.45,True,True,1.0122731061453338,1.9198021754381234,3.396328477521182,True,True,True,True,0.6948180688894922
5m,early_hl_wide_3r,early-higher-low,W007,CRSP,2026-05-18 10:20,49.69,48.4,53.56,7.7883,2026-05-18 13:45,48.4,stop,41,-1.29,-0.02596,-1.0,False,False,0.6266374589536605,2.6180179379638124,2.7347078973412486,True,True,True,True,0.21470242195548675
5m,early_hl_wide_3r,early-higher-low,W011,CRSP,2026-05-26 10:55,51.17,49.94,54.86,7.2112,2026-05-26 14:55,50.7301,time_exit,48,-0.4399,-0.0086,-0.36,False,False,-0.46674031955620254,1.7495051321330113,1.8102244661339917,True,True,True,True,0.5216452576322745
5m,early_hl_wide_3r,early-higher-low,W001,EDIT,2026-05-04 15:35,2.99,2.96,3.08,3.01,2026-05-04 15:55,3.01,session_close,4,0.02,0.00669,0.67,True,False,0.5025160948521012,1.0101000370632773,0.6711402952518153,True,True,True,True,3.1235803471868504
5m,early_hl_wide_3r,early-higher-low,W002,EDIT,2026-05-05 15:00,2.985,2.92,3.18,6.5327,2026-05-05 15:55,3.04,session_close,11,0.055,0.01843,0.85,True,True,-0.29715951517043093,1.0524546706160542,1.1037726641941914,True,True,True,True,1.2188706125546465
5m,early_hl_wide_3r,early-higher-low,W007,EDIT,2026-05-19 13:45,2.5,2.45,2.65,6.0,2026-05-19 15:40,2.45,stop,23,-0.05,-0.02,-1.0,False,False,0.37265025329289436,1.0080683538369994,0.8048378345835605,True,True,True,True,0.37297963325360584
5m,early_hl_wide_3r,early-higher-low,W013,EDIT,2026-05-29 12:50,3.385,3.31,3.61,6.647,2026-05-29 15:55,3.44,end_of_data,37,0.055,0.01625,0.73,True,True,-0.8784764780346399,2.1116118260791517,3.675340940382732,True,True,True,True,0.3629320590396441
5m,early_hl_wide_3r,early-higher-low,W003,BEAM,2026-05-08 11:20,32.27,31.42,34.82,7.9021,2026-05-08 15:20,31.89,time_exit,48,-0.38,-0.01178,-0.45,False,False,0.5141817224766809,1.6866386076354711,2.3968287876674044,True,True,True,True,0.9545459660810948
5m,early_hl_wide_3r,early-higher-low,W010,BEAM,2026-05-29 11:40,32.92,32.17,35.17,6.8347,2026-05-29 15:40,33.27,time_exit,48,0.35,0.01063,0.47,True,True,0.07596938922767027,1.776887367410973,1.2138919688081007,True,True,False,True,0.4172146586177123
5m,early_hl_wide_3r,early-higher-low,W005,NTLA,2026-05-13 11:20,14.12,13.74,15.26,8.0737,2026-05-13 15:20,14.32,time_exit,48,0.2,0.01416,0.53,True,True,-0.10612198853809929,1.254931477695287,1.3275885207865157,True,True,True,True,1.0069542072016344
5m,early_hl_wide_3r,early-higher-low,W015,NTLA,2026-05-29 14:35,14.2896,13.64,16.2384,13.6379,2026-05-29 15:55,14.065,end_of_data,16,-0.2246,-0.01572,-0.35,False,False,1.8558188767609174,1.277503926376622,2.367294744002413,True,True,True,True,1.400815711425655
5m,early_hl_wide_3r,early-higher-low,W001,PACB,2026-05-01 13:55,1.605,1.56,1.74,8.4112,2026-05-01 15:55,1.6,session_close,24,-0.005,-0.00312,-0.11,False,False,0.0,2.2292971625532454,1.9047600305720724,True,True,True,True,0.23305162553016154
5m,early_hl_wide_3r,early-higher-low,W005,PACB,2026-05-13 11:15,1.305,1.25,1.47,12.6437,2026-05-13 15:15,1.295,time_exit,48,-0.01,-0.00766,-0.18,False,False,2.2727213275504976,2.352938976529795,-0.7604645807912647,True,True,False,True,0.4093906889439067
5m,early_hl_wide_3r,early-higher-low,W008,PACB,2026-05-18 14:15,1.15,1.12,1.24,7.8261,2026-05-18 15:55,1.15,session_close,20,0.0,0.0,0.0,False,False,-1.5579557964368052,1.3215846538256804,1.7699098239742916,True,True,True,True,0.4761678850480524
5m,early_hl_wide_3r,early-higher-low,W009,PACB,2026-05-19 14:00,1.175,1.13,1.31,11.4893,2026-05-19 15:55,1.16,session_close,23,-0.015,-0.01277,-0.33,False,False,0.42553152634363656,3.282267240610248,3.5087686276281227,True,True,True,True,0.17770406121474824
5m,early_hl_wide_3r,early-higher-low,W012,PACB,2026-05-21 11:45,1.24,1.2,1.36,9.6774,2026-05-21 15:45,1.2589,time_exit,48,0.0189,0.01524,0.47,True,True,-0.4016060411629163,2.057611149904548,4.641356068608227,True,True,True,True,0.3745117465681568
5m,early_hl_wide_3r,early-higher-low,W013,PACB,2026-05-26 12:20,1.26,1.2,1.44,14.2857,2026-05-26 15:55,1.269,session_close,43,0.009,0.00714,0.15,True,False,1.59839070332235,2.4210489432796134,3.6803229047355446,True,True,True,True,0.12451194875069348
5m,early_hl_wide_3r,early-higher-low,W014,PACB,2026-05-27 10:55,1.28,1.24,1.4,9.375,2026-05-27 14:55,1.2999,time_exit,48,0.0199,0.01555,0.5,True,True,-1.1538450957754964,1.9841251069335764,2.2193923199478327,True,True,True,True,0.37865740989900076
5m,early_hl_wide_3r,early-higher-low,W002,DNA,2026-05-06 13:15,10.22,10.01,10.85,6.1644,2026-05-06 15:40,10.01,stop,29,-0.21,-0.02055,-1.0,False,False,0.5905553200572289,1.5399969508951061,2.6104440550806185,True,True,True,True,0.8026383123898334
5m,early_hl_wide_3r,early-higher-low,W003,DNA,2026-05-07 14:30,10.21,9.92,11.08,8.5211,2026-05-07 15:55,10.36,session_close,17,0.15,0.01469,0.52,True,True,0.7905130890387913,3.3434643113712914,1.1904750641601236,True,True,True,True,0.480006482663217
5m,early_hl_wide_3r,early-higher-low,W004,DNA,2026-05-11 11:40,9.015,8.62,10.2,13.1448,2026-05-11 15:40,8.665,time_exit,48,-0.35,-0.03882,-0.89,False,False,2.2385970389129373,2.850626989177485,6.998815317072382,True,True,False,True,1.7589551585216325
5m,early_hl_wide_3r,early-higher-low,W005,DNA,2026-05-15 10:45,7.77,7.56,8.4,8.1081,2026-05-15 13:05,7.56,stop,28,-0.21,-0.02703,-1.0,False,False,0.6489317486042756,1.7049195336513723,-3.4246528975726442,False,False,False,True,0.5452400639435533
5m,early_hl_wide_3r,early-higher-low,W012,DNA,2026-05-26 10:55,8.87,8.6,9.68,9.1319,2026-05-26 14:00,8.6,stop,37,-0.27,-0.03044,-1.0,False,False,0.07682653415275187,2.3094666603822533,3.9906007118081455,True,True,True,True,0.18486346830593792
5m,early_hl_wide_3r,early-higher-low,W008,TMDX,2026-05-20 10:45,68.235,66.85,72.39,6.0893,2026-05-20 14:45,69.095,time_exit,48,0.86,0.0126,0.62,True,True,1.8618833237497467,3.221478888594964,3.182571992703931,True,True,True,True,0.18836129418813663
5m,early_hl_wide_3r,early-higher-low,W010,TMDX,2026-05-21 10:35,67.2955,65.17,73.672,9.4754,2026-05-21 14:35,68.53,time_exit,48,1.2345,0.01834,0.58,True,True,0.397092061474158,1.9504479779925754,-2.4177156620593943,False,False,False,True,0.22380722194270983
5m,early_hl_wide_3r,early-higher-low,W009,GH,2026-05-20 11:35,108.66,105.49,118.17,8.7521,2026-05-20 15:35,113.17,time_exit,48,4.51,0.04151,1.42,True,True,0.5187635051595141,1.5108335692799013,3.3428591773623673,True,True,True,True,0.4600547205446202
5m,early_hl_wide_3r,early-higher-low,W013,GH,2026-05-28 11:10,129.72,125.91,141.15,8.8113,2026-05-28 15:10,131.995,time_exit,48,2.275,0.01754,0.6,True,True,0.1694728779922272,1.6692745197492975,2.8635863784876037,True,True,True,True,1.7343306267749292
5m,early_hl_wide_3r,early-higher-low,W009,CELH,2026-05-28 11:05,32.815,31.75,36.01,9.7364,2026-05-28 15:05,33.095,time_exit,48,0.28,0.00853,0.26,True,False,0.4300737274251176,1.2967026599475906,3.894874770603285,True,True,True,True,0.6706872300597138
5m,early_hl_wide_3r,early-higher-low,W002,ELF,2026-05-06 10:50,61.43,59.7,66.62,8.4486,2026-05-06 14:50,61.1,time_exit,48,-0.33,-0.00537,-0.19,False,False,0.032552829119025795,1.6035665053571346,3.320162148199435,True,True,True,True,0.3450602149867476
5m,early_hl_wide_3r,early-higher-low,W006,ELF,2026-05-21 13:50,52.36,51.14,56.02,6.9901,2026-05-21 15:55,53.19,session_close,25,0.83,0.01585,0.68,True,True,0.857748044839024,2.057734144248524,0.9940153947070263,True,True,True,True,2.228300696437327
5m,early_hl_wide_3r,early-higher-low,W007,ELF,2026-05-22 14:00,53.3,52.29,56.33,5.6848,2026-05-22 15:55,52.93,session_close,23,-0.37,-0.00694,-0.37,False,False,0.348598783408427,1.1010950915147255,0.5380400997625712,True,True,True,False,0.3713268750713127
5m,early_hl_wide_3r,early-higher-low,W003,CAVA,2026-05-14 10:55,74.855,72.83,80.93,8.1157,2026-05-14 14:55,76.14,time_exit,48,1.285,0.01717,0.63,True,True,0.746921879949336,1.4088335408111163,2.857930566009248,True,True,True,True,0.2587158744666519
5m,early_hl_wide_3r,early-higher-low,W008,HIMS,2026-05-13 13:25,24.265,23.6,26.26,8.2217,2026-05-13 15:55,24.14,session_close,30,-0.125,-0.00515,-0.19,False,False,-0.07866926236999028,1.599798832953181,2.3412795062731195,True,True,False,True,0.7731845398755768
5m,early_hl_wide_3r,early-higher-low,W011,HIMS,2026-05-15 11:30,25.01,24.41,26.81,7.1971,2026-05-15 15:30,24.785,time_exit,48,-0.225,-0.009,-0.38,False,False,-0.7930168954640382,1.5010176266098352,3.1752596196439997,True,True,True,True,0.5084997850270593
5m,early_hl_wide_3r,early-higher-low,W004,DDOG,2026-05-08 14:05,195.585,189.82,212.88,8.8427,2026-05-08 15:55,200.14,session_close,22,4.555,0.02329,0.79,True,True,0.3769330643126567,2.3424814261642,2.4630294366632777,True,True,True,True,0.8171963751463382
5m,early_hl_wide_3r,early-higher-low,W011,DDOG,2026-05-27 10:40,226.08,218.74,248.1,9.7399,2026-05-27 14:40,221.195,time_exit,48,-4.885,-0.02161,-0.67,False,False,0.7015800981260645,2.0171485097410624,0.8655701597921173,True,True,True,True,0.32260526355083124
5m,early_hl_wide_3r,early-higher-low,W012,DDOG,2026-05-29 11:00,238.77,234.07,252.87,5.9053,2026-05-29 15:00,242.49,time_exit,48,3.72,0.01558,0.79,True,True,0.39934295291084165,1.1155540680381604,4.754384358723973,True,True,True,True,0.44549008572277
5m,early_hl_wide_3r,early-higher-low,W003,NET,2026-05-05 10:55,237.31,232.02,253.18,6.6875,2026-05-05 14:55,246.735,time_exit,48,9.425,0.03972,1.78,True,True,-0.037878885170283816,1.0593449062098914,6.608617320819232,True,True,True,True,0.3616338125806726
5m,early_hl_wide_3r,early-higher-low,W006,NET,2026-05-08 14:05,198.685,193.03,215.65,8.5386,2026-05-08 15:55,195.807,session_close,22,-2.878,-0.01449,-0.51,False,False,-0.6425982168651201,2.2726067787288695,2.4624794009105777,True,True,False,False,1.02239334490928
5m,early_hl_wide_3r,early-higher-low,W011,NET,2026-05-18 10:50,199.36,193.03,218.35,9.5255,2026-05-18 14:50,199.87,time_exit,48,0.51,0.00256,0.08,True,False,-1.4410684712892752,1.5458685039493325,0.2136337823173573,False,True,True,True,0.5376205081988579
5m,early_hl_wide_3r,early-higher-low,W016,NET,2026-05-27 10:40,214.8,206.96,238.32,10.9497,2026-05-27 14:40,212.91,time_exit,48,-1.89,-0.0088,-0.24,False,False,0.6445715135899865,2.5531411821694716,-1.965750080265416,True,False,False,True,0.6181043208207863
5m,early_hl_wide_3r,early-higher-low,W017,NET,2026-05-28 10:50,224.255,219.85,237.47,5.8929,2026-05-28 14:50,226.23,time_exit,48,1.975,0.00881,0.45,True,False,0.6237376493509306,3.084635108500655,5.968529297473402,True,True,True,True,1.2644102862866424
5m,early_hl_wide_3r,early-higher-low,W018,NET,2026-05-29 11:00,233.9,227.4,253.4,8.3369,2026-05-29 15:00,237.12,time_exit,48,3.22,0.01377,0.5,True,True,-0.19009689309819056,1.1559434662449464,3.1339619285304154,True,True,True,True,0.38196945361059464
5m,early_hl_wide_3r,early-higher-low,W005,CRWD,2026-05-12 10:45,547.2,532.52,591.24,8.0483,2026-05-12 14:45,548.64,time_exit,48,1.44,0.00263,0.1,True,False,0.11709869937359674,1.2395952279428801,1.4347662327362176,True,True,True,True,0.6107323073787571
5m,early_hl_wide_3r,early-higher-low,W001,SNOW,2026-05-04 10:15,145.135,140.79,158.17,8.9813,2026-05-04 14:15,145.345,time_exit,48,0.21,0.00145,0.05,True,False,2.2350688345342817,2.5604717726442683,3.048818905151851,True,True,True,True,0.7008752632919188
5m,early_hl_wide_3r,early-higher-low,W007,SNOW,2026-05-21 10:45,163.65,160.58,172.86,5.6279,2026-05-21 14:45,164.92,time_exit,48,1.27,0.00776,0.41,True,False,-0.41976056753262325,1.0432113835840973,-0.558895671911841,True,False,False,True,0.3149076909185634
5m,early_hl_wide_3r,early-higher-low,W001,MDB,2026-05-04 10:55,267.06,261.12,284.88,6.6727,2026-05-04 14:55,264.79,time_exit,48,-2.27,-0.0085,-0.38,False,False,-1.0646968143484314,1.6522985091512732,0.931548662100834,True,True,True,True,0.6162891434912539
5m,early_hl_wide_3r,early-higher-low,W003,MDB,2026-05-07 10:50,303.31,291.54,338.62,11.6416,2026-05-07 13:25,291.54,stop,31,-11.77,-0.03881,-1.0,False,False,0.7676961134763127,1.7961479777826028,13.903071957511104,True,True,True,True,0.757297923911898
5m,early_hl_wide_3r,early-higher-low,W005,MDB,2026-05-12 10:45,314.605,305.1,343.12,9.0638,2026-05-12 14:45,309.32,time_exit,48,-5.285,-0.0168,-0.56,False,False,0.9981527189183215,1.416686543433654,8.064625308842377,True,True,True,True,0.7903474224441615
5m,early_hl_wide_3r,early-higher-low,W011,MDB,2026-05-29 15:10,324.87,309.79,370.11,13.9256,2026-05-29 15:55,335.58,end_of_data,9,10.71,0.03297,0.71,True,True,2.139043234068483,2.618397812483386,5.269984761246671,True,True,True,True,1.625438113606571
5m,early_hl_wide_3r,early-higher-low,W008,SHOP,2026-05-29 11:55,118.93,117.54,123.1,3.5063,2026-05-29 15:55,118.8,time_exit,48,-0.13,-0.00109,-0.09,False,False,0.0022709204213766654,1.3007897937781676,4.112312754750036,True,True,True,True,0.4089980612497033
5m,early_hl_wide_3r,early-higher-low,W002,SE,2026-05-12 10:15,93.85,91.79,100.03,6.585,2026-05-12 14:15,96.81,time_exit,48,2.96,0.03154,1.44,True,True,1.2020237596031436,11.124263145314139,12.166846573392377,True,True,True,True,0.4616278467730684
5m,early_hl_wide_3r,early-higher-low,W004,SE,2026-05-15 11:25,89.86,87.56,96.76,7.6786,2026-05-15 15:25,87.93,time_exit,48,-1.93,-0.02148,-0.84,False,False,0.12252240125552039,1.022697233517178,1.3644554356209593,True,True,False,True,0.6282212606093877
5m,early_hl_wide_3r,early-higher-low,W006,SE,2026-05-26 10:40,90.295,88.03,97.09,7.5253,2026-05-26 14:40,89.11,time_exit,48,-1.185,-0.01312,-0.52,False,False,0.3669541086787964,1.9541436584072036,4.250404512992101,True,True,True,True,0.7689950608594348
5m,early_hl_wide_3r,early-higher-low,W003,NU,2026-05-15 13:05,12.245,12.04,12.86,5.0225,2026-05-15 15:55,12.15,session_close,34,-0.095,-0.00776,-0.46,False,False,0.9484517205621712,1.115243568665969,1.0317788061209532,True,True,False,True,0.8905452646537382
5m,early_hl_wide_3r,early-higher-low,W006,TOST,2026-05-19 15:25,23.29,22.57,25.45,9.2744,2026-05-19 15:55,23.24,session_close,6,-0.05,-0.00215,-0.07,False,False,0.5180182479696427,1.5260535845639023,2.8262282036254804,True,True,True,True,0.954942439954998
5m,early_hl_wide_3r,early-higher-low,W007,TOST,2026-05-20 10:50,23.36,22.87,24.83,6.2928,2026-05-20 14:50,23.405,time_exit,48,0.045,0.00193,0.09,True,False,-0.1710090176249235,1.8094655556613493,0.5598668043046429,True,True,True,True,0.48585789741398416
5m,early_hl_wide_3r,early-higher-low,W009,RBLX,2026-05-19 14:25,44.94,43.66,48.78,8.5447,2026-05-19 15:55,44.44,session_close,18,-0.5,-0.01113,-0.39,False,False,0.6724140981566151,1.2395187155249232,0.9438355012658883,True,True,False,False,0.846941369123266
5m,early_hl_wide_3r,early-higher-low,W004,U,2026-05-06 15:25,27.31,26.77,28.93,5.9319,2026-05-06 15:55,27.28,session_close,6,-0.03,-0.0011,-0.06,False,False,0.7980084688251843,1.0592387454603447,0.9471142465112825,True,True,False,True,1.1280717747689952
5m,early_hl_wide_3r,early-higher-low,W005,U,2026-05-08 11:30,27.825,26.89,30.63,10.0809,2026-05-08 15:30,27.88,time_exit,48,0.055,0.00198,0.06,True,False,0.3244417928279564,2.6179906434424804,4.154194007770018,True,True,True,True,0.9709873376804873
5m,early_hl_wide_3r,early-higher-low,W007,U,2026-05-12 11:15,27.18,26.78,28.38,4.415,2026-05-12 12:05,26.78,stop,10,-0.4,-0.01472,-1.0,False,False,-0.40292566328574697,1.4930929632721135,1.5120428932339003,True,True,True,True,0.7481638230615224
5m,early_hl_wide_3r,early-higher-low,W009,U,2026-05-14 10:55,27.36,26.41,30.21,10.4167,2026-05-14 14:55,27.5959,time_exit,48,0.2359,0.00862,0.25,True,False,0.2197852562924485,2.0705103482823395,1.8994421662422267,True,True,True,True,0.6901717828266213
5m,early_hl_wide_3r,early-higher-low,W001,RDDT,2026-05-01 14:00,168.06,163.27,182.43,8.5505,2026-05-01 15:55,166.5,session_close,23,-1.56,-0.00928,-0.33,False,False,-0.6948568949421086,1.3672578411070724,2.3340149319377668,True,True,True,True,0.7563469115135528
5m,early_hl_wide_3r,early-higher-low,W006,SOFI,2026-05-14 12:45,15.755,15.39,16.85,6.9502,2026-05-14 15:55,16.02,session_close,38,0.265,0.01682,0.73,True,True,-0.47329968002944867,1.2210753074890723,2.1738577669766945,True,True,True,True,0.8626915831276386
5m,early_hl_wide_3r,early-higher-low,W010,SOFI,2026-05-20 10:55,15.575,15.15,16.85,8.1862,2026-05-20 14:55,15.525,time_exit,48,-0.05,-0.00321,-0.12,False,False,1.1702370583950295,2.165339635051744,1.8652272558812077,True,True,True,True,0.536293830585344
5m,early_hl_wide_3r,early-higher-low,W014,SOFI,2026-05-28 10:50,16.49,16.05,17.81,8.0048,2026-05-28 14:50,17.0,time_exit,48,0.51,0.03093,1.16,True,True,0.8275361317935603,2.5186609985515807,1.3146101476284144,True,True,True,True,0.7910403254681263
5m,early_hl_wide_3r,early-higher-low,W016,SOFI,2026-05-29 11:35,18.505,17.82,20.56,11.1051,2026-05-29 15:35,18.105,time_exit,48,-0.4,-0.02162,-0.58,False,False,1.265122717926448,2.4820036095763998,2.299589592465612,True,True,True,True,1.2466305015578978
5m,early_hl_wide_3r,early-higher-low,W006,OPEN,2026-05-14 12:10,4.6397,4.48,5.1188,10.3261,2026-05-14 15:25,4.48,stop,39,-0.1597,-0.03442,-1.0,False,False,1.1995600410256824,2.8482763628384644,1.5383965218861206,True,True,True,True,0.7833713069840135
5m,early_hl_wide_3r,early-higher-low,W010,OPEN,2026-05-19 10:40,4.23,4.13,4.53,7.0922,2026-05-19 14:40,4.305,time_exit,48,0.075,0.01773,0.75,True,True,0.3554583902496411,1.1947477041458487,0.23669181319674326,True,False,False,True,0.5092188227680178
5m,early_hl_wide_3r,early-higher-low,W012,OPEN,2026-05-20 10:50,4.325,4.24,4.58,5.8959,2026-05-20 14:50,4.375,time_exit,48,0.05,0.01156,0.59,True,True,-0.23042001221758035,1.050176847056905,0.9324000514850717,True,True,True,True,0.9602206939972385
5m,early_hl_wide_3r,early-higher-low,W015,OPEN,2026-05-28 10:55,4.825,4.69,5.23,8.3938,2026-05-28 14:50,5.23,target,47,0.405,0.08394,3.0,True,True,1.3634151162020824,2.6442871950141944,-0.2068299649004457,True,True,False,True,0.5089833523558972
5m,early_hl_wide_3r,early-higher-low,W005,CVNA,2026-05-20 11:50,65.8,63.52,72.64,10.3952,2026-05-20 15:50,64.89,time_exit,48,-0.91,-0.01383,-0.4,False,False,1.1767410621605023,2.7894980474938436,5.671142508745253,True,True,True,True,0.5732607484247074
5m,early_hl_wide_3r,early-higher-low,W009,W,2026-05-27 11:05,75.885,73.28,83.7,10.2985,2026-05-27 15:05,73.75,time_exit,48,-2.135,-0.02813,-0.82,False,False,0.2910069115655167,1.289154090728184,5.203274616177511,True,True,True,True,0.7399637865627476
5m,early_hl_wide_3r,early-higher-low,W010,W,2026-05-28 11:00,74.36,72.71,79.31,6.6568,2026-05-28 15:00,74.02,time_exit,48,-0.34,-0.00457,-0.21,False,False,0.006736500351101071,1.4334512651983822,1.0197144376353329,True,True,True,True,0.11157026634239853
5m,early_hl_wide_3r,early-higher-low,W004,ETSY,2026-05-14 10:55,58.38,56.5,64.02,9.6608,2026-05-14 14:55,57.79,time_exit,48,-0.59,-0.01011,-0.31,False,False,0.11150603559135774,1.6901920735654885,0.3783990763892131,True,True,True,True,0.450986720813319
5m,early_hl_wide_3r,early-higher-low,W003,FUBO,2026-05-07 10:55,10.73,10.43,11.63,8.3877,2026-05-07 14:55,10.64,time_exit,48,-0.09,-0.00839,-0.3,False,False,-1.379941307355026,1.5151500099837678,1.6113751016160194,True,True,False,True,0.2074956080421628
5m,early_hl_wide_3r,early-higher-low,W006,FUBO,2026-05-20 12:00,9.32,9.14,9.86,5.794,2026-05-20 15:55,9.155,session_close,47,-0.165,-0.0177,-0.92,False,False,0.26881309696293876,1.0840045925231356,2.6417145856954205,True,True,True,True,1.5585956459992452
5m,early_hl_wide_3r,early-higher-low,W001,ROKU,2026-05-01 15:10,123.47,120.3,132.98,7.7023,2026-05-01 15:55,123.63,session_close,9,0.16,0.0013,0.05,True,False,0.05874066758648766,1.813682516812043,1.3874086489438664,True,True,True,True,0.8147277462950753
5m,early_hl_wide_3r,early-higher-low,W007,ROKU,2026-05-20 11:00,122.89,119.88,131.92,7.348,2026-05-20 15:00,123.525,time_exit,48,0.635,0.00517,0.21,True,False,0.4823840888415587,1.423559670458019,2.1188226706177593,True,True,True,True,0.34283557131729575
5m,early_hl_wide_3r,early-higher-low,W004,TTD,2026-05-08 15:10,22.425,21.94,23.88,6.4883,2026-05-08 15:55,23.07,session_close,9,0.645,0.02876,1.33,True,True,-0.3111873730218373,1.516983726330401,1.2415332878841667,True,True,False,True,0.8177527469308853
5m,early_hl_wide_3r,early-higher-low,W007,TTD,2026-05-20 11:55,20.7999,20.23,22.5096,8.2198,2026-05-20 15:55,21.025,time_exit,48,0.2251,0.01082,0.39,True,True,-0.3832331674541556,1.0692554323048498,1.7367883217264124,True,False,False,True,1.0124189826202588
5m,early_hl_wide_3r,early-higher-low,W008,TTD,2026-05-21 11:00,21.025,20.52,22.54,7.2057,2026-05-21 15:00,21.335,time_exit,48,0.31,0.01474,0.61,True,True,-0.5910165591231697,1.2277282385484423,0.4778990925486726,True,True,True,True,0.5909761460515424
5m,early_hl_wide_3r,early-higher-low,W012,TTD,2026-05-29 10:45,21.58,21.01,23.29,7.924,2026-05-29 14:45,21.89,time_exit,48,0.31,0.01437,0.54,True,True,0.4885972236139402,1.3373995990360932,1.6474392106153424,True,True,True,True,0.6817538797403037
5m,early_hl_wide_3r,early-higher-low,W005,BILL,2026-05-13 10:55,40.67,39.6,43.88,7.8928,2026-05-13 13:10,39.6,stop,27,-1.07,-0.02631,-1.0,False,False,-1.0044274464748204,1.9413866769207422,-0.37943399041999726,True,True,False,True,0.3796379336706169
5m,early_hl_wide_3r,early-higher-low,W007,BILL,2026-05-15 11:15,40.53,39.74,42.9,5.8475,2026-05-15 15:15,40.44,time_exit,48,-0.09,-0.00222,-0.11,False,False,0.48351025532080705,1.1102786289780786,2.413449174677651,True,True,True,True,0.9970142590060551
5m,early_hl_wide_3r,early-higher-low,W010,TWLO,2026-05-18 10:45,198.09,191.52,217.8,9.95,2026-05-18 14:45,195.54,time_exit,48,-2.55,-0.01287,-0.39,False,False,-0.3320529390021032,2.0713129815200126,-0.42723843064331746,True,False,False,True,0.32318985392524535
5m,early_hl_wide_3r,early-higher-low,W005,DOCN,2026-05-06 14:25,158.755,154.85,170.47,7.3793,2026-05-06 15:55,161.015,session_close,18,2.26,0.01424,0.58,True,True,0.573328314414745,1.4279328835571814,3.578652350398026,True,True,True,True,0.5302529270746488
5m,early_hl_wide_3r,early-higher-low,W011,DOCN,2026-05-19 14:05,150.055,145.29,164.35,9.5265,2026-05-19 15:55,150.07,session_close,22,0.015,0.0001,0.0,True,False,0.8691262878827599,1.5026613997895177,4.328058250740696,True,True,True,True,0.5526746692739931
5m,early_hl_wide_3r,early-higher-low,W016,DOCN,2026-05-29 12:45,156.92,153.54,167.06,6.4619,2026-05-29 15:55,156.04,end_of_data,38,-0.88,-0.00561,-0.26,False,False,0.23277437963731273,1.4622333627476225,3.089430585096564,True,True,True,True,0.22636776516080312
5m,early_hl_wide_3r,early-higher-low,W002,FROG,2026-05-04 11:00,52.54,51.35,56.11,6.7948,2026-05-04 15:00,52.3,time_exit,48,-0.24,-0.00457,-0.2,False,False,-0.26540168653732543,1.8783912319285667,4.738206430031888,True,True,True,True,0.42008016829596084
5m,early_hl_wide_3r,early-higher-low,W005,FROG,2026-05-07 15:30,57.42,55.82,62.22,8.3594,2026-05-07 15:55,57.01,session_close,5,-0.41,-0.00714,-0.26,False,False,0.4636909581331228,1.7996442591986517,2.2938885935060993,True,True,True,True,2.296908098696487
5m,early_hl_wide_3r,early-higher-low,W007,FROG,2026-05-12 14:55,67.485,65.88,72.3,7.1349,2026-05-12 15:55,67.6,session_close,12,0.115,0.0017,0.07,True,False,0.2897684822498414,1.3972360866706612,2.9124671841811223,True,True,True,True,0.8876654750600458
5m,early_hl_wide_3r,early-higher-low,W013,FROG,2026-05-20 10:35,71.295,68.51,79.65,11.7189,2026-05-20 14:35,73.187,time_exit,48,1.892,0.02654,0.68,True,True,0.06285212854060251,2.028675147709458,2.101870920271409,True,True,True,True,2.610317492041393
5m,early_hl_wide_3r,early-higher-low,W001,ESTC,2026-05-04 10:55,50.69,49.42,54.5,7.5163,2026-05-04 14:55,50.32,time_exit,48,-0.37,-0.0073,-0.29,False,False,-0.3144651023059386,1.5212212773372036,3.8493060242458244,True,True,True,True,0.2720354630311286
5m,early_hl_wide_3r,early-higher-low,W002,ESTC,2026-05-08 10:45,51.29,49.67,56.15,9.4755,2026-05-08 14:45,51.73,time_exit,48,0.44,0.00858,0.27,True,False,0.33248223233721674,2.089550720518507,-0.8599859001060195,True,True,False,True,0.6192336287572136
5m,early_hl_wide_3r,early-higher-low,W009,ESTC,2026-05-29 12:40,62.11,60.55,66.79,7.535,2026-05-29 15:55,64.759,end_of_data,39,2.649,0.04265,1.7,True,True,-0.4726777273939442,1.5282794518258758,1.5780868822701466,True,True,True,True,0.3689707622105797
5m,early_hl_wide_3r,early-higher-low,W007,GTLB,2026-05-14 11:15,22.915,22.48,24.22,5.695,2026-05-14 12:50,22.48,stop,19,-0.435,-0.01898,-1.0,False,False,0.4604233318624251,2.0262744388865883,3.665155891225891,True,True,True,True,1.253137597391449
5m,early_hl_wide_3r,early-higher-low,W008,GTLB,2026-05-15 11:20,23.5,22.89,25.33,7.7872,2026-05-15 15:20,23.785,time_exit,48,0.285,0.01213,0.47,True,True,0.0852171212135211,2.0860475335147344,4.168516921777732,True,True,True,True,0.6046403452732482
5m,early_hl_wide_3r,early-higher-low,W011,GTLB,2026-05-20 10:35,25.67,24.95,27.83,8.4145,2026-05-20 14:35,26.5634,time_exit,48,0.8934,0.0348,1.24,True,True,0.27354315907317517,2.4351322512181417,2.2718202126651876,True,True,True,True,0.4732272620793241
5m,early_hl_wide_3r,early-higher-low,W015,GTLB,2026-05-29 10:40,29.675,28.54,33.08,11.4743,2026-05-29 14:40,30.6855,time_exit,48,1.0105,0.03405,0.89,True,True,1.0725182761595287,3.4500776499284402,4.432718602289509,True,True,True,True,0.6411405562933797
