timestamp,event,symbol,trade_id,cash,equity,open_positions,return_pct,quality_win
2026-05-01 10:20:00,entry,WULF,0,80000.0,100000.0,1,,
2026-05-01 10:25:00,entry,CIFR,1,59989.19,100054.05,2,,
2026-05-01 10:25:00,entry,AMKR,2,39980.58,100043.05,3,,
2026-05-01 10:25:00,entry,LSCC,3,19974.81,100028.86,4,,
2026-05-01 10:30:00,entry,HOOD,4,87.54,99436.35,5,,
2026-05-01 10:30:00,skip_max_positions,COIN,5,87.54,99444.47,5,,
2026-05-01 10:45:00,skip_max_positions,BLNK,6,87.54,100086.32,5,,
2026-05-01 10:50:00,skip_max_positions,ARM,7,87.54,100017.72,5,,
2026-05-01 10:50:00,skip_max_positions,AFRM,8,87.54,100017.72,5,,
2026-05-01 10:50:00,skip_max_positions,HIVE,9,87.54,100017.72,5,,
2026-05-01 10:50:00,skip_max_positions,QUBT,10,87.54,100017.72,5,,
2026-05-01 11:15:00,skip_max_positions,UWM,11,87.54,100572.54,5,,
2026-05-01 11:35:00,skip_max_positions,TMDX,12,87.54,100307.9,5,,
2026-05-01 11:45:00,skip_max_positions,RIOT,13,87.54,100234.11,5,,
2026-05-01 11:50:00,exit,CIFR,1,19801.16,99853.32,4,-0.01485,False
2026-05-01 11:50:00,skip_no_cash,BTDR,14,19801.16,99853.32,4,,
2026-05-01 11:55:00,skip_no_cash,MPWR,15,19801.16,99957.01,4,,
2026-05-01 12:05:00,skip_no_cash,CLSK,16,19801.16,99787.54,4,,
2026-05-01 12:05:00,skip_no_cash,IREN,17,19801.16,99787.54,4,,
2026-05-01 12:05:00,skip_no_cash,IONQ,18,19801.16,99787.54,4,,
2026-05-01 12:05:00,skip_no_cash,QS,19,19801.16,99787.54,4,,
2026-05-01 12:05:00,skip_no_cash,COHR,20,19801.16,99787.54,4,,
2026-05-01 12:05:00,skip_no_cash,LEU,21,19801.16,99787.54,4,,
2026-05-01 12:10:00,skip_no_cash,LCID,22,19801.16,99756.24,4,,
2026-05-01 12:10:00,skip_no_cash,HIMS,23,19801.16,99756.24,4,,
2026-05-01 12:15:00,skip_no_cash,SPCE,24,19801.16,99806.2,4,,
2026-05-01 12:15:00,skip_no_cash,LUNR,25,19801.16,99806.2,4,,
2026-05-01 12:15:00,skip_no_cash,ENPH,26,19801.16,99806.2,4,,
2026-05-01 12:15:00,skip_no_cash,BEAM,27,19801.16,99806.2,4,,
2026-05-01 12:15:00,skip_no_cash,SOFI,28,19801.16,99806.2,4,,
2026-05-01 12:20:00,skip_no_cash,SERV,29,19801.16,99587.75,4,,
2026-05-01 12:25:00,skip_no_cash,FSLR,30,19801.16,99611.19,4,,
2026-05-01 12:25:00,skip_no_cash,TEM,31,19801.16,99611.19,4,,
2026-05-01 12:25:00,skip_no_cash,NET,32,19801.16,99611.19,4,,
2026-05-01 12:30:00,skip_no_cash,TTD,33,19801.16,99627.12,4,,
2026-05-01 12:35:00,skip_no_cash,LAES,34,19801.16,99689.26,4,,
2026-05-01 12:40:00,skip_no_cash,TSM,35,19801.16,99679.88,4,,
2026-05-01 12:40:00,skip_no_cash,AI,36,19801.16,99679.88,4,,
2026-05-01 12:40:00,skip_no_cash,RXRX,37,19801.16,99679.88,4,,
2026-05-01 12:40:00,skip_no_cash,MELI,38,19801.16,99679.88,4,,
2026-05-01 12:45:00,skip_no_cash,SMR,39,19801.16,99615.51,4,,
2026-05-01 12:45:00,skip_no_cash,UEC,40,19801.16,99615.51,4,,
2026-05-01 13:00:00,skip_no_cash,ALAB,41,19801.16,99774.85,4,,
2026-05-01 13:00:00,skip_no_cash,ENVX,42,19801.16,99774.85,4,,
2026-05-01 13:00:00,skip_no_cash,RBLX,43,19801.16,99774.85,4,,
2026-05-01 13:05:00,skip_no_cash,DDOG,44,19801.16,99704.57,4,,
2026-05-01 13:20:00,skip_no_cash,RGTI,45,19801.16,99972.85,4,,
2026-05-01 13:20:00,skip_no_cash,GH,46,19801.16,99972.85,4,,
2026-05-01 13:40:00,skip_no_cash,ARQQ,47,19801.16,99854.94,4,,
2026-05-01 13:55:00,exit,WULF,0,39269.63,99698.67,3,-0.02658,False
2026-05-01 13:55:00,entry,PACB,48,19329.89,99698.67,4,,
2026-05-01 14:00:00,skip_no_cash,SEDG,49,19329.89,99593.59,4,,
2026-05-01 14:00:00,skip_no_cash,OKLO,50,19329.89,99593.59,4,,
2026-05-01 14:00:00,skip_no_cash,RDDT,51,19329.89,99593.59,4,,
2026-05-01 14:00:00,skip_no_cash,OPEN,52,19329.89,99593.59,4,,
2026-05-01 14:05:00,skip_no_cash,BBAI,53,19329.89,99601.27,4,,
2026-05-01 14:05:00,skip_no_cash,W,54,19329.89,99601.27,4,,
2026-05-01 14:05:00,skip_no_cash,TWLO,55,19329.89,99601.27,4,,
2026-05-01 14:10:00,skip_no_cash,GTLB,56,19329.89,99521.82,4,,
2026-05-01 14:15:00,skip_no_cash,QBTS,57,19329.89,99619.95,4,,
2026-05-01 14:20:00,skip_no_cash,FUBO,58,19329.89,99764.62,4,,
2026-05-01 14:20:00,skip_no_cash,FROG,59,19329.89,99764.62,4,,
2026-05-01 14:25:00,exit,AMKR,2,39647.72,99804.04,3,0.01545,True
2026-05-01 14:25:00,exit,LSCC,3,59550.69,99804.04,2,-0.00514,False
2026-05-01 14:30:00,exit,HOOD,4,79741.17,99743.02,1,0.01525,True
2026-05-01 14:30:00,entry,RUN,60,59792.56,99743.02,2,,
2026-05-01 14:30:00,entry,QCOM,61,39854.52,99690.22,3,,
2026-05-01 14:30:00,entry,AEHR,62,19910.6,99719.57,4,,
2026-05-01 14:30:00,skip_no_cash,PLUG,63,19910.6,99749.68,4,,
2026-05-01 14:35:00,skip_no_cash,ACHR,64,19910.6,99776.13,4,,
2026-05-01 14:35:00,skip_no_cash,SPCE,65,19910.6,99776.13,4,,
2026-05-01 14:50:00,entry,NNE,66,26.37,99421.19,5,,
2026-05-01 14:55:00,skip_max_positions,SOUN,67,26.37,99346.69,5,,
2026-05-01 15:00:00,skip_max_positions,MU,68,26.37,99346.68,5,,
2026-05-01 15:00:00,skip_max_positions,ON,69,26.37,99346.68,5,,
2026-05-01 15:00:00,skip_max_positions,PLTR,70,26.37,99346.68,5,,
2026-05-01 15:00:00,skip_max_positions,SDGR,71,26.37,99346.68,5,,
2026-05-01 15:05:00,skip_max_positions,MRVL,72,26.37,99517.25,5,,
2026-05-01 15:10:00,skip_max_positions,APP,73,26.37,99505.86,5,,
2026-05-01 15:10:00,skip_max_positions,DNA,74,26.37,99505.86,5,,
2026-05-01 15:10:00,skip_max_positions,ROKU,75,26.37,99505.86,5,,
2026-05-01 15:15:00,skip_max_positions,AMD,76,26.37,99386.04,5,,
2026-05-01 15:15:00,skip_max_positions,UPST,77,26.37,99386.04,5,,
2026-05-01 15:15:00,skip_max_positions,QUBT,78,26.37,99386.04,5,,
2026-05-01 15:20:00,skip_max_positions,CHPT,79,26.37,99389.62,5,,
2026-05-01 15:30:00,exit,RUN,60,19665.75,99293.57,4,-0.0155,False
2026-05-01 15:55:00,exit,PACB,48,39543.36,99337.43,3,-0.00312,False
2026-05-01 15:55:00,exit,QCOM,61,59527.12,99337.43,2,0.00229,False
2026-05-01 15:55:00,exit,AEHR,62,79537.7,99337.43,1,0.00334,False
2026-05-01 15:55:00,exit,NNE,66,99337.43,99337.43,0,-0.00425,False
2026-05-04 10:15:00,entry,SNOW,80,79469.94,99337.43,1,,
2026-05-04 10:20:00,entry,CCJ,81,59559.88,99550.29,2,,
2026-05-04 10:20:00,entry,CIFR,82,39671.7,99440.92,3,,
2026-05-04 10:20:00,entry,RXRX,83,19766.56,99525.67,4,,
2026-05-04 10:40:00,skip_no_cash,BTDR,84,19766.56,100140.98,4,,
2026-05-04 10:55:00,skip_no_cash,TOST,85,19766.56,99963.49,4,,
2026-05-04 10:55:00,skip_no_cash,BBAI,86,19766.56,99963.49,4,,
2026-05-04 10:55:00,skip_no_cash,PATH,87,19766.56,99963.49,4,,
2026-05-04 10:55:00,skip_no_cash,CRWD,88,19766.56,99963.49,4,,
2026-05-04 10:55:00,skip_no_cash,MDB,89,19766.56,99963.49,4,,
2026-05-04 10:55:00,skip_no_cash,ESTC,90,19766.56,99963.49,4,,
2026-05-04 11:00:00,skip_no_cash,MARA,91,19766.56,100519.01,4,,
2026-05-04 11:00:00,skip_no_cash,CLSK,92,19766.56,100519.01,4,,
2026-05-04 11:00:00,skip_no_cash,WULF,93,19766.56,100519.01,4,,
2026-05-04 11:00:00,skip_no_cash,FROG,94,19766.56,100519.01,4,,
2026-05-04 11:15:00,skip_no_cash,RGTI,95,19766.56,99941.67,4,,
2026-05-04 11:15:00,skip_no_cash,SMCI,96,19766.56,99941.67,4,,
2026-05-04 11:15:00,skip_no_cash,QBTS,97,19766.56,99941.67,4,,
2026-05-04 11:15:00,skip_no_cash,ENVX,98,19766.56,99941.67,4,,
2026-05-04 11:15:00,skip_no_cash,SMR,99,19766.56,99941.67,4,,
2026-05-04 11:15:00,skip_no_cash,OKLO,100,19766.56,99941.67,4,,
2026-05-04 11:15:00,skip_no_cash,ASTS,101,19766.56,99941.67,4,,
2026-05-04 11:15:00,skip_no_cash,NNE,102,19766.56,99941.67,4,,
2026-05-04 11:15:00,skip_no_cash,JOBY,103,19766.56,99941.67,4,,
2026-05-04 11:15:00,skip_no_cash,ACHR,104,19766.56,99941.67,4,,
2026-05-04 11:15:00,skip_no_cash,AI,105,19766.56,99941.67,4,,
2026-05-04 11:15:00,skip_no_cash,HOOD,106,19766.56,99941.67,4,,
2026-05-04 11:15:00,skip_no_cash,COIN,107,19766.56,99941.67,4,,
2026-05-04 11:15:00,skip_no_cash,LEU,108,19766.56,99941.67,4,,
2026-05-04 11:15:00,skip_no_cash,U,109,19766.56,99941.67,4,,
2026-05-04 11:20:00,exit,CCJ,81,39381.16,99694.14,3,-0.01484,False
2026-05-04 11:20:00,entry,NET,110,19442.34,99694.14,4,,
2026-05-04 11:25:00,skip_no_cash,GTLB,111,19442.34,99704.89,4,,
2026-05-04 11:35:00,skip_no_cash,IONQ,112,19442.34,99206.39,4,,
2026-05-04 11:35:00,skip_no_cash,WOLF,113,19442.34,99206.39,4,,
2026-05-04 11:35:00,skip_no_cash,CORZ,114,19442.34,99206.39,4,,
2026-05-04 11:35:00,skip_no_cash,NIO,115,19442.34,99206.39,4,,
2026-05-04 11:35:00,skip_no_cash,XPEV,116,19442.34,99206.39,4,,
2026-05-04 11:35:00,skip_no_cash,DOCN,117,19442.34,99206.39,4,,
2026-05-04 11:40:00,skip_no_cash,HIVE,118,19442.34,99382.71,4,,
2026-05-04 11:55:00,skip_no_cash,BEAM,119,19442.34,99373.74,4,,
2026-05-04 11:55:00,skip_no_cash,LAES,120,19442.34,99373.74,4,,
2026-05-04 11:55:00,skip_no_cash,SOUN,121,19442.34,99373.74,4,,
2026-05-04 11:55:00,skip_no_cash,ARQQ,122,19442.34,99373.74,4,,
2026-05-04 11:55:00,skip_no_cash,RKLB,123,19442.34,99373.74,4,,
2026-05-04 11:55:00,skip_no_cash,CELH,124,19442.34,99373.74,4,,
2026-05-04 11:55:00,skip_no_cash,SHOP,125,19442.34,99373.74,4,,
2026-05-04 11:55:00,skip_no_cash,RBLX,126,19442.34,99373.74,4,,
2026-05-04 11:55:00,skip_no_cash,BILL,127,19442.34,99373.74,4,,
2026-05-04 11:55:00,skip_no_cash,TWLO,128,19442.34,99373.74,4,,
2026-05-04 12:00:00,skip_no_cash,MELI,129,19442.34,99175.0,4,,
2026-05-04 12:05:00,skip_no_cash,CRSP,130,19442.34,98822.55,4,,
2026-05-04 12:05:00,skip_no_cash,NTLA,131,19442.34,98822.55,4,,
2026-05-04 12:30:00,skip_no_cash,QUBT,132,19442.34,99382.06,4,,
2026-05-04 12:50:00,skip_no_cash,ROKU,133,19442.34,99567.79,4,,
2026-05-04 13:10:00,skip_no_cash,AFRM,134,19442.34,99613.59,4,,
2026-05-04 13:45:00,skip_no_cash,SEDG,135,19442.34,100023.11,4,,
2026-05-04 13:50:00,skip_no_cash,LCID,136,19442.34,100084.32,4,,
2026-05-04 14:15:00,exit,SNOW,80,39338.57,99953.76,3,0.00145,False
2026-05-04 14:20:00,exit,CIFR,82,59582.71,99931.46,2,0.0179,True
2026-05-04 14:20:00,exit,RXRX,83,79902.29,99931.46,1,0.02082,True
2026-05-04 14:30:00,entry,NNE,137,59915.1,99935.96,2,,
2026-05-04 14:40:00,entry,LSCC,138,39929.89,99926.07,3,,
2026-05-04 14:40:00,entry,RXRX,139,19962.66,99836.13,4,,
2026-05-04 14:50:00,entry,RIVN,140,42.82,99599.19,5,,
2026-05-04 14:55:00,skip_max_positions,DDOG,141,42.82,99790.51,5,,
2026-05-04 15:00:00,skip_max_positions,HUT,142,42.82,99755.95,5,,
2026-05-04 15:05:00,skip_max_positions,ACHR,143,42.82,99983.66,5,,
2026-05-04 15:05:00,skip_max_positions,DNN,144,42.82,99983.66,5,,
2026-05-04 15:05:00,skip_max_positions,PLUG,145,42.82,99983.66,5,,
2026-05-04 15:05:00,skip_max_positions,PACB,146,42.82,99983.66,5,,
2026-05-04 15:10:00,skip_max_positions,BBAI,147,42.82,99960.5,5,,
2026-05-04 15:10:00,skip_max_positions,QS,148,42.82,99960.5,5,,
2026-05-04 15:10:00,skip_max_positions,ELF,149,42.82,99960.5,5,,
2026-05-04 15:10:00,skip_max_positions,CART,150,42.82,99960.5,5,,
2026-05-04 15:15:00,skip_max_positions,BLNK,151,42.82,99617.03,5,,
2026-05-04 15:20:00,exit,NET,110,20072.44,99645.72,4,0.00455,False
2026-05-04 15:20:00,exit,NNE,137,39715.61,99679.29,3,-0.01721,False
2026-05-04 15:25:00,entry,U,152,19757.34,99791.34,4,,
2026-05-04 15:30:00,skip_no_cash,ETSY,153,19757.34,99745.7,4,,
2026-05-04 15:35:00,skip_no_cash,SNDK,154,19757.34,99713.07,4,,
2026-05-04 15:35:00,skip_no_cash,LUNR,155,19757.34,99713.07,4,,
2026-05-04 15:35:00,skip_no_cash,EDIT,156,19757.34,99713.07,4,,
2026-05-04 15:35:00,skip_no_cash,HIMS,157,19757.34,99713.07,4,,
2026-05-04 15:40:00,skip_no_cash,HIVE,158,19757.34,99699.56,4,,
2026-05-04 15:55:00,exit,LSCC,138,39753.7,99170.76,3,0.00056,False
2026-05-04 15:55:00,exit,RXRX,139,59749.37,99170.76,2,0.00142,False
2026-05-04 15:55:00,exit,RIVN,140,79404.88,99170.76,1,-0.01327,False
2026-05-04 15:55:00,exit,U,152,99170.76,99170.76,0,-0.00964,False
2026-05-05 10:30:00,entry,HIVE,159,79336.61,99170.76,1,,
2026-05-05 10:45:00,entry,BTDR,160,59502.75,99169.27,2,,
2026-05-05 10:45:00,entry,CAVA,161,39655.97,99233.93,3,,
2026-05-05 10:50:00,entry,CORZ,162,19815.48,99202.42,4,,
2026-05-05 10:50:00,skip_no_cash,IREN,163,19815.48,99225.73,4,,
2026-05-05 10:55:00,skip_no_cash,UPST,164,19815.48,99084.28,4,,
2026-05-05 10:55:00,skip_no_cash,AI,165,19815.48,99084.28,4,,
2026-05-05 10:55:00,skip_no_cash,AFRM,166,19815.48,99084.28,4,,
2026-05-05 10:55:00,skip_no_cash,RIOT,167,19815.48,99084.28,4,,
2026-05-05 10:55:00,skip_no_cash,NET,168,19815.48,99084.28,4,,
2026-05-05 11:00:00,skip_no_cash,CIFR,169,19815.48,99092.08,4,,
2026-05-05 11:00:00,skip_no_cash,MU,170,19815.48,99092.08,4,,
2026-05-05 11:05:00,entry,ENVX,171,19.52,98979.82,5,,
2026-05-05 11:10:00,skip_max_positions,SDGR,172,19.52,99398.91,5,,
2026-05-05 11:35:00,skip_max_positions,HOOD,173,19.52,99672.64,5,,
2026-05-05 11:40:00,skip_max_positions,TWLO,174,19.52,100175.67,5,,
2026-05-05 11:45:00,skip_max_positions,AMKR,175,19.52,100256.96,5,,
2026-05-05 11:45:00,skip_max_positions,OPEN,176,19.52,100256.96,5,,
2026-05-05 11:55:00,skip_max_positions,SEDG,177,19.52,99838.18,5,,
2026-05-05 12:10:00,skip_max_positions,BLDP,178,19.52,99956.72,5,,
2026-05-05 12:10:00,skip_max_positions,IONQ,179,19.52,99956.72,5,,
2026-05-05 12:10:00,skip_max_positions,CRDO,180,19.52,99956.72,5,,
2026-05-05 12:10:00,skip_max_positions,CHPT,181,19.52,99956.72,5,,
2026-05-05 12:10:00,skip_max_positions,SOFI,182,19.52,99956.72,5,,
2026-05-05 12:15:00,skip_max_positions,TOST,183,19.52,99793.8,5,,
2026-05-05 12:15:00,skip_max_positions,TTD,184,19.52,99793.8,5,,
2026-05-05 12:15:00,skip_max_positions,RDDT,185,19.52,99793.8,5,,
2026-05-05 12:15:00,skip_max_positions,AEHR,186,19.52,99793.8,5,,
2026-05-05 12:15:00,skip_max_positions,COHR,187,19.52,99793.8,5,,
2026-05-05 12:15:00,skip_max_positions,LAC,188,19.52,99793.8,5,,
2026-05-05 12:15:00,skip_max_positions,BLNK,189,19.52,99793.8,5,,
2026-05-05 12:30:00,skip_max_positions,CRWD,190,19.52,99734.62,5,,
2026-05-05 12:30:00,skip_max_positions,FROG,191,19.52,99734.62,5,,
2026-05-05 12:40:00,skip_max_positions,SNDK,192,19.52,99221.47,5,,
2026-05-05 12:40:00,skip_max_positions,WULF,193,19.52,99221.47,5,,
2026-05-05 12:50:00,skip_max_positions,ALB,194,19.52,99586.4,5,,
2026-05-05 12:50:00,skip_max_positions,CELH,195,19.52,99586.4,5,,
2026-05-05 12:55:00,skip_max_positions,MRVL,196,19.52,99910.37,5,,
2026-05-05 12:55:00,skip_max_positions,AMD,197,19.52,99910.37,5,,
2026-05-05 12:55:00,skip_max_positions,MPWR,198,19.52,99910.37,5,,
2026-05-05 12:55:00,skip_max_positions,ALAB,199,19.52,99910.37,5,,
2026-05-05 13:05:00,skip_max_positions,LRCX,200,19.52,99878.72,5,,
2026-05-05 13:05:00,skip_max_positions,WOLF,201,19.52,99878.72,5,,
2026-05-05 13:20:00,exit,HIVE,159,20972.14,100295.4,4,0.05639,True
2026-05-05 13:20:00,entry,DKNG,202,913.06,100295.4,5,,
2026-05-05 13:35:00,skip_max_positions,MELI,203,913.06,100353.12,5,,
2026-05-05 13:55:00,skip_max_positions,CRSP,204,913.06,100197.06,5,,
2026-05-05 14:15:00,skip_max_positions,KLAC,205,913.06,100822.36,5,,
2026-05-05 14:30:00,exit,CORZ,162,21648.6,101084.07,4,0.04511,True
2026-05-05 14:35:00,entry,LSCC,206,1460.12,100942.4,5,,
2026-05-05 14:45:00,exit,BTDR,160,21568.77,100927.48,4,0.01385,True
2026-05-05 14:45:00,exit,CAVA,161,41391.23,100927.48,3,-0.00123,False
2026-05-05 14:45:00,entry,HIMS,207,21205.74,100927.48,4,,
2026-05-05 14:45:00,entry,DOCN,208,981.14,101122.97,5,,
2026-05-05 14:50:00,skip_max_positions,CART,209,981.14,101330.48,5,,
2026-05-05 14:55:00,skip_max_positions,OKLO,210,981.14,101443.46,5,,
2026-05-05 14:55:00,skip_max_positions,CIFR,211,981.14,101443.46,5,,
2026-05-05 14:55:00,skip_max_positions,QBTS,212,981.14,101443.46,5,,
2026-05-05 14:55:00,skip_max_positions,QUBT,213,981.14,101443.46,5,,
2026-05-05 14:55:00,skip_max_positions,SMR,214,981.14,101443.46,5,,
2026-05-05 15:00:00,skip_max_positions,EDIT,215,981.14,101233.7,5,,
2026-05-05 15:05:00,exit,ENVX,171,20534.82,101297.68,4,-0.01224,False
2026-05-05 15:15:00,exit,LSCC,206,40231.14,101122.9,3,-0.02438,False
2026-05-05 15:15:00,entry,BBAI,216,20006.56,101122.9,4,,
2026-05-05 15:15:00,skip_no_cash,CLSK,217,20006.56,101172.35,4,,
2026-05-05 15:15:00,skip_no_cash,IREN,218,20006.56,101172.35,4,,
2026-05-05 15:15:00,skip_no_cash,BTDR,219,20006.56,101172.35,4,,
2026-05-05 15:15:00,skip_no_cash,LAES,220,20006.56,101172.35,4,,
2026-05-05 15:25:00,skip_no_cash,ASTS,221,20006.56,101367.75,4,,
2026-05-05 15:25:00,skip_no_cash,MCHP,222,20006.56,101367.75,4,,
2026-05-05 15:25:00,skip_no_cash,LUNR,223,20006.56,101367.75,4,,
2026-05-05 15:30:00,skip_no_cash,PACB,224,20006.56,101201.69,4,,
2026-05-05 15:40:00,skip_no_cash,RGTI,225,20006.56,101391.37,4,,
2026-05-05 15:40:00,skip_no_cash,ARM,226,20006.56,101391.37,4,,
2026-05-05 15:40:00,skip_no_cash,SMCI,227,20006.56,101391.37,4,,
2026-05-05 15:40:00,skip_no_cash,QS,228,20006.56,101391.37,4,,
2026-05-05 15:55:00,exit,DKNG,202,40309.24,101677.13,3,0.01214,True
2026-05-05 15:55:00,exit,HIMS,207,60471.74,101677.13,2,-0.00114,False
2026-05-05 15:55:00,exit,DOCN,208,81205.31,101677.13,1,0.02517,True
2026-05-05 15:55:00,exit,BBAI,216,101677.13,101677.13,0,0.01222,True
2026-05-06 10:20:00,entry,QBTS,229,81341.7,101677.13,1,,
2026-05-06 10:25:00,entry,LAC,230,61017.05,101623.27,2,,
2026-05-06 10:30:00,entry,SMR,231,40633.14,101919.54,3,,
2026-05-06 10:30:00,entry,TEM,232,20249.27,101919.37,4,,
2026-05-06 10:35:00,skip_no_cash,BLNK,233,20249.27,101987.58,4,,
2026-05-06 10:50:00,skip_no_cash,ELF,234,20249.27,102319.83,4,,
2026-05-06 10:50:00,skip_no_cash,OPEN,235,20249.27,102319.83,4,,
2026-05-06 10:55:00,skip_no_cash,SERV,236,20249.27,101666.52,4,,
2026-05-06 11:00:00,skip_no_cash,PLTR,237,20249.27,101392.99,4,,
2026-05-06 11:00:00,skip_no_cash,PATH,238,20249.27,101392.99,4,,
2026-05-06 11:00:00,skip_no_cash,SNOW,239,20249.27,101392.99,4,,
2026-05-06 11:00:00,skip_no_cash,BILL,240,20249.27,101392.99,4,,
2026-05-06 11:05:00,skip_no_cash,BLDP,241,20249.27,101579.52,4,,
2026-05-06 11:05:00,skip_no_cash,MELI,242,20249.27,101579.52,4,,
2026-05-06 11:10:00,skip_no_cash,DDOG,243,20249.27,101737.16,4,,
2026-05-06 11:10:00,skip_no_cash,U,244,20249.27,101737.16,4,,
2026-05-06 11:15:00,skip_no_cash,AI,245,20249.27,102173.64,4,,
2026-05-06 11:15:00,skip_no_cash,CCJ,246,20249.27,102173.64,4,,
2026-05-06 11:20:00,skip_no_cash,SOUN,247,20249.27,101940.15,4,,
2026-05-06 11:20:00,skip_no_cash,UEC,248,20249.27,101940.15,4,,
2026-05-06 11:20:00,skip_no_cash,DNN,249,20249.27,101940.15,4,,
2026-05-06 11:25:00,skip_no_cash,RGTI,250,20249.27,101949.78,4,,
2026-05-06 11:25:00,skip_no_cash,ASTS,251,20249.27,101949.78,4,,
2026-05-06 11:25:00,skip_no_cash,ACHR,252,20249.27,101949.78,4,,
2026-05-06 11:35:00,skip_no_cash,CRWD,253,20249.27,102450.78,4,,
2026-05-06 11:40:00,skip_no_cash,EDIT,254,20249.27,102674.25,4,,
2026-05-06 11:45:00,skip_no_cash,NTLA,255,20249.27,103247.02,4,,
2026-05-06 11:50:00,skip_no_cash,ON,256,20249.27,103427.16,4,,
2026-05-06 11:55:00,skip_no_cash,RKLB,257,20249.27,103306.23,4,,
2026-05-06 11:55:00,skip_no_cash,LUNR,258,20249.27,103306.23,4,,
2026-05-06 12:05:00,skip_no_cash,KLAC,259,20249.27,102780.74,4,,
2026-05-06 12:25:00,skip_no_cash,CORZ,260,20249.27,103396.46,4,,
2026-05-06 12:25:00,skip_no_cash,LAES,261,20249.27,103396.46,4,,
2026-05-06 12:30:00,skip_no_cash,ARQQ,262,20249.27,103343.52,4,,
2026-05-06 12:45:00,skip_no_cash,LRCX,263,20249.27,103127.7,4,,
2026-05-06 13:00:00,skip_no_cash,AEHR,264,20249.27,104088.95,4,,
2026-05-06 13:05:00,skip_no_cash,WULF,265,20249.27,103846.01,4,,
2026-05-06 13:05:00,skip_no_cash,JOBY,266,20249.27,103846.01,4,,
2026-05-06 13:10:00,skip_no_cash,MPWR,267,20249.27,104390.35,4,,
2026-05-06 13:10:00,skip_no_cash,BBAI,268,20249.27,104390.35,4,,
2026-05-06 13:10:00,skip_no_cash,QS,269,20249.27,104390.35,4,,
2026-05-06 13:15:00,skip_no_cash,DNA,270,20249.27,104588.02,4,,
2026-05-06 13:25:00,skip_no_cash,HUT,271,20249.27,105117.88,4,,
2026-05-06 13:30:00,skip_no_cash,QUBT,272,20249.27,105267.72,4,,
2026-05-06 13:40:00,skip_no_cash,BTDR,273,20249.27,105024.75,4,,
2026-05-06 13:40:00,skip_no_cash,RDDT,274,20249.27,105024.75,4,,
2026-05-06 13:50:00,skip_no_cash,NNE,275,20249.27,104977.55,4,,
2026-05-06 13:55:00,skip_no_cash,WOLF,276,20249.27,104541.37,4,,
2026-05-06 13:55:00,skip_no_cash,LEU,277,20249.27,104541.37,4,,
2026-05-06 13:55:00,skip_no_cash,CRSP,278,20249.27,104541.37,4,,
2026-05-06 14:05:00,skip_no_cash,ARM,279,20249.27,104856.02,4,,
2026-05-06 14:05:00,skip_no_cash,CLSK,280,20249.27,104856.02,4,,
2026-05-06 14:10:00,skip_no_cash,ENVX,281,20249.27,105134.73,4,,
2026-05-06 14:15:00,skip_no_cash,OKLO,282,20249.27,105082.41,4,,
2026-05-06 14:15:00,skip_no_cash,FROG,283,20249.27,105082.41,4,,
2026-05-06 14:20:00,exit,QBTS,229,41592.95,105499.99,3,0.04958,True
2026-05-06 14:20:00,entry,ETSY,284,20492.95,105499.99,4,,
2026-05-06 14:20:00,skip_no_cash,GTLB,285,20492.95,105501.63,4,,
2026-05-06 14:25:00,exit,LAC,230,41610.16,105562.86,3,0.03899,True
2026-05-06 14:25:00,entry,DKNG,286,20497.59,105562.86,4,,
2026-05-06 14:25:00,skip_no_cash,DOCN,287,20497.59,105610.21,4,,
2026-05-06 14:30:00,exit,SMR,231,42078.96,105495.17,3,0.05875,True
2026-05-06 14:30:00,exit,TEM,232,63376.83,105495.17,2,0.04484,True
2026-05-06 14:45:00,entry,ROKU,288,42317.78,105295.29,3,,
2026-05-06 15:00:00,exit,DKNG,286,63012.83,105282.36,2,-0.01978,False
2026-05-06 15:00:00,entry,IONQ,289,41956.36,105282.36,3,,
2026-05-06 15:00:00,entry,MCHP,290,20932.03,105121.66,4,,
2026-05-06 15:00:00,skip_no_cash,SMR,291,20932.03,105126.84,4,,
2026-05-06 15:05:00,skip_no_cash,RXRX,292,20932.03,105263.22,4,,
2026-05-06 15:10:00,skip_no_cash,TEM,293,20932.03,105261.87,4,,
2026-05-06 15:10:00,skip_no_cash,GH,294,20932.03,105261.87,4,,
2026-05-06 15:10:00,skip_no_cash,HIMS,295,20932.03,105261.87,4,,
2026-05-06 15:15:00,skip_no_cash,AMD,296,20932.03,105502.22,4,,
2026-05-06 15:15:00,skip_no_cash,ALAB,297,20932.03,105502.22,4,,
2026-05-06 15:15:00,skip_no_cash,CRDO,298,20932.03,105502.22,4,,
2026-05-06 15:20:00,skip_no_cash,MDB,299,20932.03,105585.45,4,,
2026-05-06 15:25:00,skip_no_cash,U,300,20932.03,105654.17,4,,
2026-05-06 15:30:00,skip_no_cash,MARA,301,20932.03,105773.8,4,,
2026-05-06 15:40:00,skip_no_cash,RIOT,302,20932.03,105850.76,4,,
2026-05-06 15:55:00,exit,ETSY,284,42228.7,105799.9,3,0.00932,False
2026-05-06 15:55:00,exit,ROKU,288,63373.69,105799.9,2,0.00408,False
2026-05-06 15:55:00,exit,IONQ,289,84478.38,105799.9,1,0.00229,False
2026-05-06 15:55:00,exit,MCHP,290,105799.91,105799.91,0,0.01414,True
2026-05-07 10:35:00,entry,COHR,303,84639.92,105799.91,1,,
2026-05-07 10:40:00,entry,QCOM,304,63528.23,105558.49,2,,
2026-05-07 10:40:00,entry,MARA,305,42394.89,105666.67,3,,
2026-05-07 10:40:00,entry,CLSK,306,21258.29,105683.0,4,,
2026-05-07 10:45:00,entry,MELI,307,69.4,105944.44,5,,
2026-05-07 10:50:00,skip_max_positions,MDB,308,69.4,106480.08,5,,
2026-05-07 10:55:00,skip_max_positions,FUBO,309,69.4,106706.31,5,,
2026-05-07 10:55:00,skip_max_positions,GTLB,310,69.4,106706.31,5,,
2026-05-07 11:00:00,skip_max_positions,DNN,311,69.4,106496.28,5,,
2026-05-07 11:05:00,skip_max_positions,WOLF,312,69.4,106664.55,5,,
2026-05-07 11:05:00,skip_max_positions,AVGO,313,69.4,106664.55,5,,
2026-05-07 11:15:00,skip_max_positions,SOUN,314,69.4,106788.36,5,,
2026-05-07 11:15:00,skip_max_positions,ACHR,315,69.4,106788.36,5,,
2026-05-07 11:20:00,skip_max_positions,PLTR,316,69.4,106642.66,5,,
2026-05-07 11:20:00,skip_max_positions,TWLO,317,69.4,106642.66,5,,
2026-05-07 11:25:00,skip_max_positions,SNDK,318,69.4,106938.54,5,,
2026-05-07 11:25:00,skip_max_positions,NIO,319,69.4,106938.54,5,,
2026-05-07 11:30:00,exit,QCOM,304,23128.36,107192.28,4,0.09224,True
2026-05-07 11:35:00,entry,BBAI,320,1736.58,106958.91,5,,
2026-05-07 11:35:00,skip_max_positions,BLDP,321,1736.58,106966.33,5,,
2026-05-07 11:35:00,skip_max_positions,AFRM,322,1736.58,106966.33,5,,
2026-05-07 11:40:00,skip_max_positions,ARQQ,323,1736.58,106865.05,5,,
2026-05-07 12:00:00,skip_max_positions,PACB,324,1736.58,106008.46,5,,
2026-05-07 12:05:00,exit,BBAI,320,22707.94,105547.02,4,-0.01965,False
2026-05-07 12:15:00,exit,MARA,305,43286.0,105087.97,3,-0.02628,False
2026-05-07 12:15:00,exit,CLSK,306,63736.93,105244.48,2,-0.03244,False
2026-05-07 12:15:00,entry,SHOP,325,42688.03,105244.48,3,,
2026-05-07 12:20:00,exit,MELI,307,63528.7,105198.94,2,-0.01643,False
2026-05-07 12:20:00,entry,DKNG,326,42488.92,105198.94,3,,
2026-05-07 12:30:00,entry,CRWD,327,21385.84,105515.4,4,,
2026-05-07 12:35:00,entry,TMDX,328,335.06,105253.9,5,,
2026-05-07 12:35:00,skip_max_positions,RBLX,329,335.06,105161.77,5,,
2026-05-07 12:35:00,skip_max_positions,CRDO,330,335.06,105161.77,5,,
2026-05-07 12:35:00,skip_max_positions,AEHR,331,335.06,105161.77,5,,
2026-05-07 12:35:00,skip_max_positions,UEC,332,335.06,105161.77,5,,
2026-05-07 12:35:00,skip_max_positions,NET,333,335.06,105161.77,5,,
2026-05-07 12:50:00,exit,TMDX,328,21170.86,104878.25,4,-0.01021,False
2026-05-07 12:55:00,exit,SHOP,325,41877.32,104595.12,3,-0.01627,False
2026-05-07 13:00:00,entry,CELH,334,20983.95,104466.87,4,,
2026-05-07 13:10:00,entry,TOST,335,95.89,104440.29,5,,
2026-05-07 13:15:00,exit,COHR,303,20555.8,103980.54,4,-0.03308,False
2026-05-07 13:20:00,exit,DKNG,326,41435.69,103917.32,3,-0.0076,False
2026-05-07 14:30:00,entry,CORZ,336,20627.41,104041.36,4,,
2026-05-07 14:30:00,skip_no_cash,DNA,337,20627.41,104158.32,4,,
2026-05-07 14:40:00,skip_no_cash,GLW,338,20627.41,103972.52,4,,
2026-05-07 14:55:00,skip_no_cash,CVNA,339,20627.41,104385.92,4,,
2026-05-07 15:30:00,skip_no_cash,FROG,340,20627.41,104188.77,4,,
2026-05-07 15:35:00,skip_no_cash,GH,341,20627.41,104218.34,4,,
2026-05-07 15:40:00,skip_no_cash,MCHP,342,20627.41,104331.54,4,,
2026-05-07 15:40:00,skip_no_cash,HUT,343,20627.41,104331.54,4,,
2026-05-07 15:55:00,exit,CRWD,327,41950.17,104257.56,3,0.01041,True
2026-05-07 15:55:00,exit,CELH,334,62442.79,104257.56,2,-0.01918,False
2026-05-07 15:55:00,exit,TOST,335,83228.17,104257.56,1,-0.00492,False
2026-05-07 15:55:00,exit,CORZ,336,104257.56,104257.56,0,0.01063,True
2026-05-08 10:40:00,entry,BLNK,344,83406.05,104257.56,1,,
2026-05-08 10:45:00,entry,JOBY,345,62543.66,104311.93,2,,
2026-05-08 10:45:00,entry,CRSP,346,41646.23,104487.16,3,,
2026-05-08 10:45:00,entry,ESTC,347,20713.49,104663.69,4,,
2026-05-08 10:45:00,skip_no_cash,CHPT,348,20713.49,104649.41,4,,
2026-05-08 10:50:00,skip_no_cash,LSCC,349,20713.49,104896.86,4,,
2026-05-08 10:55:00,skip_no_cash,MU,350,20713.49,104813.22,4,,
2026-05-08 10:55:00,skip_no_cash,SOUN,351,20713.49,104813.22,4,,
2026-05-08 10:55:00,skip_no_cash,QBTS,352,20713.49,104813.22,4,,
2026-05-08 11:00:00,skip_no_cash,SNDK,353,20713.49,104648.05,4,,
2026-05-08 11:05:00,skip_no_cash,MRVL,354,20713.49,104884.67,4,,
2026-05-08 11:20:00,skip_no_cash,BEAM,355,20713.49,105429.92,4,,
2026-05-08 11:25:00,skip_no_cash,HIMS,356,20713.49,105699.43,4,,
2026-05-08 11:30:00,skip_no_cash,U,357,20713.49,105722.82,4,,
2026-05-08 11:35:00,skip_no_cash,QUBT,358,20713.49,106109.78,4,,
2026-05-08 11:35:00,skip_no_cash,ON,359,20713.49,106109.78,4,,
2026-05-08 11:35:00,skip_no_cash,COIN,360,20713.49,106109.78,4,,
2026-05-08 11:45:00,skip_no_cash,SMCI,361,20713.49,106034.23,4,,
2026-05-08 11:45:00,skip_no_cash,NTLA,362,20713.49,106034.23,4,,
2026-05-08 11:55:00,skip_no_cash,LUNR,363,20713.49,105704.96,4,,
2026-05-08 12:05:00,skip_no_cash,PLTR,364,20713.49,105742.6,4,,
2026-05-08 12:10:00,skip_no_cash,LCID,365,20713.49,106045.18,4,,
2026-05-08 12:10:00,skip_no_cash,EDIT,366,20713.49,106045.18,4,,
2026-05-08 12:20:00,skip_no_cash,AMD,367,20713.49,106002.7,4,,
2026-05-08 12:30:00,skip_no_cash,QCOM,368,20713.49,106017.74,4,,
2026-05-08 12:35:00,skip_no_cash,RKLB,369,20713.49,106100.36,4,,
2026-05-08 12:35:00,skip_no_cash,XPEV,370,20713.49,106100.36,4,,
2026-05-08 12:50:00,skip_no_cash,KLAC,371,20713.49,105864.97,4,,
2026-05-08 12:55:00,skip_no_cash,TWLO,372,20713.49,105770.38,4,,
2026-05-08 13:05:00,skip_no_cash,MU,373,20713.49,105933.4,4,,
2026-05-08 13:15:00,skip_no_cash,MARA,374,20713.49,106076.73,4,,
2026-05-08 13:15:00,skip_no_cash,ROKU,375,20713.49,106076.73,4,,
2026-05-08 13:15:00,skip_no_cash,BILL,376,20713.49,106076.73,4,,
2026-05-08 13:20:00,skip_no_cash,SDGR,377,20713.49,105993.61,4,,
2026-05-08 13:20:00,skip_no_cash,ASTS,378,20713.49,105993.61,4,,
2026-05-08 13:25:00,skip_no_cash,AI,379,20713.49,106096.44,4,,
2026-05-08 13:30:00,skip_no_cash,AMKR,380,20713.49,106200.41,4,,
2026-05-08 13:30:00,skip_no_cash,FSLR,381,20713.49,106200.41,4,,
2026-05-08 13:35:00,skip_no_cash,DOCN,382,20713.49,106171.54,4,,
2026-05-08 13:40:00,skip_no_cash,FROG,383,20713.49,106244.07,4,,
2026-05-08 13:55:00,skip_no_cash,BE,384,20713.49,106371.62,4,,
2026-05-08 13:55:00,skip_no_cash,AVGO,385,20713.49,106371.62,4,,
2026-05-08 13:55:00,skip_no_cash,RXRX,386,20713.49,106371.62,4,,
2026-05-08 14:05:00,skip_no_cash,PATH,387,20713.49,106798.26,4,,
2026-05-08 14:05:00,skip_no_cash,SEDG,388,20713.49,106798.26,4,,
2026-05-08 14:05:00,skip_no_cash,DDOG,389,20713.49,106798.26,4,,
2026-05-08 14:05:00,skip_no_cash,NET,390,20713.49,106798.26,4,,
2026-05-08 14:05:00,skip_no_cash,MDB,391,20713.49,106798.26,4,,
2026-05-08 14:10:00,skip_no_cash,HIVE,392,20713.49,107039.88,4,,
2026-05-08 14:10:00,skip_no_cash,DNN,393,20713.49,107039.88,4,,
2026-05-08 14:10:00,skip_no_cash,SNOW,394,20713.49,107039.88,4,,
2026-05-08 14:15:00,skip_no_cash,WULF,395,20713.49,106998.72,4,,
2026-05-08 14:15:00,skip_no_cash,BBAI,396,20713.49,106998.72,4,,
2026-05-08 14:20:00,skip_no_cash,COHR,397,20713.49,107124.02,4,,
2026-05-08 14:30:00,skip_no_cash,NNE,398,20713.49,106965.97,4,,
2026-05-08 14:30:00,skip_no_cash,OKLO,399,20713.49,106965.97,4,,
2026-05-08 14:30:00,skip_no_cash,IREN,400,20713.49,106965.97,4,,
2026-05-08 14:30:00,skip_no_cash,CORZ,401,20713.49,106965.97,4,,
2026-05-08 14:40:00,exit,BLNK,344,42634.25,106502.1,3,0.05128,True
2026-05-08 14:40:00,entry,ARQQ,402,21333.83,106502.1,4,,
2026-05-08 14:45:00,exit,JOBY,345,42928.05,106190.96,3,0.03508,True
2026-05-08 14:45:00,exit,CRSP,346,64091.26,106190.96,2,0.01272,True
2026-05-08 14:45:00,exit,ESTC,347,85203.57,106190.96,1,0.00858,False
2026-05-08 15:00:00,entry,LRCX,403,63982.42,106105.73,2,,
2026-05-08 15:00:00,entry,MPWR,404,42749.24,106165.91,3,,
2026-05-08 15:00:00,entry,BLNK,405,21500.08,106245.8,4,,
2026-05-08 15:00:00,entry,TEM,406,295.39,106023.45,5,,
2026-05-08 15:05:00,skip_max_positions,TMDX,407,295.39,106507.3,5,,
2026-05-08 15:10:00,skip_max_positions,LAES,408,295.39,106512.22,5,,
2026-05-08 15:10:00,skip_max_positions,RGTI,409,295.39,106512.22,5,,
2026-05-08 15:10:00,skip_max_positions,ADI,410,295.39,106512.22,5,,
2026-05-08 15:10:00,skip_max_positions,SOUN,411,295.39,106512.22,5,,
2026-05-08 15:10:00,skip_max_positions,UPST,412,295.39,106512.22,5,,
2026-05-08 15:10:00,skip_max_positions,HOOD,413,295.39,106512.22,5,,
2026-05-08 15:10:00,skip_max_positions,QBTS,414,295.39,106512.22,5,,
2026-05-08 15:10:00,skip_max_positions,QS,415,295.39,106512.22,5,,
2026-05-08 15:10:00,skip_max_positions,ENVX,416,295.39,106512.22,5,,
2026-05-08 15:10:00,skip_max_positions,ENPH,417,295.39,106512.22,5,,
2026-05-08 15:10:00,skip_max_positions,LAC,418,295.39,106512.22,5,,
2026-05-08 15:10:00,skip_max_positions,RIVN,419,295.39,106512.22,5,,
2026-05-08 15:10:00,skip_max_positions,CHPT,420,295.39,106512.22,5,,
2026-05-08 15:10:00,skip_max_positions,UWM,421,295.39,106512.22,5,,
2026-05-08 15:10:00,skip_max_positions,TTD,422,295.39,106512.22,5,,
2026-05-08 15:10:00,skip_max_positions,GTLB,423,295.39,106512.22,5,,
2026-05-08 15:35:00,skip_max_positions,RIOT,424,295.39,106698.69,5,,
2026-05-08 15:35:00,skip_max_positions,CLSK,425,295.39,106698.69,5,,
2026-05-08 15:40:00,skip_max_positions,CRDO,426,295.39,106822.84,5,,
2026-05-08 15:40:00,skip_max_positions,AEHR,427,295.39,106822.84,5,,
2026-05-08 15:40:00,skip_max_positions,CIFR,428,295.39,106822.84,5,,
2026-05-08 15:40:00,skip_max_positions,LEU,429,295.39,106822.84,5,,
2026-05-08 15:55:00,exit,ARQQ,402,21581.58,107278.21,4,-0.00067,False
2026-05-08 15:55:00,exit,LRCX,403,42782.18,107278.21,3,-0.00097,False
2026-05-08 15:55:00,exit,MPWR,404,64110.04,107278.21,2,0.00446,False
2026-05-08 15:55:00,exit,BLNK,405,85571.44,107278.21,1,0.00999,False
2026-05-08 15:55:00,exit,TEM,406,107278.21,107278.21,0,0.02368,True
2026-05-11 10:40:00,entry,KLAC,430,85822.57,107278.21,1,,
2026-05-11 10:45:00,entry,AI,431,64366.61,107279.81,2,,
2026-05-11 10:45:00,entry,GLW,432,42943.75,107114.29,3,,
2026-05-11 10:45:00,entry,MRVL,433,21518.76,107124.94,4,,
2026-05-11 10:50:00,entry,SERV,434,16.41,107511.77,5,,
2026-05-11 10:55:00,exit,AI,431,21218.69,107674.11,4,-0.01182,False
2026-05-11 11:00:00,skip_no_cash,CORZ,435,21218.69,107846.13,4,,
2026-05-11 11:00:00,skip_no_cash,HUT,436,21218.69,107846.13,4,,
2026-05-11 11:00:00,skip_no_cash,WULF,437,21218.69,107846.13,4,,
2026-05-11 11:05:00,skip_no_cash,RKLB,438,21218.69,108048.0,4,,
2026-05-11 11:05:00,skip_no_cash,SOFI,439,21218.69,108048.0,4,,
2026-05-11 11:10:00,skip_no_cash,ASTS,440,21218.69,108114.77,4,,
2026-05-11 11:10:00,skip_no_cash,CIFR,441,21218.69,108114.77,4,,
2026-05-11 11:10:00,skip_no_cash,SPCE,442,21218.69,108114.77,4,,
2026-05-11 11:15:00,skip_no_cash,IONQ,443,21218.69,108270.12,4,,
2026-05-11 11:30:00,skip_no_cash,HIVE,444,21218.69,108903.43,4,,
2026-05-11 11:30:00,skip_no_cash,BE,445,21218.69,108903.43,4,,
2026-05-11 11:40:00,skip_no_cash,SDGR,446,21218.69,108762.97,4,,
2026-05-11 11:40:00,skip_no_cash,WOLF,447,21218.69,108762.97,4,,
2026-05-11 11:40:00,skip_no_cash,DNA,448,21218.69,108762.97,4,,
2026-05-11 11:45:00,skip_no_cash,MARA,449,21218.69,108865.09,4,,
2026-05-11 11:50:00,skip_no_cash,CLSK,450,21218.69,108771.02,4,,
2026-05-11 11:50:00,skip_no_cash,FSLR,451,21218.69,108771.02,4,,
2026-05-11 11:55:00,skip_no_cash,AEHR,452,21218.69,108720.05,4,,
2026-05-11 11:55:00,skip_no_cash,COIN,453,21218.69,108720.05,4,,
2026-05-11 11:55:00,skip_no_cash,QBTS,454,21218.69,108720.05,4,,
2026-05-11 12:00:00,skip_no_cash,QS,455,21218.69,108715.41,4,,
2026-05-11 12:05:00,skip_no_cash,BTDR,456,21218.69,108704.59,4,,
2026-05-11 12:05:00,skip_no_cash,CART,457,21218.69,108704.59,4,,
2026-05-11 12:10:00,skip_no_cash,QUBT,458,21218.69,108845.67,4,,
2026-05-11 12:10:00,skip_no_cash,NNE,459,21218.69,108845.67,4,,
2026-05-11 12:10:00,skip_no_cash,OKLO,460,21218.69,108845.67,4,,
2026-05-11 12:10:00,skip_no_cash,LAES,461,21218.69,108845.67,4,,
2026-05-11 12:10:00,skip_no_cash,LUNR,462,21218.69,108845.67,4,,
2026-05-11 12:10:00,skip_no_cash,LEU,463,21218.69,108845.67,4,,
2026-05-11 12:15:00,skip_no_cash,JOBY,464,21218.69,108737.37,4,,
2026-05-11 12:30:00,skip_no_cash,BLDP,465,21218.69,108603.7,4,,
2026-05-11 12:35:00,skip_no_cash,ENPH,466,21218.69,108309.31,4,,
2026-05-11 12:40:00,skip_no_cash,RIOT,467,21218.69,108202.98,4,,
2026-05-11 12:50:00,skip_no_cash,AFRM,468,21218.69,108315.99,4,,
2026-05-11 12:55:00,skip_no_cash,IREN,469,21218.69,108265.99,4,,
2026-05-11 12:55:00,skip_no_cash,RUN,470,21218.69,108265.99,4,,
2026-05-11 12:55:00,skip_no_cash,MPWR,471,21218.69,108265.99,4,,
2026-05-11 12:55:00,skip_no_cash,HOOD,472,21218.69,108265.99,4,,
2026-05-11 12:55:00,skip_no_cash,CCJ,473,21218.69,108265.99,4,,
2026-05-11 12:55:00,skip_no_cash,UEC,474,21218.69,108265.99,4,,
2026-05-11 12:55:00,skip_no_cash,SEDG,475,21218.69,108265.99,4,,
2026-05-11 12:55:00,skip_no_cash,LAC,476,21218.69,108265.99,4,,
2026-05-11 12:55:00,skip_no_cash,RIVN,477,21218.69,108265.99,4,,
2026-05-11 12:55:00,skip_no_cash,HIMS,478,21218.69,108265.99,4,,
2026-05-11 13:00:00,skip_no_cash,COHR,479,21218.69,108394.49,4,,
2026-05-11 13:00:00,skip_no_cash,TTD,480,21218.69,108394.49,4,,
2026-05-11 13:20:00,skip_no_cash,UPST,481,21218.69,108499.54,4,,
2026-05-11 13:20:00,skip_no_cash,CHPT,482,21218.69,108499.54,4,,
2026-05-11 13:25:00,skip_no_cash,ON,483,21218.69,108625.02,4,,
2026-05-11 13:30:00,skip_no_cash,MU,484,21218.69,108661.51,4,,
2026-05-11 13:35:00,skip_no_cash,RDDT,485,21218.69,108692.03,4,,
2026-05-11 13:50:00,skip_no_cash,PLUG,486,21218.69,108262.54,4,,
2026-05-11 13:50:00,skip_no_cash,RBLX,487,21218.69,108262.54,4,,
2026-05-11 13:55:00,skip_no_cash,BLNK,488,21218.69,108087.19,4,,
2026-05-11 13:55:00,skip_no_cash,OPEN,489,21218.69,108087.19,4,,
2026-05-11 13:55:00,skip_no_cash,RGTI,490,21218.69,108087.19,4,,
2026-05-11 14:00:00,skip_no_cash,SE,491,21218.69,108075.47,4,,
2026-05-11 14:10:00,skip_no_cash,CORZ,492,21218.69,108561.8,4,,
2026-05-11 14:10:00,skip_no_cash,ACHR,493,21218.69,108561.8,4,,
2026-05-11 14:10:00,skip_no_cash,BBAI,494,21218.69,108561.8,4,,
2026-05-11 14:15:00,exit,SERV,434,43713.46,108661.78,3,0.04615,True
2026-05-11 14:15:00,entry,ENVX,495,21981.1,108661.78,4,,
2026-05-11 14:15:00,entry,CRDO,496,245.64,108677.31,5,,
2026-05-11 14:20:00,exit,KLAC,430,21298.27,108606.81,4,-0.01878,False
2026-05-11 14:45:00,exit,GLW,432,43505.32,108539.54,3,0.03661,True
2026-05-11 14:45:00,exit,MRVL,433,65117.01,108539.55,2,0.00871,False
2026-05-11 14:50:00,entry,LCID,497,43380.82,108680.93,3,,
2026-05-11 14:50:00,entry,TEM,498,21651.78,108645.21,4,,
2026-05-11 14:55:00,entry,SMR,499,41.11,108053.33,5,,
2026-05-11 14:55:00,skip_max_positions,APP,500,41.11,107731.26,5,,
2026-05-11 14:55:00,skip_max_positions,TOST,501,41.11,107731.26,5,,
2026-05-11 15:10:00,skip_max_positions,SNDK,502,41.11,108645.95,5,,
2026-05-11 15:10:00,skip_max_positions,SERV,503,41.11,108645.95,5,,
2026-05-11 15:10:00,skip_max_positions,CSCO,504,41.11,108645.95,5,,
2026-05-11 15:10:00,skip_max_positions,ARM,505,41.11,108645.95,5,,
2026-05-11 15:10:00,skip_max_positions,AEHR,506,41.11,108645.95,5,,
2026-05-11 15:15:00,skip_max_positions,AMD,507,41.11,108007.2,5,,
2026-05-11 15:25:00,exit,ENVX,495,21334.99,107013.32,4,-0.02018,False
2026-05-11 15:25:00,exit,LCID,497,42767.55,107031.18,3,-0.01397,False
2026-05-11 15:25:00,exit,SMR,499,63798.5,107071.44,2,-0.02683,False
2026-05-11 15:25:00,entry,DNN,508,42384.21,107071.44,3,,
2026-05-11 15:40:00,entry,ALAB,509,20999.29,106924.59,4,,
2026-05-11 15:55:00,exit,CRDO,496,43060.5,107169.06,3,0.01499,True
2026-05-11 15:55:00,exit,TEM,498,64475.78,107169.06,2,-0.01444,False
2026-05-11 15:55:00,exit,DNN,508,85586.12,107086.17,1,-0.01419,False
2026-05-11 15:55:00,exit,ALAB,509,107086.17,107086.17,0,0.00538,False
2026-05-12 10:15:00,entry,SE,510,85668.93,107086.17,1,,
2026-05-12 10:45:00,entry,APP,511,64167.95,107504.93,2,,
2026-05-12 10:45:00,entry,CRWD,512,42687.84,107400.54,3,,
2026-05-12 10:45:00,entry,MDB,513,21193.6,107471.2,4,,
2026-05-12 10:45:00,skip_no_cash,NU,514,21193.6,107412.44,4,,
2026-05-12 10:50:00,skip_no_cash,HUT,515,21193.6,107434.33,4,,
2026-05-12 10:50:00,skip_no_cash,CHPT,516,21193.6,107434.33,4,,
2026-05-12 11:05:00,skip_no_cash,SDGR,517,21193.6,107112.16,4,,
2026-05-12 11:15:00,skip_no_cash,U,518,21193.6,106773.33,4,,
2026-05-12 11:50:00,skip_no_cash,DKNG,519,21193.6,106783.34,4,,
2026-05-12 12:50:00,exit,APP,511,42229.22,106163.07,3,-0.02164,False
2026-05-12 13:15:00,entry,GTLB,520,20906.73,106612.49,4,,
2026-05-12 13:35:00,skip_no_cash,ELF,521,20906.73,106621.72,4,,
2026-05-12 14:05:00,skip_no_cash,WULF,522,20906.73,106716.55,4,,
2026-05-12 14:05:00,skip_no_cash,ROKU,523,20906.73,106716.55,4,,
2026-05-12 14:15:00,exit,SE,510,42999.45,106957.95,3,0.03154,True
2026-05-12 14:15:00,entry,SPCE,524,21607.86,106957.95,4,,
2026-05-12 14:40:00,entry,BTDR,525,201.06,107034.01,5,,
2026-05-12 14:40:00,skip_max_positions,BLDP,526,201.06,107133.89,5,,
2026-05-12 14:40:00,skip_max_positions,COHR,527,201.06,107133.89,5,,
2026-05-12 14:40:00,skip_max_positions,RKLB,528,201.06,107133.89,5,,
2026-05-12 14:40:00,skip_max_positions,RIOT,529,201.06,107133.89,5,,
2026-05-12 14:40:00,skip_max_positions,CIFR,530,201.06,107133.89,5,,
2026-05-12 14:40:00,skip_max_positions,HUT,531,201.06,107133.89,5,,
2026-05-12 14:40:00,skip_max_positions,QBTS,532,201.06,107133.89,5,,
2026-05-12 14:45:00,exit,CRWD,512,21737.69,107179.02,4,0.00263,False
2026-05-12 14:45:00,exit,MDB,513,42870.86,107179.02,3,-0.0168,False
2026-05-12 14:50:00,entry,TMDX,533,21483.63,106936.1,4,,
2026-05-12 14:55:00,entry,FROG,534,166.94,106583.47,5,,
2026-05-12 15:00:00,skip_max_positions,GLW,535,166.94,106466.9,5,,
2026-05-12 15:05:00,skip_max_positions,CART,536,166.94,106568.03,5,,
2026-05-12 15:10:00,skip_max_positions,MU,537,166.94,106576.0,5,,
2026-05-12 15:10:00,skip_max_positions,OKLO,538,166.94,106576.0,5,,
2026-05-12 15:10:00,skip_max_positions,AMKR,539,166.94,106576.0,5,,
2026-05-12 15:10:00,skip_max_positions,LSCC,540,166.94,106576.0,5,,
2026-05-12 15:10:00,skip_max_positions,CRDO,541,166.94,106576.0,5,,
2026-05-12 15:10:00,skip_max_positions,BBAI,542,166.94,106576.0,5,,
2026-05-12 15:10:00,skip_max_positions,CORZ,543,166.94,106576.0,5,,
2026-05-12 15:10:00,skip_max_positions,QS,544,166.94,106576.0,5,,
2026-05-12 15:10:00,skip_max_positions,LUNR,545,166.94,106576.0,5,,
2026-05-12 15:10:00,skip_max_positions,NNE,546,166.94,106576.0,5,,
2026-05-12 15:10:00,skip_max_positions,LEU,547,166.94,106576.0,5,,
2026-05-12 15:10:00,skip_max_positions,PLUG,548,166.94,106576.0,5,,
2026-05-12 15:10:00,skip_max_positions,LAC,549,166.94,106576.0,5,,
2026-05-12 15:10:00,skip_max_positions,ALB,550,166.94,106576.0,5,,
2026-05-12 15:10:00,skip_max_positions,LCID,551,166.94,106576.0,5,,
2026-05-12 15:15:00,skip_max_positions,BLNK,552,166.94,106322.98,5,,
2026-05-12 15:15:00,skip_max_positions,HIVE,553,166.94,106322.98,5,,
2026-05-12 15:15:00,skip_max_positions,ENVX,554,166.94,106322.98,5,,
2026-05-12 15:15:00,skip_max_positions,JOBY,555,166.94,106322.98,5,,
2026-05-12 15:15:00,skip_max_positions,SMR,556,166.94,106322.98,5,,
2026-05-12 15:15:00,skip_max_positions,NTLA,557,166.94,106322.98,5,,
2026-05-12 15:20:00,exit,BTDR,525,21290.76,106468.17,4,-0.01322,False
2026-05-12 15:20:00,skip_no_cash,IONQ,558,21290.76,106468.17,4,,
2026-05-12 15:20:00,skip_no_cash,W,559,21290.76,106468.17,4,,
2026-05-12 15:20:00,skip_no_cash,ETSY,560,21290.76,106468.17,4,,
2026-05-12 15:30:00,skip_no_cash,SE,561,21290.76,106638.74,4,,
2026-05-12 15:35:00,skip_no_cash,APP,562,21290.76,106711.12,4,,
2026-05-12 15:35:00,skip_no_cash,SOFI,563,21290.76,106711.12,4,,
2026-05-12 15:40:00,skip_no_cash,ASTS,564,21290.76,106584.94,4,,
2026-05-12 15:40:00,skip_no_cash,COIN,565,21290.76,106584.94,4,,
2026-05-12 15:40:00,skip_no_cash,MARA,566,21290.76,106584.94,4,,
2026-05-12 15:40:00,skip_no_cash,IREN,567,21290.76,106584.94,4,,
2026-05-12 15:40:00,skip_no_cash,ACHR,568,21290.76,106584.94,4,,
2026-05-12 15:40:00,skip_no_cash,SEDG,569,21290.76,106584.94,4,,
2026-05-12 15:40:00,skip_no_cash,RIVN,570,21290.76,106584.94,4,,
2026-05-12 15:40:00,skip_no_cash,CELH,571,21290.76,106584.94,4,,
2026-05-12 15:50:00,exit,GTLB,520,42153.58,106286.37,3,-0.02156,False
2026-05-12 15:55:00,exit,SPCE,524,63622.12,106255.84,2,0.0036,False
2026-05-12 15:55:00,exit,TMDX,533,84902.82,106255.84,1,-0.00498,False
2026-05-12 15:55:00,exit,FROG,534,106255.84,106255.84,0,0.0017,False
2026-05-13 10:25:00,entry,ON,572,85004.67,106255.84,1,,
2026-05-13 10:35:00,entry,FSLR,573,63750.32,106271.77,2,,
2026-05-13 10:50:00,entry,BTDR,574,42434.19,106580.64,3,,
2026-05-13 10:50:00,entry,ACHR,575,21114.79,106597.03,4,,
2026-05-13 10:55:00,skip_no_cash,BILL,576,21114.79,106640.54,4,,
2026-05-13 11:00:00,skip_no_cash,SPCE,577,21114.79,106855.36,4,,
2026-05-13 11:15:00,skip_no_cash,NIO,578,21114.79,107421.44,4,,
2026-05-13 11:15:00,skip_no_cash,SDGR,579,21114.79,107421.44,4,,
2026-05-13 11:15:00,skip_no_cash,PACB,580,21114.79,107421.44,4,,
2026-05-13 11:20:00,skip_no_cash,SMR,581,21114.79,107412.85,4,,
2026-05-13 11:20:00,skip_no_cash,CIFR,582,21114.79,107412.85,4,,
2026-05-13 11:20:00,skip_no_cash,UEC,583,21114.79,107412.85,4,,
2026-05-13 11:20:00,skip_no_cash,RXRX,584,21114.79,107412.85,4,,
2026-05-13 11:20:00,skip_no_cash,CRSP,585,21114.79,107412.85,4,,
2026-05-13 11:20:00,skip_no_cash,NTLA,586,21114.79,107412.85,4,,
2026-05-13 11:25:00,skip_no_cash,EDIT,587,21114.79,107303.05,4,,
2026-05-13 11:25:00,skip_no_cash,BEAM,588,21114.79,107303.05,4,,
2026-05-13 11:40:00,skip_no_cash,LUNR,589,21114.79,107052.23,4,,
2026-05-13 11:40:00,skip_no_cash,RUN,590,21114.79,107052.23,4,,
2026-05-13 11:40:00,skip_no_cash,ENPH,591,21114.79,107052.23,4,,
2026-05-13 11:45:00,skip_no_cash,BBAI,592,21114.79,107119.86,4,,
2026-05-13 11:45:00,skip_no_cash,ENVX,593,21114.79,107119.86,4,,
2026-05-13 11:45:00,skip_no_cash,GH,594,21114.79,107119.86,4,,
2026-05-13 11:55:00,skip_no_cash,JOBY,595,21114.79,106347.88,4,,
2026-05-13 12:10:00,skip_no_cash,QS,596,21114.79,106781.23,4,,
2026-05-13 12:10:00,skip_no_cash,ASTS,597,21114.79,106781.23,4,,
2026-05-13 12:10:00,skip_no_cash,ARM,598,21114.79,106781.23,4,,
2026-05-13 12:10:00,skip_no_cash,HOOD,599,21114.79,106781.23,4,,
2026-05-13 12:10:00,skip_no_cash,BLDP,600,21114.79,106781.23,4,,
2026-05-13 12:10:00,skip_no_cash,XPEV,601,21114.79,106781.23,4,,
2026-05-13 12:15:00,skip_no_cash,BLNK,602,21114.79,106882.7,4,,
2026-05-13 12:15:00,skip_no_cash,LCID,603,21114.79,106882.7,4,,
2026-05-13 12:15:00,skip_no_cash,CHPT,604,21114.79,106882.7,4,,
2026-05-13 12:15:00,skip_no_cash,DDOG,605,21114.79,106882.7,4,,
2026-05-13 12:15:00,skip_no_cash,NET,606,21114.79,106882.7,4,,
2026-05-13 12:35:00,skip_no_cash,ALAB,607,21114.79,107194.56,4,,
2026-05-13 12:40:00,skip_no_cash,MELI,608,21114.79,107038.23,4,,
2026-05-13 13:00:00,skip_no_cash,QUBT,609,21114.79,106870.21,4,,
2026-05-13 13:00:00,skip_no_cash,BE,610,21114.79,106870.21,4,,
2026-05-13 13:05:00,skip_no_cash,DNN,611,21114.79,106916.43,4,,
2026-05-13 13:05:00,skip_no_cash,NNE,612,21114.79,106916.43,4,,
2026-05-13 13:05:00,skip_no_cash,IONQ,613,21114.79,106916.43,4,,
2026-05-13 13:05:00,skip_no_cash,MPWR,614,21114.79,106916.43,4,,
2026-05-13 13:05:00,skip_no_cash,ARQQ,615,21114.79,106916.43,4,,
2026-05-13 13:05:00,skip_no_cash,FUBO,616,21114.79,106916.43,4,,
2026-05-13 13:10:00,skip_no_cash,U,617,21114.79,107057.9,4,,
2026-05-13 13:20:00,skip_no_cash,PLUG,618,21114.79,106995.57,4,,
2026-05-13 13:25:00,skip_no_cash,HIMS,619,21114.79,107245.96,4,,
2026-05-13 13:35:00,skip_no_cash,AEHR,620,21114.79,107167.71,4,,
2026-05-13 13:35:00,skip_no_cash,SOUN,621,21114.79,107167.71,4,,
2026-05-13 13:35:00,skip_no_cash,RIVN,622,21114.79,107167.71,4,,
2026-05-13 13:50:00,skip_no_cash,AI,623,21114.79,107288.03,4,,
2026-05-13 13:50:00,skip_no_cash,TEM,624,21114.79,107288.03,4,,
2026-05-13 14:00:00,skip_no_cash,MARA,625,21114.79,106941.94,4,,
2026-05-13 14:00:00,skip_no_cash,RIOT,626,21114.79,106941.94,4,,
2026-05-13 14:00:00,skip_no_cash,CORZ,627,21114.79,106941.94,4,,
2026-05-13 14:05:00,skip_no_cash,HUT,628,21114.79,107188.15,4,,
2026-05-13 14:05:00,skip_no_cash,DOCN,629,21114.79,107188.15,4,,
2026-05-13 14:10:00,skip_no_cash,CLSK,630,21114.79,107194.99,4,,
2026-05-13 14:10:00,skip_no_cash,IREN,631,21114.79,107194.99,4,,
2026-05-13 14:15:00,skip_no_cash,CRDO,632,21114.79,107241.29,4,,
2026-05-13 14:25:00,exit,ON,572,42783.78,107287.63,3,0.01966,True
2026-05-13 14:35:00,exit,FSLR,573,63831.5,107514.84,2,-0.00972,False
2026-05-13 14:40:00,entry,RGTI,633,42356.45,107375.24,3,,
2026-05-13 14:45:00,entry,QBTS,634,20951.48,107024.85,4,,
2026-05-13 14:50:00,exit,BTDR,574,42652.64,107160.33,3,0.01806,True
2026-05-13 14:50:00,exit,ACHR,575,64478.87,107160.33,2,0.02377,True
2026-05-13 14:55:00,exit,QBTS,634,85546.29,106653.65,1,-0.01577,False
2026-05-13 15:00:00,entry,MU,635,64224.75,106607.67,2,,
2026-05-13 15:00:00,entry,WULF,636,42880.51,106721.23,3,,
2026-05-13 15:00:00,entry,ALB,637,21531.69,106744.08,4,,
2026-05-13 15:10:00,entry,RKLB,638,151.96,106898.66,5,,
2026-05-13 15:10:00,skip_max_positions,SMCI,639,151.96,106903.73,5,,
2026-05-13 15:10:00,skip_max_positions,GLW,640,151.96,106903.73,5,,
2026-05-13 15:10:00,skip_max_positions,CSCO,641,151.96,106903.73,5,,
2026-05-13 15:10:00,skip_max_positions,LSCC,642,151.96,106903.73,5,,
2026-05-13 15:10:00,skip_max_positions,COHR,643,151.96,106903.73,5,,
2026-05-13 15:15:00,skip_max_positions,RBLX,644,151.96,106773.31,5,,
2026-05-13 15:20:00,skip_max_positions,ADI,645,151.96,106683.61,5,,
2026-05-13 15:25:00,exit,RGTI,633,21064.41,106554.6,4,-0.0262,False
2026-05-13 15:25:00,skip_no_cash,TSM,646,21064.41,106554.6,4,,
2026-05-13 15:35:00,skip_no_cash,COIN,647,21064.41,106696.2,4,,
2026-05-13 15:35:00,skip_no_cash,CIFR,648,21064.41,106696.2,4,,
2026-05-13 15:40:00,skip_no_cash,ASML,649,21064.41,106521.84,4,,
2026-05-13 15:50:00,exit,RKLB,638,42167.04,105758.52,3,-0.01296,False
2026-05-13 15:55:00,exit,MU,635,63582.94,105953.12,2,0.00443,False
2026-05-13 15:55:00,exit,WULF,636,84707.89,105953.11,1,-0.01027,False
2026-05-13 15:55:00,exit,ALB,637,105953.11,105953.11,0,-0.00485,False
2026-05-14 10:35:00,entry,QBTS,650,84762.49,105953.11,1,,
2026-05-14 10:35:00,entry,RGTI,651,63522.07,106202.12,2,,
2026-05-14 10:40:00,entry,SPCE,652,42152.68,106846.93,3,,
2026-05-14 10:45:00,entry,W,653,20656.15,107482.65,4,,
2026-05-14 10:50:00,exit,QBTS,650,42578.54,108229.8,3,0.03453,True
2026-05-14 10:50:00,entry,BBAI,654,20932.58,108229.8,4,,
2026-05-14 10:55:00,skip_no_cash,CAVA,655,20932.58,107468.82,4,,
2026-05-14 10:55:00,skip_no_cash,U,656,20932.58,107468.82,4,,
2026-05-14 10:55:00,skip_no_cash,ETSY,657,20932.58,107468.82,4,,
2026-05-14 11:00:00,skip_no_cash,IREN,658,20932.58,107242.27,4,,
2026-05-14 11:10:00,skip_no_cash,BILL,659,20932.58,108070.4,4,,
2026-05-14 11:15:00,skip_no_cash,PACB,660,20932.58,108270.25,4,,
2026-05-14 11:15:00,skip_no_cash,GTLB,661,20932.58,108270.25,4,,
2026-05-14 11:15:00,skip_no_cash,SMCI,662,20932.58,108270.25,4,,
2026-05-14 11:15:00,skip_no_cash,AI,663,20932.58,108270.25,4,,
2026-05-14 11:15:00,skip_no_cash,BTDR,664,20932.58,108270.25,4,,
2026-05-14 11:15:00,skip_no_cash,SEDG,665,20932.58,108270.25,4,,
2026-05-14 11:20:00,skip_no_cash,CELH,666,20932.58,108351.43,4,,
2026-05-14 11:20:00,skip_no_cash,SERV,667,20932.58,108351.43,4,,
2026-05-14 11:20:00,skip_no_cash,IONQ,668,20932.58,108351.43,4,,
2026-05-14 11:20:00,skip_no_cash,NNE,669,20932.58,108351.43,4,,
2026-05-14 11:20:00,skip_no_cash,SMR,670,20932.58,108351.43,4,,
2026-05-14 11:35:00,skip_no_cash,DOCN,671,20932.58,108299.2,4,,
2026-05-14 11:40:00,skip_no_cash,CLSK,672,20932.58,108449.81,4,,
2026-05-14 11:40:00,skip_no_cash,LAES,673,20932.58,108449.81,4,,
2026-05-14 11:40:00,skip_no_cash,RUN,674,20932.58,108449.81,4,,
2026-05-14 11:45:00,skip_no_cash,HIMS,675,20932.58,108445.23,4,,
2026-05-14 11:50:00,skip_no_cash,PLUG,676,20932.58,108687.76,4,,
2026-05-14 11:50:00,skip_no_cash,ARM,677,20932.58,108687.76,4,,
2026-05-14 11:50:00,skip_no_cash,ELF,678,20932.58,108687.76,4,,
2026-05-14 11:55:00,skip_no_cash,NET,679,20932.58,108124.09,4,,
2026-05-14 11:55:00,skip_no_cash,SHOP,680,20932.58,108124.09,4,,
2026-05-14 12:05:00,skip_no_cash,AMD,681,20932.58,108919.1,4,,
2026-05-14 12:05:00,skip_no_cash,AVGO,682,20932.58,108919.1,4,,
2026-05-14 12:05:00,skip_no_cash,CIFR,683,20932.58,108919.1,4,,
2026-05-14 12:05:00,skip_no_cash,HIVE,684,20932.58,108919.1,4,,
2026-05-14 12:10:00,skip_no_cash,SDGR,685,20932.58,109010.38,4,,
2026-05-14 12:10:00,skip_no_cash,TWLO,686,20932.58,109010.38,4,,
2026-05-14 12:10:00,skip_no_cash,QUBT,687,20932.58,109010.38,4,,
2026-05-14 12:10:00,skip_no_cash,OPEN,688,20932.58,109010.38,4,,
2026-05-14 12:10:00,skip_no_cash,CHPT,689,20932.58,109010.38,4,,
2026-05-14 12:15:00,skip_no_cash,ON,690,20932.58,108915.31,4,,
2026-05-14 12:15:00,skip_no_cash,QBTS,691,20932.58,108915.31,4,,
2026-05-14 12:25:00,skip_no_cash,ASML,692,20932.58,108980.67,4,,
2026-05-14 12:40:00,skip_no_cash,CORZ,693,20932.58,109224.78,4,,
2026-05-14 12:40:00,skip_no_cash,CRDO,694,20932.58,109224.78,4,,
2026-05-14 12:40:00,skip_no_cash,PLTR,695,20932.58,109224.78,4,,
2026-05-14 12:45:00,skip_no_cash,SOFI,696,20932.58,109385.14,4,,
2026-05-14 12:45:00,skip_no_cash,ESTC,697,20932.58,109385.14,4,,
2026-05-14 13:00:00,skip_no_cash,GLW,698,20932.58,109528.22,4,,
2026-05-14 13:00:00,skip_no_cash,BLNK,699,20932.58,109528.22,4,,
2026-05-14 13:05:00,skip_no_cash,ACHR,700,20932.58,109450.97,4,,
2026-05-14 13:05:00,skip_no_cash,FUBO,701,20932.58,109450.97,4,,
2026-05-14 13:05:00,skip_no_cash,PATH,702,20932.58,109450.97,4,,
2026-05-14 13:05:00,skip_no_cash,ARQQ,703,20932.58,109450.97,4,,
2026-05-14 13:05:00,skip_no_cash,RIVN,704,20932.58,109450.97,4,,
2026-05-14 13:05:00,skip_no_cash,TOST,705,20932.58,109450.97,4,,
2026-05-14 13:10:00,skip_no_cash,LCID,706,20932.58,108917.4,4,,
2026-05-14 13:10:00,skip_no_cash,MARA,707,20932.58,108917.4,4,,
2026-05-14 13:10:00,skip_no_cash,OKLO,708,20932.58,108917.4,4,,
2026-05-14 13:10:00,skip_no_cash,AFRM,709,20932.58,108917.4,4,,
2026-05-14 13:10:00,skip_no_cash,RIOT,710,20932.58,108917.4,4,,
2026-05-14 13:10:00,skip_no_cash,QS,711,20932.58,108917.4,4,,
2026-05-14 13:10:00,skip_no_cash,GH,712,20932.58,108917.4,4,,
2026-05-14 13:10:00,skip_no_cash,RBLX,713,20932.58,108917.4,4,,
2026-05-14 13:10:00,skip_no_cash,RDDT,714,20932.58,108917.4,4,,
2026-05-14 13:10:00,skip_no_cash,CVNA,715,20932.58,108917.4,4,,
2026-05-14 13:25:00,skip_no_cash,APP,716,20932.58,108375.84,4,,
2026-05-14 13:30:00,skip_no_cash,KLAC,717,20932.58,108917.29,4,,
2026-05-14 13:30:00,skip_no_cash,HUT,718,20932.58,108917.29,4,,
2026-05-14 13:30:00,skip_no_cash,BE,719,20932.58,108917.29,4,,
2026-05-14 13:35:00,skip_no_cash,ALAB,720,20932.58,109398.85,4,,
2026-05-14 13:35:00,skip_no_cash,LUNR,721,20932.58,109398.85,4,,
2026-05-14 13:40:00,skip_no_cash,RKLB,722,20932.58,109157.74,4,,
2026-05-14 13:40:00,skip_no_cash,AEHR,723,20932.58,109157.74,4,,
2026-05-14 13:40:00,skip_no_cash,UPST,724,20932.58,109157.74,4,,
2026-05-14 13:40:00,skip_no_cash,WULF,725,20932.58,109157.74,4,,
2026-05-14 13:40:00,skip_no_cash,LEU,726,20932.58,109157.74,4,,
2026-05-14 13:40:00,skip_no_cash,FSLR,727,20932.58,109157.74,4,,
2026-05-14 13:40:00,skip_no_cash,DDOG,728,20932.58,109157.74,4,,
2026-05-14 13:40:00,skip_no_cash,CRWD,729,20932.58,109157.74,4,,
2026-05-14 13:40:00,skip_no_cash,UWM,730,20932.58,109157.74,4,,
2026-05-14 13:45:00,skip_no_cash,MDB,731,20932.58,109079.87,4,,
2026-05-14 14:25:00,skip_no_cash,MU,732,20932.58,109202.87,4,,
2026-05-14 14:35:00,exit,RGTI,651,43798.87,109650.48,3,0.07655,True
2026-05-14 14:40:00,exit,SPCE,652,65615.78,109347.98,2,0.02094,True
2026-05-14 14:40:00,entry,LRCX,733,43746.19,109347.98,3,,
2026-05-14 14:40:00,entry,XPEV,734,21879.22,109334.83,4,,
2026-05-14 14:45:00,exit,W,653,43579.4,109285.94,3,0.00947,False
2026-05-14 14:50:00,exit,BBAI,654,65504.82,109234.81,2,0.01291,True
2026-05-14 14:55:00,entry,COIN,735,43654.99,109249.15,3,,
2026-05-14 15:00:00,entry,NU,736,21815.0,109200.0,4,,
2026-05-14 15:05:00,skip_no_cash,SOUN,737,21815.0,109252.58,4,,
2026-05-14 15:10:00,skip_no_cash,RGTI,738,21815.0,109116.41,4,,
2026-05-14 15:10:00,skip_no_cash,ASTS,739,21815.0,109116.41,4,,
2026-05-14 15:10:00,skip_no_cash,HOOD,740,21815.0,109116.41,4,,
2026-05-14 15:15:00,exit,COIN,735,43359.56,109065.04,3,-0.01397,False
2026-05-14 15:15:00,entry,MELI,741,21546.56,109065.04,4,,
2026-05-14 15:25:00,skip_no_cash,ACHR,742,21546.56,108911.28,4,,
2026-05-14 15:40:00,skip_no_cash,WOLF,743,21546.56,108789.87,4,,
2026-05-14 15:55:00,exit,LRCX,733,43392.05,108570.46,3,-0.0011,False
2026-05-14 15:55:00,exit,XPEV,734,65150.93,108570.46,2,-0.00494,False
2026-05-14 15:55:00,exit,NU,736,86747.98,108587.21,1,-0.01112,False
2026-05-14 15:55:00,exit,MELI,741,108587.21,108587.21,0,0.0012,False
2026-05-15 10:15:00,entry,PLUG,744,86869.77,108587.21,1,,
2026-05-15 10:25:00,entry,QCOM,745,65202.19,108337.93,2,,
2026-05-15 10:40:00,entry,BLDP,746,43506.89,108476.5,3,,
2026-05-15 10:40:00,entry,JOBY,747,21820.16,108433.62,4,,
2026-05-15 10:40:00,entry,ACHR,748,123.05,108485.55,5,,
2026-05-15 10:40:00,skip_max_positions,FSLR,749,123.05,108503.14,5,,
2026-05-15 10:45:00,skip_max_positions,DNA,750,123.05,107676.24,5,,
2026-05-15 10:45:00,skip_max_positions,GLW,751,123.05,107676.24,5,,
2026-05-15 10:45:00,skip_max_positions,AMKR,752,123.05,107676.24,5,,
2026-05-15 10:45:00,skip_max_positions,AMD,753,123.05,107676.24,5,,
2026-05-15 10:45:00,skip_max_positions,MRVL,754,123.05,107676.24,5,,
2026-05-15 10:50:00,skip_max_positions,LEU,755,123.05,107753.22,5,,
2026-05-15 11:00:00,skip_max_positions,AFRM,756,123.05,107042.14,5,,
2026-05-15 11:05:00,skip_max_positions,SNDK,757,123.05,107085.13,5,,
2026-05-15 11:05:00,skip_max_positions,CSCO,758,123.05,107085.13,5,,
2026-05-15 11:05:00,skip_max_positions,TSM,759,123.05,107085.13,5,,
2026-05-15 11:05:00,skip_max_positions,ASML,760,123.05,107085.13,5,,
2026-05-15 11:05:00,skip_max_positions,BE,761,123.05,107085.13,5,,
2026-05-15 11:05:00,skip_max_positions,NET,762,123.05,107085.13,5,,
2026-05-15 11:15:00,skip_max_positions,CRDO,763,123.05,106623.56,5,,
2026-05-15 11:15:00,skip_max_positions,COHR,764,123.05,106623.56,5,,
2026-05-15 11:15:00,skip_max_positions,ROKU,765,123.05,106623.56,5,,
2026-05-15 11:15:00,skip_max_positions,BILL,766,123.05,106623.56,5,,
2026-05-15 11:20:00,skip_max_positions,ENPH,767,123.05,106872.55,5,,
2026-05-15 11:20:00,skip_max_positions,ARM,768,123.05,106872.55,5,,
2026-05-15 11:20:00,skip_max_positions,PATH,769,123.05,106872.55,5,,
2026-05-15 11:20:00,skip_max_positions,RDDT,770,123.05,106872.55,5,,
2026-05-15 11:20:00,skip_max_positions,TTD,771,123.05,106872.55,5,,
2026-05-15 11:20:00,skip_max_positions,FROG,772,123.05,106872.55,5,,
2026-05-15 11:20:00,skip_max_positions,GTLB,773,123.05,106872.55,5,,
2026-05-15 11:25:00,skip_max_positions,SE,774,123.05,106883.92,5,,
2026-05-15 11:30:00,skip_max_positions,HIMS,775,123.05,106656.66,5,,
2026-05-15 11:30:00,skip_max_positions,SNOW,776,123.05,106656.66,5,,
2026-05-15 11:35:00,skip_max_positions,OPEN,777,123.05,106935.94,5,,
2026-05-15 11:40:00,skip_max_positions,NTLA,778,123.05,106511.29,5,,
2026-05-15 11:50:00,skip_max_positions,CAVA,779,123.05,106258.43,5,,
2026-05-15 11:55:00,exit,PLUG,744,20964.79,106075.27,4,-0.04032,False
2026-05-15 11:55:00,exit,QCOM,745,41974.82,106040.49,3,-0.03035,False
2026-05-15 12:00:00,entry,SHOP,780,20786.62,105941.02,4,,
2026-05-15 12:05:00,exit,BLDP,746,41903.09,105975.27,3,-0.02668,False
2026-05-15 12:10:00,entry,KLAC,781,20720.87,105911.1,4,,
2026-05-15 12:10:00,skip_no_cash,SOUN,782,20720.87,105874.68,4,,
2026-05-15 12:10:00,skip_no_cash,MDB,783,20720.87,105874.68,4,,
2026-05-15 12:25:00,skip_no_cash,BLNK,784,20720.87,105966.47,4,,
2026-05-15 12:35:00,skip_no_cash,DKNG,785,20720.87,106060.44,4,,
2026-05-15 12:55:00,skip_no_cash,ESTC,786,20720.87,105855.36,4,,
2026-05-15 13:05:00,skip_no_cash,NU,787,20720.87,106074.44,4,,
2026-05-15 13:30:00,skip_no_cash,AEHR,788,20720.87,106541.34,4,,
2026-05-15 13:30:00,skip_no_cash,APP,789,20720.87,106541.34,4,,
2026-05-15 13:30:00,skip_no_cash,U,790,20720.87,106541.34,4,,
2026-05-15 14:10:00,skip_no_cash,CVNA,791,20720.87,106887.26,4,,
2026-05-15 14:15:00,skip_no_cash,ARQQ,792,20720.87,106437.21,4,,
2026-05-15 14:30:00,skip_no_cash,SEDG,793,20720.87,106278.49,4,,
2026-05-15 14:30:00,skip_no_cash,CIFR,794,20720.87,106278.49,4,,
2026-05-15 14:30:00,skip_no_cash,WULF,795,20720.87,106278.49,4,,
2026-05-15 14:40:00,exit,JOBY,747,42542.62,106482.64,3,0.00623,False
2026-05-15 14:40:00,exit,ACHR,748,64081.49,106482.64,2,-0.00729,False
2026-05-15 14:40:00,entry,BTDR,796,42784.96,106482.64,3,,
2026-05-15 14:40:00,entry,LAES,797,21518.47,106332.43,4,,
2026-05-15 14:40:00,entry,JOBY,798,251.99,106332.43,5,,
2026-05-15 14:40:00,skip_max_positions,LCID,799,251.99,106352.69,5,,
2026-05-15 14:45:00,skip_max_positions,RBLX,800,251.99,106265.35,5,,
2026-05-15 14:45:00,skip_max_positions,ENVX,801,251.99,106265.35,5,,
2026-05-15 14:45:00,skip_max_positions,RGTI,802,251.99,106265.35,5,,
2026-05-15 14:45:00,skip_max_positions,IONQ,803,251.99,106265.35,5,,
2026-05-15 14:45:00,skip_max_positions,ASTS,804,251.99,106265.35,5,,
2026-05-15 14:45:00,skip_max_positions,SMCI,805,251.99,106265.35,5,,
2026-05-15 14:45:00,skip_max_positions,ON,806,251.99,106265.35,5,,
2026-05-15 14:45:00,skip_max_positions,ALAB,807,251.99,106265.35,5,,
2026-05-15 14:45:00,skip_max_positions,HIVE,808,251.99,106265.35,5,,
2026-05-15 14:45:00,skip_max_positions,HUT,809,251.99,106265.35,5,,
2026-05-15 14:45:00,skip_max_positions,CHPT,810,251.99,106265.35,5,,
2026-05-15 14:45:00,skip_max_positions,DDOG,811,251.99,106265.35,5,,
2026-05-15 14:45:00,skip_max_positions,CRWD,812,251.99,106265.35,5,,
2026-05-15 14:45:00,skip_max_positions,TWLO,813,251.99,106265.35,5,,
2026-05-15 15:00:00,skip_max_positions,CLSK,814,251.99,106208.79,5,,
2026-05-15 15:00:00,skip_max_positions,IREN,815,251.99,106208.79,5,,
2026-05-15 15:00:00,skip_max_positions,ENPH,816,251.99,106208.79,5,,
2026-05-15 15:05:00,skip_max_positions,RUN,817,251.99,106216.89,5,,
2026-05-15 15:10:00,skip_max_positions,AFRM,818,251.99,106332.96,5,,
2026-05-15 15:10:00,skip_max_positions,CART,819,251.99,106332.96,5,,
2026-05-15 15:10:00,skip_max_positions,SOFI,820,251.99,106332.96,5,,
2026-05-15 15:15:00,skip_max_positions,SMR,821,251.99,106385.55,5,,
2026-05-15 15:20:00,skip_max_positions,QS,822,251.99,105838.1,5,,
2026-05-15 15:20:00,skip_max_positions,SERV,823,251.99,105838.1,5,,
2026-05-15 15:25:00,skip_max_positions,MCHP,824,251.99,105855.56,5,,
2026-05-15 15:35:00,skip_max_positions,PLTR,825,251.99,106279.97,5,,
2026-05-15 15:35:00,skip_max_positions,HOOD,826,251.99,106279.97,5,,
2026-05-15 15:35:00,skip_max_positions,TMDX,827,251.99,106279.97,5,,
2026-05-15 15:40:00,skip_max_positions,RKLB,828,251.99,106015.67,5,,
2026-05-15 15:40:00,skip_max_positions,TSM,829,251.99,106015.67,5,,
2026-05-15 15:40:00,skip_max_positions,MPWR,830,251.99,106015.67,5,,
2026-05-15 15:40:00,skip_max_positions,SPCE,831,251.99,106015.67,5,,
2026-05-15 15:40:00,skip_max_positions,PLUG,832,251.99,106015.67,5,,
2026-05-15 15:40:00,skip_max_positions,RDDT,833,251.99,106015.67,5,,
2026-05-15 15:40:00,skip_max_positions,DOCN,834,251.99,106015.67,5,,
2026-05-15 15:55:00,exit,SHOP,780,21516.52,105726.9,4,0.0036,False
2026-05-15 15:55:00,exit,KLAC,781,42377.36,105726.9,3,-0.01517,False
2026-05-15 15:55:00,exit,BTDR,796,63483.95,105726.9,2,-0.00892,False
2026-05-15 15:55:00,exit,LAES,797,84713.71,105726.9,1,-0.00173,False
2026-05-15 15:55:00,exit,JOBY,798,105726.9,105726.9,0,-0.01191,False
2026-05-18 10:15:00,entry,RIOT,835,84581.52,105726.9,1,,
2026-05-18 10:15:00,entry,ARQQ,836,63450.74,105653.89,2,,
2026-05-18 10:20:00,entry,RXRX,837,42417.95,105163.93,3,,
2026-05-18 10:20:00,entry,CRSP,838,21419.83,104990.64,4,,
2026-05-18 10:30:00,exit,RIOT,835,42099.77,103714.72,3,-0.02201,False
2026-05-18 10:30:00,exit,ARQQ,836,62528.85,103969.88,2,-0.03321,False
2026-05-18 10:45:00,entry,TWLO,839,41739.11,103948.69,3,,
2026-05-18 10:50:00,entry,SOUN,840,21024.78,103571.64,4,,
2026-05-18 10:50:00,entry,DDOG,841,305.35,103597.17,5,,
2026-05-18 10:50:00,skip_max_positions,NET,842,305.35,103593.18,5,,
2026-05-18 10:50:00,skip_max_positions,CRWD,843,305.35,103593.18,5,,
2026-05-18 10:50:00,skip_max_positions,FROG,844,305.35,103593.18,5,,
2026-05-18 11:05:00,exit,RXRX,837,20726.92,103325.87,4,-0.02906,False
2026-05-18 11:15:00,entry,ETSY,845,59.76,103335.81,5,,
2026-05-18 12:00:00,skip_max_positions,RBLX,846,59.76,103373.58,5,,
2026-05-18 12:10:00,skip_max_positions,RDDT,847,59.76,103585.6,5,,
2026-05-18 12:45:00,skip_max_positions,AI,848,59.76,103284.56,5,,
2026-05-18 12:45:00,skip_max_positions,DKNG,849,59.76,103284.56,5,,
2026-05-18 13:45:00,exit,CRSP,838,20512.76,103710.09,4,-0.02596,False
2026-05-18 13:50:00,skip_no_cash,COHR,850,20512.76,103845.17,4,,
2026-05-18 13:55:00,skip_no_cash,LI,851,20512.76,103924.58,4,,
2026-05-18 14:05:00,skip_no_cash,CLSK,852,20512.76,103712.16,4,,
2026-05-18 14:15:00,skip_no_cash,PATH,853,20512.76,103308.88,4,,
2026-05-18 14:15:00,skip_no_cash,PACB,854,20512.76,103308.88,4,,
2026-05-18 14:20:00,skip_no_cash,HIVE,855,20512.76,103438.35,4,,
2026-05-18 14:30:00,skip_no_cash,LSCC,856,20512.76,103612.85,4,,
2026-05-18 14:30:00,skip_no_cash,FSLR,857,20512.76,103612.85,4,,
2026-05-18 14:35:00,skip_no_cash,SNOW,858,20512.76,103588.25,4,,
2026-05-18 14:40:00,skip_no_cash,QS,859,20512.76,103481.81,4,,
2026-05-18 14:40:00,skip_no_cash,QCOM,860,20512.76,103481.81,4,,
2026-05-18 14:45:00,exit,TWLO,839,41034.87,103293.77,3,-0.01287,False
2026-05-18 14:50:00,exit,SOUN,840,62119.33,103157.0,2,0.01787,True
2026-05-18 14:50:00,exit,DDOG,841,82746.06,103157.0,1,-0.00447,False
2026-05-18 14:55:00,exit,ETSY,845,103139.69,103139.69,0,-0.01324,False
2026-05-18 14:55:00,entry,TMDX,861,82511.75,103139.69,1,,
2026-05-18 15:10:00,entry,MDB,862,61854.64,103285.55,2,,
2026-05-18 15:10:00,entry,CRWD,863,41195.2,103297.22,3,,
2026-05-18 15:10:00,entry,GTLB,864,20525.36,103349.22,4,,
2026-05-18 15:15:00,skip_no_cash,CART,865,20525.36,103030.45,4,,
2026-05-18 15:30:00,skip_no_cash,AFRM,866,20525.36,103014.75,4,,
2026-05-18 15:30:00,skip_no_cash,ARQQ,867,20525.36,103014.75,4,,
2026-05-18 15:30:00,skip_no_cash,CHPT,868,20525.36,103014.75,4,,
2026-05-18 15:30:00,skip_no_cash,OPEN,869,20525.36,103014.75,4,,
2026-05-18 15:35:00,skip_no_cash,APP,870,20525.36,103123.62,4,,
2026-05-18 15:35:00,skip_no_cash,DNN,871,20525.36,103123.62,4,,
2026-05-18 15:35:00,skip_no_cash,PLUG,872,20525.36,103123.62,4,,
2026-05-18 15:35:00,skip_no_cash,GH,873,20525.36,103123.62,4,,
2026-05-18 15:40:00,skip_no_cash,OKLO,874,20525.36,103358.88,4,,
2026-05-18 15:40:00,skip_no_cash,AMKR,875,20525.36,103358.88,4,,
2026-05-18 15:40:00,skip_no_cash,ASTS,876,20525.36,103358.88,4,,
2026-05-18 15:40:00,skip_no_cash,RKLB,877,20525.36,103358.88,4,,
2026-05-18 15:40:00,skip_no_cash,SMCI,878,20525.36,103358.88,4,,
2026-05-18 15:40:00,skip_no_cash,ALAB,879,20525.36,103358.88,4,,
2026-05-18 15:40:00,skip_no_cash,BBAI,880,20525.36,103358.88,4,,
2026-05-18 15:40:00,skip_no_cash,MARA,881,20525.36,103358.88,4,,
2026-05-18 15:40:00,skip_no_cash,IREN,882,20525.36,103358.88,4,,
2026-05-18 15:40:00,skip_no_cash,CORZ,883,20525.36,103358.88,4,,
2026-05-18 15:40:00,skip_no_cash,QBTS,884,20525.36,103358.88,4,,
2026-05-18 15:40:00,skip_no_cash,QUBT,885,20525.36,103358.88,4,,
2026-05-18 15:40:00,skip_no_cash,LAES,886,20525.36,103358.88,4,,
2026-05-18 15:40:00,skip_no_cash,JOBY,887,20525.36,103358.88,4,,
2026-05-18 15:40:00,skip_no_cash,ACHR,888,20525.36,103358.88,4,,
2026-05-18 15:40:00,skip_no_cash,LUNR,889,20525.36,103358.88,4,,
2026-05-18 15:40:00,skip_no_cash,SMR,890,20525.36,103358.88,4,,
2026-05-18 15:40:00,skip_no_cash,LEU,891,20525.36,103358.88,4,,
2026-05-18 15:40:00,skip_no_cash,CCJ,892,20525.36,103358.88,4,,
2026-05-18 15:40:00,skip_no_cash,UEC,893,20525.36,103358.88,4,,
2026-05-18 15:40:00,skip_no_cash,BLDP,894,20525.36,103358.88,4,,
2026-05-18 15:40:00,skip_no_cash,LCID,895,20525.36,103358.88,4,,
2026-05-18 15:40:00,skip_no_cash,SERV,896,20525.36,103358.88,4,,
2026-05-18 15:40:00,skip_no_cash,CAVA,897,20525.36,103358.88,4,,
2026-05-18 15:40:00,skip_no_cash,SHOP,898,20525.36,103358.88,4,,
2026-05-18 15:40:00,skip_no_cash,UWM,899,20525.36,103358.88,4,,
2026-05-18 15:50:00,exit,MDB,862,40948.42,103328.22,3,-0.01133,False
2026-05-18 15:55:00,exit,TMDX,861,61836.83,103283.72,2,0.01263,True
2026-05-18 15:55:00,exit,CRWD,863,82605.64,103283.72,1,0.00529,False
2026-05-18 15:55:00,exit,GTLB,864,103283.72,103283.72,0,0.0004,False
2026-05-19 10:20:00,entry,AFRM,900,82626.98,103283.72,1,,
2026-05-19 10:30:00,entry,CLSK,901,62021.56,103027.08,2,,
2026-05-19 10:30:00,entry,AI,902,41443.48,102890.41,3,,
2026-05-19 10:40:00,entry,OPEN,903,20844.66,102994.08,4,,
2026-05-19 11:00:00,entry,COIN,904,171.91,103363.79,5,,
2026-05-19 11:00:00,skip_max_positions,NU,905,171.91,103468.96,5,,
2026-05-19 11:20:00,skip_max_positions,DNA,906,171.91,102929.45,5,,
2026-05-19 11:40:00,skip_max_positions,SOUN,907,171.91,104040.99,5,,
2026-05-19 12:20:00,skip_max_positions,SDGR,908,171.91,103177.07,5,,
2026-05-19 12:25:00,skip_max_positions,LSCC,909,171.91,103467.58,5,,
2026-05-19 12:25:00,skip_max_positions,NTLA,910,171.91,103467.58,5,,
2026-05-19 12:30:00,skip_max_positions,ACHR,911,171.91,103791.67,5,,
2026-05-19 12:45:00,skip_max_positions,GH,912,171.91,104024.61,5,,
2026-05-19 13:20:00,exit,CLSK,901,22143.93,105187.51,4,0.06632,True
2026-05-19 13:20:00,entry,ON,913,1106.43,105187.51,5,,
2026-05-19 13:20:00,skip_max_positions,SPCE,914,1106.43,105160.29,5,,
2026-05-19 13:40:00,skip_max_positions,MU,915,1106.43,105559.49,5,,
2026-05-19 13:40:00,skip_max_positions,ARM,916,1106.43,105559.49,5,,
2026-05-19 13:40:00,skip_max_positions,BTDR,917,1106.43,105559.49,5,,
2026-05-19 13:40:00,skip_max_positions,ENPH,918,1106.43,105559.49,5,,
2026-05-19 13:40:00,skip_max_positions,CHPT,919,1106.43,105559.49,5,,
2026-05-19 13:40:00,skip_max_positions,BEAM,920,1106.43,105559.49,5,,
2026-05-19 13:45:00,skip_max_positions,EDIT,921,1106.43,105207.63,5,,
2026-05-19 14:00:00,skip_max_positions,ASTS,922,1106.43,105207.13,5,,
2026-05-19 14:00:00,skip_max_positions,BBAI,923,1106.43,105207.13,5,,
2026-05-19 14:00:00,skip_max_positions,CLSK,924,1106.43,105207.13,5,,
2026-05-19 14:00:00,skip_max_positions,QS,925,1106.43,105207.13,5,,
2026-05-19 14:00:00,skip_max_positions,JOBY,926,1106.43,105207.13,5,,
2026-05-19 14:00:00,skip_max_positions,LEU,927,1106.43,105207.13,5,,
2026-05-19 14:00:00,skip_max_positions,CCJ,928,1106.43,105207.13,5,,
2026-05-19 14:00:00,skip_max_positions,SEDG,929,1106.43,105207.13,5,,
2026-05-19 14:00:00,skip_max_positions,BLDP,930,1106.43,105207.13,5,,
2026-05-19 14:00:00,skip_max_positions,LAC,931,1106.43,105207.13,5,,
2026-05-19 14:00:00,skip_max_positions,SERV,932,1106.43,105207.13,5,,
2026-05-19 14:00:00,skip_max_positions,PACB,933,1106.43,105207.13,5,,
2026-05-19 14:05:00,skip_max_positions,COHR,934,1106.43,105204.44,5,,
2026-05-19 14:05:00,skip_max_positions,BLNK,935,1106.43,105204.44,5,,
2026-05-19 14:05:00,skip_max_positions,MRVL,936,1106.43,105204.44,5,,
2026-05-19 14:05:00,skip_max_positions,SNDK,937,1106.43,105204.44,5,,
2026-05-19 14:05:00,skip_max_positions,AMKR,938,1106.43,105204.44,5,,
2026-05-19 14:05:00,skip_max_positions,AVGO,939,1106.43,105204.44,5,,
2026-05-19 14:05:00,skip_max_positions,SMCI,940,1106.43,105204.44,5,,
2026-05-19 14:05:00,skip_max_positions,TSM,941,1106.43,105204.44,5,,
2026-05-19 14:05:00,skip_max_positions,KLAC,942,1106.43,105204.44,5,,
2026-05-19 14:05:00,skip_max_positions,QCOM,943,1106.43,105204.44,5,,
2026-05-19 14:05:00,skip_max_positions,HOOD,944,1106.43,105204.44,5,,
2026-05-19 14:05:00,skip_max_positions,RIOT,945,1106.43,105204.44,5,,
2026-05-19 14:05:00,skip_max_positions,IREN,946,1106.43,105204.44,5,,
2026-05-19 14:05:00,skip_max_positions,WULF,947,1106.43,105204.44,5,,
2026-05-19 14:05:00,skip_max_positions,RUN,948,1106.43,105204.44,5,,
2026-05-19 14:05:00,skip_max_positions,LCID,949,1106.43,105204.44,5,,
2026-05-19 14:05:00,skip_max_positions,RXRX,950,1106.43,105204.44,5,,
2026-05-19 14:05:00,skip_max_positions,HIMS,951,1106.43,105204.44,5,,
2026-05-19 14:05:00,skip_max_positions,DOCN,952,1106.43,105204.44,5,,
2026-05-19 14:10:00,skip_max_positions,ENVX,953,1106.43,105143.12,5,,
2026-05-19 14:10:00,skip_max_positions,NNE,954,1106.43,105143.12,5,,
2026-05-19 14:20:00,exit,AFRM,900,21833.75,105188.27,4,0.00342,False
2026-05-19 14:25:00,entry,RBLX,955,809.25,105122.49,5,,
2026-05-19 14:25:00,skip_max_positions,FROG,956,809.25,105075.7,5,,
2026-05-19 14:30:00,exit,AI,902,21480.98,105358.86,4,0.00455,False
2026-05-19 14:35:00,entry,BE,957,428.3,105263.39,5,,
2026-05-19 14:35:00,skip_max_positions,LUNR,958,428.3,105162.6,5,,
2026-05-19 14:40:00,exit,OPEN,903,21392.34,105090.39,4,0.01773,True
2026-05-19 14:40:00,entry,OKLO,959,374.26,105090.39,5,,
2026-05-19 14:40:00,skip_max_positions,CORZ,960,374.26,105090.39,5,,
2026-05-19 14:40:00,skip_max_positions,DNN,961,374.26,105090.39,5,,
2026-05-19 14:45:00,skip_max_positions,MCHP,962,374.26,105024.46,5,,
2026-05-19 14:50:00,exit,BE,957,21220.21,104654.1,4,-0.00982,False
2026-05-19 14:55:00,entry,ADI,963,291.18,104645.14,5,,
2026-05-19 14:55:00,skip_max_positions,ASML,964,291.18,104661.2,5,,
2026-05-19 15:00:00,exit,COIN,904,21287.04,104902.16,4,0.01563,True
2026-05-19 15:05:00,entry,W,965,266.43,105103.04,5,,
2026-05-19 15:10:00,skip_max_positions,WOLF,966,266.43,105254.09,5,,
2026-05-19 15:10:00,skip_max_positions,IONQ,967,266.43,105254.09,5,,
2026-05-19 15:10:00,skip_max_positions,UPST,968,266.43,105254.09,5,,
2026-05-19 15:10:00,skip_max_positions,SMR,969,266.43,105254.09,5,,
2026-05-19 15:10:00,skip_max_positions,UEC,970,266.43,105254.09,5,,
2026-05-19 15:10:00,skip_max_positions,FSLR,971,266.43,105254.09,5,,
2026-05-19 15:10:00,skip_max_positions,PLUG,972,266.43,105254.09,5,,
2026-05-19 15:10:00,skip_max_positions,RIVN,973,266.43,105254.09,5,,
2026-05-19 15:10:00,skip_max_positions,TEM,974,266.43,105254.09,5,,
2026-05-19 15:10:00,skip_max_positions,CRSP,975,266.43,105254.09,5,,
2026-05-19 15:10:00,skip_max_positions,SOFI,976,266.43,105254.09,5,,
2026-05-19 15:10:00,skip_max_positions,UWM,977,266.43,105254.09,5,,
2026-05-19 15:20:00,skip_max_positions,CVNA,978,266.43,104727.84,5,,
2026-05-19 15:25:00,skip_max_positions,TOST,979,266.43,104871.28,5,,
2026-05-19 15:35:00,skip_max_positions,MARA,980,266.43,105013.23,5,,
2026-05-19 15:35:00,skip_max_positions,LAES,981,266.43,105013.23,5,,
2026-05-19 15:40:00,skip_max_positions,ARQQ,982,266.43,105020.02,5,,
2026-05-19 15:50:00,exit,ON,913,20905.45,104617.72,4,-0.01894,False
2026-05-19 15:50:00,exit,ADI,963,41641.74,104598.65,3,-0.00921,False
2026-05-19 15:55:00,exit,RBLX,955,62432.32,104530.65,2,-0.01113,False
2026-05-19 15:55:00,exit,OKLO,959,83488.06,104530.65,1,0.00179,False
2026-05-19 15:55:00,exit,W,965,104530.65,104530.65,0,0.00105,False
2026-05-20 10:25:00,entry,TSM,983,83624.52,104530.65,1,,
2026-05-20 10:25:00,entry,SERV,984,62703.63,104604.47,2,,
2026-05-20 10:25:00,entry,SHOP,985,41778.14,104627.46,3,,
2026-05-20 10:35:00,entry,FSLR,986,20852.21,104629.63,4,,
2026-05-20 10:35:00,skip_no_cash,NET,987,20852.21,104710.87,4,,
2026-05-20 10:35:00,skip_no_cash,FROG,988,20852.21,104710.87,4,,
2026-05-20 10:35:00,skip_no_cash,GTLB,989,20852.21,104710.87,4,,
2026-05-20 10:40:00,skip_no_cash,ENPH,990,20852.21,105091.2,4,,
2026-05-20 10:45:00,skip_no_cash,TMDX,991,20852.21,105220.97,4,,
2026-05-20 10:50:00,skip_no_cash,ON,992,20852.21,105485.88,4,,
2026-05-20 10:50:00,skip_no_cash,IREN,993,20852.21,105485.88,4,,
2026-05-20 10:50:00,skip_no_cash,CORZ,994,20852.21,105485.88,4,,
2026-05-20 10:50:00,skip_no_cash,HUT,995,20852.21,105485.88,4,,
2026-05-20 10:50:00,skip_no_cash,RXRX,996,20852.21,105485.88,4,,
2026-05-20 10:50:00,skip_no_cash,PACB,997,20852.21,105485.88,4,,
2026-05-20 10:50:00,skip_no_cash,TOST,998,20852.21,105485.88,4,,
2026-05-20 10:50:00,skip_no_cash,OPEN,999,20852.21,105485.88,4,,
2026-05-20 10:55:00,skip_no_cash,LSCC,1000,20852.21,105520.56,4,,
2026-05-20 10:55:00,skip_no_cash,COIN,1001,20852.21,105520.56,4,,
2026-05-20 10:55:00,skip_no_cash,WULF,1002,20852.21,105520.56,4,,
2026-05-20 10:55:00,skip_no_cash,TEM,1003,20852.21,105520.56,4,,
2026-05-20 10:55:00,skip_no_cash,SOFI,1004,20852.21,105520.56,4,,
2026-05-20 11:00:00,skip_no_cash,NU,1005,20852.21,105651.46,4,,
2026-05-20 11:00:00,skip_no_cash,ROKU,1006,20852.21,105651.46,4,,
2026-05-20 11:05:00,skip_no_cash,COHR,1007,20852.21,105673.03,4,,
2026-05-20 11:10:00,skip_no_cash,MRVL,1008,20852.21,105598.73,4,,
2026-05-20 11:15:00,skip_no_cash,QCOM,1009,20852.21,105858.98,4,,
2026-05-20 11:15:00,skip_no_cash,ALAB,1010,20852.21,105858.98,4,,
2026-05-20 11:20:00,skip_no_cash,EDIT,1011,20852.21,105856.7,4,,
2026-05-20 11:20:00,skip_no_cash,BEAM,1012,20852.21,105856.7,4,,
2026-05-20 11:20:00,skip_no_cash,NTLA,1013,20852.21,105856.7,4,,
2026-05-20 11:25:00,skip_no_cash,UPST,1014,20852.21,105792.16,4,,
2026-05-20 11:25:00,skip_no_cash,RIOT,1015,20852.21,105792.16,4,,
2026-05-20 11:25:00,skip_no_cash,CCJ,1016,20852.21,105792.16,4,,
2026-05-20 11:25:00,skip_no_cash,BLNK,1017,20852.21,105792.16,4,,
2026-05-20 11:35:00,skip_no_cash,GH,1018,20852.21,105753.44,4,,
2026-05-20 11:40:00,skip_no_cash,RUN,1019,20852.21,105758.67,4,,
2026-05-20 11:40:00,skip_no_cash,HIVE,1020,20852.21,105758.67,4,,
2026-05-20 11:40:00,skip_no_cash,OKLO,1021,20852.21,105758.67,4,,
2026-05-20 11:40:00,skip_no_cash,AMKR,1022,20852.21,105758.67,4,,
2026-05-20 11:40:00,skip_no_cash,QS,1023,20852.21,105758.67,4,,
2026-05-20 11:40:00,skip_no_cash,LAC,1024,20852.21,105758.67,4,,
2026-05-20 11:45:00,skip_no_cash,NNE,1025,20852.21,105876.61,4,,
2026-05-20 11:50:00,skip_no_cash,CVNA,1026,20852.21,105914.53,4,,
2026-05-20 11:55:00,skip_no_cash,QBTS,1027,20852.21,106049.98,4,,
2026-05-20 11:55:00,skip_no_cash,JOBY,1028,20852.21,106049.98,4,,
2026-05-20 11:55:00,skip_no_cash,SMR,1029,20852.21,106049.98,4,,
2026-05-20 11:55:00,skip_no_cash,RGTI,1030,20852.21,106049.98,4,,
2026-05-20 11:55:00,skip_no_cash,IONQ,1031,20852.21,106049.98,4,,
2026-05-20 11:55:00,skip_no_cash,PATH,1032,20852.21,106049.98,4,,
2026-05-20 11:55:00,skip_no_cash,LAES,1033,20852.21,106049.98,4,,
2026-05-20 11:55:00,skip_no_cash,TTD,1034,20852.21,106049.98,4,,
2026-05-20 12:00:00,skip_no_cash,FUBO,1035,20852.21,106062.66,4,,
2026-05-20 12:05:00,skip_no_cash,SOUN,1036,20852.21,106228.75,4,,
2026-05-20 12:10:00,skip_no_cash,ASTS,1037,20852.21,106348.56,4,,
2026-05-20 12:10:00,skip_no_cash,DKNG,1038,20852.21,106348.56,4,,
2026-05-20 12:15:00,skip_no_cash,PLTR,1039,20852.21,106242.79,4,,
2026-05-20 12:20:00,skip_no_cash,ENVX,1040,20852.21,106223.61,4,,
2026-05-20 12:35:00,skip_no_cash,UEC,1041,20852.21,106057.74,4,,
2026-05-20 12:40:00,skip_no_cash,BE,1042,20852.21,106369.58,4,,
2026-05-20 12:40:00,skip_no_cash,GLW,1043,20852.21,106369.58,4,,
2026-05-20 12:40:00,skip_no_cash,RKLB,1044,20852.21,106369.58,4,,
2026-05-20 12:40:00,skip_no_cash,AVGO,1045,20852.21,106369.58,4,,
2026-05-20 12:40:00,skip_no_cash,SMCI,1046,20852.21,106369.58,4,,
2026-05-20 12:40:00,skip_no_cash,ASML,1047,20852.21,106369.58,4,,
2026-05-20 12:40:00,skip_no_cash,LRCX,1048,20852.21,106369.58,4,,
2026-05-20 12:40:00,skip_no_cash,KLAC,1049,20852.21,106369.58,4,,
2026-05-20 12:40:00,skip_no_cash,MPWR,1050,20852.21,106369.58,4,,
2026-05-20 12:40:00,skip_no_cash,LUNR,1051,20852.21,106369.58,4,,
2026-05-20 12:40:00,skip_no_cash,PLUG,1052,20852.21,106369.58,4,,
2026-05-20 12:40:00,skip_no_cash,UWM,1053,20852.21,106369.58,4,,
2026-05-20 12:40:00,skip_no_cash,DOCN,1054,20852.21,106369.58,4,,
2026-05-20 12:50:00,skip_no_cash,U,1055,20852.21,106234.06,4,,
2026-05-20 13:10:00,skip_no_cash,AMD,1056,20852.21,106185.76,4,,
2026-05-20 13:10:00,skip_no_cash,LCID,1057,20852.21,106185.76,4,,
2026-05-20 13:10:00,skip_no_cash,ETSY,1058,20852.21,106185.76,4,,
2026-05-20 13:15:00,skip_no_cash,MCHP,1059,20852.21,106229.02,4,,
2026-05-20 13:25:00,skip_no_cash,SEDG,1060,20852.21,106377.99,4,,
2026-05-20 13:25:00,skip_no_cash,RIVN,1061,20852.21,106377.99,4,,
2026-05-20 13:25:00,skip_no_cash,CHPT,1062,20852.21,106377.99,4,,
2026-05-20 13:30:00,skip_no_cash,CRDO,1063,20852.21,106373.65,4,,
2026-05-20 14:05:00,skip_no_cash,MARA,1064,20852.21,106404.28,4,,
2026-05-20 14:20:00,skip_no_cash,RDDT,1065,20852.21,106369.53,4,,
2026-05-20 14:25:00,exit,TSM,983,41888.18,106509.65,3,0.00621,False
2026-05-20 14:25:00,exit,SERV,984,63008.66,106509.65,2,0.00954,False
2026-05-20 14:25:00,exit,SHOP,985,84532.79,106509.65,1,0.02861,True
2026-05-20 14:25:00,entry,BILL,1066,63230.85,106509.65,2,,
2026-05-20 14:35:00,exit,FSLR,986,85162.23,106427.62,1,0.04805,True
2026-05-20 14:35:00,entry,ASTS,1067,63876.71,106427.62,2,,
2026-05-20 14:40:00,entry,ELF,1068,42583.39,106466.6,3,,
2026-05-20 14:40:00,entry,MU,1069,21288.44,106474.72,4,,
2026-05-20 14:45:00,entry,W,1070,6.66,106408.88,5,,
2026-05-20 15:10:00,skip_max_positions,BTDR,1071,6.66,106632.79,5,,
2026-05-20 15:10:00,skip_max_positions,ARQQ,1072,6.66,106632.79,5,,
2026-05-20 15:10:00,skip_max_positions,BLDP,1073,6.66,106632.79,5,,
2026-05-20 15:10:00,skip_max_positions,TEM,1074,6.66,106632.79,5,,
2026-05-20 15:10:00,skip_max_positions,PACB,1075,6.66,106632.79,5,,
2026-05-20 15:10:00,skip_max_positions,DNA,1076,6.66,106632.79,5,,
2026-05-20 15:10:00,skip_max_positions,HIMS,1077,6.66,106632.79,5,,
2026-05-20 15:15:00,skip_max_positions,CRSP,1078,6.66,106335.04,5,,
2026-05-20 15:20:00,skip_max_positions,HOOD,1079,6.66,106435.58,5,,
2026-05-20 15:35:00,exit,ELF,1068,21048.43,106262.74,4,-0.01181,False
2026-05-20 15:55:00,exit,BILL,1066,42586.48,106383.62,3,0.01108,True
2026-05-20 15:55:00,exit,ASTS,1067,63271.31,106383.62,2,-0.02822,False
2026-05-20 15:55:00,exit,MU,1069,84690.59,106383.62,1,0.00584,False
2026-05-20 15:55:00,exit,W,1070,106383.63,106383.63,0,0.01932,True
2026-05-21 10:30:00,entry,AI,1080,85106.9,106383.63,1,,
2026-05-21 10:30:00,entry,BTDR,1081,63863.11,106218.95,2,,
2026-05-21 10:30:00,entry,HIMS,1082,42644.31,106093.98,3,,
2026-05-21 10:35:00,entry,LAC,1083,21365.01,106396.51,4,,
2026-05-21 10:35:00,entry,ALAB,1084,56.39,106543.09,5,,
2026-05-21 10:35:00,skip_max_positions,TMDX,1085,56.39,106799.95,5,,
2026-05-21 10:40:00,skip_max_positions,LSCC,1086,56.39,106660.0,5,,
2026-05-21 10:40:00,skip_max_positions,ARM,1087,56.39,106660.0,5,,
2026-05-21 10:40:00,skip_max_positions,ENPH,1088,56.39,106660.0,5,,
2026-05-21 10:45:00,skip_max_positions,RIVN,1089,56.39,106760.44,5,,
2026-05-21 10:45:00,skip_max_positions,RUN,1090,56.39,106760.44,5,,
2026-05-21 10:45:00,skip_max_positions,SNOW,1091,56.39,106760.44,5,,
2026-05-21 10:55:00,skip_max_positions,CVNA,1092,56.39,107310.55,5,,
2026-05-21 10:55:00,skip_max_positions,ESTC,1093,56.39,107310.55,5,,
2026-05-21 11:00:00,skip_max_positions,APP,1094,56.39,107076.23,5,,
2026-05-21 11:00:00,skip_max_positions,SOFI,1095,56.39,107076.23,5,,
2026-05-21 11:00:00,skip_max_positions,WULF,1096,56.39,107076.23,5,,
2026-05-21 11:00:00,skip_max_positions,LEU,1097,56.39,107076.23,5,,
2026-05-21 11:00:00,skip_max_positions,RBLX,1098,56.39,107076.23,5,,
2026-05-21 11:00:00,skip_max_positions,TTD,1099,56.39,107076.23,5,,
2026-05-21 11:05:00,skip_max_positions,GLW,1100,56.39,106725.77,5,,
2026-05-21 11:05:00,skip_max_positions,RIOT,1101,56.39,106725.77,5,,
2026-05-21 11:05:00,skip_max_positions,RXRX,1102,56.39,106725.77,5,,
2026-05-21 11:05:00,skip_max_positions,DNA,1103,56.39,106725.77,5,,
2026-05-21 11:20:00,skip_max_positions,COIN,1104,56.39,107017.2,5,,
2026-05-21 11:20:00,skip_max_positions,BLNK,1105,56.39,107017.2,5,,
2026-05-21 11:25:00,exit,LAC,1083,21800.7,107304.17,4,0.02185,True
2026-05-21 11:25:00,entry,PLTR,1106,339.86,107304.17,5,,
2026-05-21 11:25:00,skip_max_positions,SMR,1107,339.86,107311.97,5,,
2026-05-21 11:30:00,skip_max_positions,RDDT,1108,339.86,106977.11,5,,
2026-05-21 11:45:00,skip_max_positions,SDGR,1109,339.86,107552.29,5,,
2026-05-21 11:45:00,skip_max_positions,PACB,1110,339.86,107552.29,5,,
2026-05-21 11:50:00,skip_max_positions,AEHR,1111,339.86,107431.71,5,,
2026-05-21 11:50:00,skip_max_positions,SEDG,1112,339.86,107431.71,5,,
2026-05-21 11:50:00,skip_max_positions,NET,1113,339.86,107431.71,5,,
2026-05-21 11:55:00,skip_max_positions,LAES,1114,339.86,107551.22,5,,
2026-05-21 11:55:00,skip_max_positions,SPCE,1115,339.86,107551.22,5,,
2026-05-21 12:05:00,skip_max_positions,UEC,1116,339.86,108077.67,5,,
2026-05-21 12:10:00,skip_max_positions,QCOM,1117,339.86,107951.49,5,,
2026-05-21 12:10:00,skip_max_positions,CHPT,1118,339.86,107951.49,5,,
2026-05-21 12:10:00,skip_max_positions,SERV,1119,339.86,107951.49,5,,
2026-05-21 12:10:00,skip_max_positions,EDIT,1120,339.86,107951.49,5,,
2026-05-21 12:30:00,skip_max_positions,LUNR,1121,339.86,107861.99,5,,
2026-05-21 12:35:00,skip_max_positions,BLDP,1122,339.86,107488.86,5,,
2026-05-21 12:35:00,skip_max_positions,CELH,1123,339.86,107488.86,5,,
2026-05-21 12:40:00,skip_max_positions,HUT,1124,339.86,107724.38,5,,
2026-05-21 12:40:00,skip_max_positions,TEM,1125,339.86,107724.38,5,,
2026-05-21 12:40:00,skip_max_positions,GH,1126,339.86,107724.38,5,,
2026-05-21 12:50:00,skip_max_positions,CORZ,1127,339.86,107933.21,5,,
2026-05-21 12:50:00,skip_max_positions,ACHR,1128,339.86,107933.21,5,,
2026-05-21 12:55:00,skip_max_positions,BEAM,1129,339.86,107750.47,5,,
2026-05-21 12:55:00,skip_max_positions,NTLA,1130,339.86,107750.47,5,,
2026-05-21 12:55:00,skip_max_positions,MELI,1131,339.86,107750.47,5,,
2026-05-21 13:00:00,skip_max_positions,ROKU,1132,339.86,107796.53,5,,
2026-05-21 13:05:00,skip_max_positions,PLUG,1133,339.86,107665.19,5,,
2026-05-21 13:05:00,skip_max_positions,SHOP,1134,339.86,107665.19,5,,
2026-05-21 13:20:00,skip_max_positions,IREN,1135,339.86,108250.93,5,,
2026-05-21 13:20:00,skip_max_positions,ARQQ,1136,339.86,108250.93,5,,
2026-05-21 13:35:00,skip_max_positions,CLSK,1137,339.86,108300.88,5,,
2026-05-21 13:35:00,skip_max_positions,DOCN,1138,339.86,108300.88,5,,
2026-05-21 13:35:00,skip_max_positions,HIVE,1139,339.86,108300.88,5,,
2026-05-21 13:35:00,skip_max_positions,QS,1140,339.86,108300.88,5,,
2026-05-21 13:40:00,skip_max_positions,MU,1141,339.86,108599.04,5,,
2026-05-21 13:45:00,skip_max_positions,FSLR,1142,339.86,108763.08,5,,
2026-05-21 13:50:00,skip_max_positions,ELF,1143,339.86,109099.75,5,,
2026-05-21 13:55:00,skip_max_positions,WOLF,1144,339.86,109042.48,5,,
2026-05-21 14:00:00,skip_max_positions,MARA,1145,339.86,109007.96,5,,
2026-05-21 14:10:00,skip_max_positions,QUBT,1146,339.86,109160.11,5,,
2026-05-21 14:20:00,skip_max_positions,RGTI,1147,339.86,109490.19,5,,
2026-05-21 14:20:00,skip_max_positions,QBTS,1148,339.86,109490.19,5,,
2026-05-21 14:30:00,exit,AI,1080,21824.17,109468.64,4,0.00976,False
2026-05-21 14:30:00,exit,BTDR,1081,44122.33,109468.64,3,0.04963,True
2026-05-21 14:30:00,exit,HIMS,1082,66180.66,109468.64,2,0.03957,True
2026-05-21 14:30:00,entry,W,1149,44286.93,109468.64,3,,
2026-05-21 14:30:00,entry,OKLO,1150,22411.71,109376.1,4,,
2026-05-21 14:30:00,entry,ON,1151,539.21,109362.49,5,,
2026-05-21 14:30:00,skip_max_positions,LRCX,1152,539.21,109419.03,5,,
2026-05-21 14:30:00,skip_max_positions,KLAC,1153,539.21,109419.03,5,,
2026-05-21 14:30:00,skip_max_positions,COHR,1154,539.21,109419.03,5,,
2026-05-21 14:30:00,skip_max_positions,SOUN,1155,539.21,109419.03,5,,
2026-05-21 14:30:00,skip_max_positions,NNE,1156,539.21,109419.03,5,,
2026-05-21 14:30:00,skip_max_positions,DNN,1157,539.21,109419.03,5,,
2026-05-21 14:30:00,skip_max_positions,LAC,1158,539.21,109419.03,5,,
2026-05-21 14:35:00,exit,ALAB,1084,22251.78,109303.97,4,0.01896,True
2026-05-21 14:35:00,entry,MCHP,1159,390.99,109303.97,5,,
2026-05-21 14:35:00,skip_max_positions,GTLB,1160,390.99,109248.47,5,,
2026-05-21 14:45:00,skip_max_positions,AMKR,1161,390.99,109218.76,5,,
2026-05-21 15:05:00,skip_max_positions,TSM,1162,390.99,109134.45,5,,
2026-05-21 15:05:00,skip_max_positions,AI,1163,390.99,109134.45,5,,
2026-05-21 15:05:00,skip_max_positions,CIFR,1164,390.99,109134.45,5,,
2026-05-21 15:05:00,skip_max_positions,BE,1165,390.99,109134.45,5,,
2026-05-21 15:05:00,skip_max_positions,SNOW,1166,390.99,109134.45,5,,
2026-05-21 15:05:00,skip_max_positions,FUBO,1167,390.99,109134.45,5,,
2026-05-21 15:10:00,skip_max_positions,ESTC,1168,390.99,109117.36,5,,
2026-05-21 15:10:00,skip_max_positions,GLW,1169,390.99,109117.36,5,,
2026-05-21 15:10:00,skip_max_positions,AMD,1170,390.99,109117.36,5,,
2026-05-21 15:10:00,skip_max_positions,SMCI,1171,390.99,109117.36,5,,
2026-05-21 15:10:00,skip_max_positions,ASML,1172,390.99,109117.36,5,,
2026-05-21 15:10:00,skip_max_positions,BBAI,1173,390.99,109117.36,5,,
2026-05-21 15:10:00,skip_max_positions,UPST,1174,390.99,109117.36,5,,
2026-05-21 15:10:00,skip_max_positions,AFRM,1175,390.99,109117.36,5,,
2026-05-21 15:10:00,skip_max_positions,HOOD,1176,390.99,109117.36,5,,
2026-05-21 15:10:00,skip_max_positions,JOBY,1177,390.99,109117.36,5,,
2026-05-21 15:10:00,skip_max_positions,LUNR,1178,390.99,109117.36,5,,
2026-05-21 15:10:00,skip_max_positions,CCJ,1179,390.99,109117.36,5,,
2026-05-21 15:10:00,skip_max_positions,RIVN,1180,390.99,109117.36,5,,
2026-05-21 15:10:00,skip_max_positions,DDOG,1181,390.99,109117.36,5,,
2026-05-21 15:10:00,skip_max_positions,MDB,1182,390.99,109117.36,5,,
2026-05-21 15:10:00,skip_max_positions,SE,1183,390.99,109117.36,5,,
2026-05-21 15:10:00,skip_max_positions,NU,1184,390.99,109117.36,5,,
2026-05-21 15:10:00,skip_max_positions,UWM,1185,390.99,109117.36,5,,
2026-05-21 15:10:00,skip_max_positions,ETSY,1186,390.99,109117.36,5,,
2026-05-21 15:20:00,skip_max_positions,NIO,1187,390.99,109269.19,5,,
2026-05-21 15:20:00,skip_max_positions,DKNG,1188,390.99,109269.19,5,,
2026-05-21 15:25:00,exit,PLTR,1106,21823.73,109346.99,4,-0.00131,False
2026-05-21 15:30:00,exit,W,1149,43413.85,109144.78,3,-0.01387,False
2026-05-21 15:35:00,entry,CAVA,1189,21576.75,109185.49,4,,
2026-05-21 15:35:00,skip_no_cash,RBLX,1190,21576.75,109197.37,4,,
2026-05-21 15:40:00,skip_no_cash,LCID,1191,21576.75,109151.08,4,,
2026-05-21 15:40:00,skip_no_cash,TOST,1192,21576.75,109151.08,4,,
2026-05-21 15:55:00,exit,OKLO,1150,43727.58,109815.28,3,0.0126,True
2026-05-21 15:55:00,exit,ON,1151,65859.57,109815.28,2,0.01186,True
2026-05-21 15:55:00,exit,MCHP,1159,87857.97,109815.28,1,0.00629,False
2026-05-21 15:55:00,exit,CAVA,1189,109815.28,109815.28,0,0.00551,False
2026-05-22 10:20:00,entry,CSCO,1193,87852.23,109815.28,1,,
2026-05-22 10:20:00,entry,RKLB,1194,65896.9,109776.64,2,,
2026-05-22 10:25:00,entry,BLDP,1195,43925.56,109856.71,3,,
2026-05-22 10:35:00,entry,MPWR,1196,21718.06,111037.51,4,,
2026-05-22 10:40:00,skip_no_cash,QS,1197,21718.06,111076.77,4,,
2026-05-22 10:40:00,skip_no_cash,NNE,1198,21718.06,111076.77,4,,
2026-05-22 10:40:00,skip_no_cash,FUBO,1199,21718.06,111076.77,4,,
2026-05-22 10:40:00,skip_no_cash,FROG,1200,21718.06,111076.77,4,,
2026-05-22 10:45:00,skip_no_cash,TOST,1201,21718.06,110671.79,4,,
2026-05-22 11:00:00,skip_no_cash,ENPH,1202,21718.06,110823.7,4,,
2026-05-22 11:05:00,skip_no_cash,SMCI,1203,21718.06,110865.25,4,,
2026-05-22 11:10:00,skip_no_cash,QUBT,1204,21718.06,110993.53,4,,
2026-05-22 11:10:00,skip_no_cash,LAES,1205,21718.06,110993.53,4,,
2026-05-22 11:10:00,skip_no_cash,RGTI,1206,21718.06,110993.53,4,,
2026-05-22 11:10:00,skip_no_cash,ON,1207,21718.06,110993.53,4,,
2026-05-22 11:10:00,skip_no_cash,QBTS,1208,21718.06,110993.53,4,,
2026-05-22 11:15:00,skip_no_cash,CART,1209,21718.06,111225.46,4,,
2026-05-22 11:15:00,skip_no_cash,LCID,1210,21718.06,111225.46,4,,
2026-05-22 11:15:00,skip_no_cash,ENVX,1211,21718.06,111225.46,4,,
2026-05-22 11:15:00,skip_no_cash,JOBY,1212,21718.06,111225.46,4,,
2026-05-22 11:15:00,skip_no_cash,ACHR,1213,21718.06,111225.46,4,,
2026-05-22 11:15:00,skip_no_cash,LUNR,1214,21718.06,111225.46,4,,
2026-05-22 11:15:00,skip_no_cash,FSLR,1215,21718.06,111225.46,4,,
2026-05-22 11:20:00,exit,BLDP,1195,45053.95,111540.44,3,0.06211,True
2026-05-22 11:20:00,entry,BTDR,1216,22745.87,111540.44,4,,
2026-05-22 11:20:00,entry,UWM,1217,451.17,111473.49,5,,
2026-05-22 11:35:00,skip_max_positions,MRVL,1218,451.17,111409.88,5,,
2026-05-22 11:40:00,skip_max_positions,HIVE,1219,451.17,111510.57,5,,
2026-05-22 11:45:00,skip_max_positions,QCOM,1220,451.17,111470.15,5,,
2026-05-22 11:55:00,skip_max_positions,ASTS,1221,451.17,111665.81,5,,
2026-05-22 11:55:00,skip_max_positions,ARM,1222,451.17,111665.81,5,,
2026-05-22 12:00:00,skip_max_positions,MU,1223,451.17,111694.05,5,,
2026-05-22 12:05:00,skip_max_positions,BLDP,1224,451.17,111517.82,5,,
2026-05-22 12:10:00,skip_max_positions,SEDG,1225,451.17,111514.79,5,,
2026-05-22 12:15:00,exit,BTDR,1216,22216.24,111003.66,4,-0.02434,False
2026-05-22 12:20:00,entry,ARQQ,1226,6.04,111051.01,5,,
2026-05-22 12:25:00,skip_max_positions,LI,1227,6.04,111515.71,5,,
2026-05-22 12:30:00,skip_max_positions,LRCX,1228,6.04,111216.32,5,,
2026-05-22 12:30:00,skip_max_positions,CLSK,1229,6.04,111216.32,5,,
2026-05-22 12:35:00,skip_max_positions,PLUG,1230,6.04,111179.41,5,,
2026-05-22 12:35:00,skip_max_positions,MARA,1231,6.04,111179.41,5,,
2026-05-22 12:35:00,skip_max_positions,RIOT,1232,6.04,111179.41,5,,
2026-05-22 12:35:00,skip_max_positions,HUT,1233,6.04,111179.41,5,,
2026-05-22 12:40:00,skip_max_positions,CIFR,1234,6.04,110538.47,5,,
2026-05-22 12:55:00,skip_max_positions,IONQ,1235,6.04,110157.85,5,,
2026-05-22 13:05:00,skip_max_positions,LSCC,1236,6.04,110707.13,5,,
2026-05-22 13:05:00,skip_max_positions,SPCE,1237,6.04,110707.13,5,,
2026-05-22 13:30:00,skip_max_positions,CRWD,1238,6.04,110817.27,5,,
2026-05-22 13:35:00,skip_max_positions,GLW,1239,6.04,110753.08,5,,
2026-05-22 13:50:00,skip_max_positions,AEHR,1240,6.04,110273.75,5,,
2026-05-22 13:50:00,skip_max_positions,BLNK,1241,6.04,110273.75,5,,
2026-05-22 13:50:00,skip_max_positions,DNA,1242,6.04,110273.75,5,,
2026-05-22 13:50:00,skip_max_positions,NIO,1243,6.04,110273.75,5,,
2026-05-22 13:50:00,skip_max_positions,CRDO,1244,6.04,110273.75,5,,
2026-05-22 14:00:00,exit,ARQQ,1226,21482.86,110015.08,4,-0.03302,False
2026-05-22 14:00:00,skip_no_cash,ELF,1245,21482.86,110015.08,4,,
2026-05-22 14:10:00,skip_no_cash,WULF,1246,21482.86,110102.9,4,,
2026-05-22 14:15:00,skip_no_cash,NTLA,1247,21482.86,110288.58,4,,
2026-05-22 14:15:00,skip_no_cash,IREN,1248,21482.86,110288.58,4,,
2026-05-22 14:15:00,skip_no_cash,TEM,1249,21482.86,110288.58,4,,
2026-05-22 14:15:00,skip_no_cash,SDGR,1250,21482.86,110288.58,4,,
2026-05-22 14:15:00,skip_no_cash,CORZ,1251,21482.86,110288.58,4,,
2026-05-22 14:15:00,skip_no_cash,RIVN,1252,21482.86,110288.58,4,,
2026-05-22 14:15:00,skip_no_cash,SOFI,1253,21482.86,110288.58,4,,
2026-05-22 14:20:00,exit,CSCO,1193,43560.02,110387.89,3,0.00519,False
2026-05-22 14:20:00,exit,RKLB,1194,65577.23,110387.89,2,0.00282,False
2026-05-22 14:20:00,entry,DNN,1254,43499.66,110387.89,3,,
2026-05-22 14:25:00,entry,SNDK,1255,21417.83,110409.11,4,,
2026-05-22 14:25:00,skip_no_cash,RUN,1256,21417.83,110364.86,4,,
2026-05-22 14:25:00,skip_no_cash,OPEN,1257,21417.83,110364.86,4,,
2026-05-22 14:30:00,skip_no_cash,SMR,1258,21417.83,110139.22,4,,
2026-05-22 14:30:00,skip_no_cash,EDIT,1259,21417.83,110139.22,4,,
2026-05-22 14:30:00,skip_no_cash,W,1260,21417.83,110139.22,4,,
2026-05-22 14:35:00,exit,MPWR,1196,43729.06,110152.04,3,0.00467,False
2026-05-22 14:50:00,entry,AMD,1261,21691.74,110186.6,4,,
2026-05-22 14:50:00,skip_no_cash,MCHP,1262,21691.74,110179.39,4,,
2026-05-22 14:50:00,skip_no_cash,MPWR,1263,21691.74,110179.39,4,,
2026-05-22 14:50:00,skip_no_cash,CRSP,1264,21691.74,110179.39,4,,
2026-05-22 14:50:00,skip_no_cash,TTD,1265,21691.74,110179.39,4,,
2026-05-22 15:00:00,skip_no_cash,AFRM,1266,21691.74,109925.53,4,,
2026-05-22 15:05:00,exit,SNDK,1255,43511.26,109664.97,3,-0.01188,False
2026-05-22 15:10:00,entry,NET,1267,21558.04,109766.08,4,,
2026-05-22 15:10:00,skip_no_cash,RBLX,1268,21558.04,109766.08,4,,
2026-05-22 15:15:00,skip_no_cash,KLAC,1269,21558.04,109579.42,4,,
2026-05-22 15:20:00,skip_no_cash,ASML,1270,21558.04,109499.13,4,,
2026-05-22 15:20:00,skip_no_cash,FSLR,1271,21558.04,109499.13,4,,
2026-05-22 15:20:00,skip_no_cash,BEAM,1272,21558.04,109499.13,4,,
2026-05-22 15:25:00,skip_no_cash,ENPH,1273,21558.04,109502.48,4,,
2026-05-22 15:25:00,skip_no_cash,TMDX,1274,21558.04,109502.48,4,,
2026-05-22 15:30:00,exit,UWM,1217,43885.79,109617.43,3,0.00148,False
2026-05-22 15:40:00,entry,LUNR,1275,21945.16,109703.16,4,,
2026-05-22 15:55:00,exit,DNN,1254,43886.88,110148.83,3,-0.00615,False
2026-05-22 15:55:00,exit,AMD,1261,65782.56,110148.83,2,-0.00643,False
2026-05-22 15:55:00,exit,NET,1267,87870.56,110148.83,1,0.00614,False
2026-05-22 15:55:00,exit,LUNR,1275,110148.83,110148.83,0,0.01539,True
2026-05-26 10:40:00,entry,BBAI,1276,88119.07,110148.83,1,,
2026-05-26 10:40:00,entry,JOBY,1277,66089.3,110148.83,2,,
2026-05-26 10:40:00,entry,UEC,1278,44062.66,110133.17,3,,
2026-05-26 10:40:00,entry,SE,1279,22028.74,110169.63,4,,
2026-05-26 10:45:00,entry,SOUN,1280,53.68,109875.3,5,,
2026-05-26 10:45:00,skip_max_positions,ACHR,1281,53.68,109757.3,5,,
2026-05-26 10:45:00,skip_max_positions,LEU,1282,53.68,109757.3,5,,
2026-05-26 10:45:00,skip_max_positions,CCJ,1283,53.68,109757.3,5,,
2026-05-26 10:50:00,skip_max_positions,COIN,1284,53.68,109882.1,5,,
2026-05-26 10:50:00,skip_max_positions,XPEV,1285,53.68,109882.1,5,,
2026-05-26 10:50:00,skip_max_positions,FUBO,1286,53.68,109882.1,5,,
2026-05-26 10:55:00,skip_max_positions,WULF,1287,53.68,109513.66,5,,
2026-05-26 10:55:00,skip_max_positions,DNA,1288,53.68,109513.66,5,,
2026-05-26 10:55:00,skip_max_positions,CRSP,1289,53.68,109513.66,5,,
2026-05-26 11:00:00,skip_max_positions,AMD,1290,53.68,109945.49,5,,
2026-05-26 11:05:00,skip_max_positions,GLW,1291,53.68,110147.29,5,,
2026-05-26 11:05:00,skip_max_positions,ASTS,1292,53.68,110147.29,5,,
2026-05-26 11:15:00,skip_max_positions,MARA,1293,53.68,110240.19,5,,
2026-05-26 11:15:00,skip_max_positions,U,1294,53.68,110240.19,5,,
2026-05-26 11:20:00,skip_max_positions,MPWR,1295,53.68,109916.22,5,,
2026-05-26 11:20:00,skip_max_positions,LAC,1296,53.68,109916.22,5,,
2026-05-26 11:20:00,skip_max_positions,UPST,1297,53.68,109916.22,5,,
2026-05-26 11:20:00,skip_max_positions,LRCX,1298,53.68,109916.22,5,,
2026-05-26 11:20:00,skip_max_positions,CLSK,1299,53.68,109916.22,5,,
2026-05-26 11:20:00,skip_max_positions,FSLR,1300,53.68,109916.22,5,,
2026-05-26 11:20:00,skip_max_positions,CELH,1301,53.68,109916.22,5,,
2026-05-26 11:20:00,skip_max_positions,W,1302,53.68,109916.22,5,,
2026-05-26 11:25:00,skip_max_positions,APP,1303,53.68,110082.69,5,,
2026-05-26 11:25:00,skip_max_positions,SNDK,1304,53.68,110082.69,5,,
2026-05-26 11:25:00,skip_max_positions,SEDG,1305,53.68,110082.69,5,,
2026-05-26 11:30:00,skip_max_positions,HIMS,1306,53.68,110145.1,5,,
2026-05-26 11:30:00,skip_max_positions,SMCI,1307,53.68,110145.1,5,,
2026-05-26 11:35:00,skip_max_positions,ON,1308,53.68,110190.16,5,,
2026-05-26 11:40:00,skip_max_positions,CVNA,1309,53.68,110243.89,5,,
2026-05-26 11:45:00,skip_max_positions,LI,1310,53.68,109882.22,5,,
2026-05-26 11:50:00,skip_max_positions,HUT,1311,53.68,109344.93,5,,
2026-05-26 12:05:00,skip_max_positions,SERV,1312,53.68,110016.99,5,,
2026-05-26 12:05:00,skip_max_positions,RDDT,1313,53.68,110016.99,5,,
2026-05-26 12:05:00,skip_max_positions,QCOM,1314,53.68,110016.99,5,,
2026-05-26 12:05:00,skip_max_positions,PATH,1315,53.68,110016.99,5,,
2026-05-26 12:05:00,skip_max_positions,CORZ,1316,53.68,110016.99,5,,
2026-05-26 12:05:00,skip_max_positions,ENPH,1317,53.68,110016.99,5,,
2026-05-26 12:05:00,skip_max_positions,LCID,1318,53.68,110016.99,5,,
2026-05-26 12:10:00,skip_max_positions,ALB,1319,53.68,109907.93,5,,
2026-05-26 12:10:00,skip_max_positions,SPCE,1320,53.68,109907.93,5,,
2026-05-26 12:10:00,skip_max_positions,AI,1321,53.68,109907.93,5,,
2026-05-26 12:10:00,skip_max_positions,RIOT,1322,53.68,109907.93,5,,
2026-05-26 12:10:00,skip_max_positions,SMR,1323,53.68,109907.93,5,,
2026-05-26 12:10:00,skip_max_positions,RKLB,1324,53.68,109907.93,5,,
2026-05-26 12:10:00,skip_max_positions,DDOG,1325,53.68,109907.93,5,,
2026-05-26 12:10:00,skip_max_positions,TWLO,1326,53.68,109907.93,5,,
2026-05-26 12:20:00,skip_max_positions,PACB,1327,53.68,110038.25,5,,
2026-05-26 12:30:00,skip_max_positions,PLTR,1328,53.68,110303.24,5,,
2026-05-26 12:55:00,skip_max_positions,ALAB,1329,53.68,110030.14,5,,
2026-05-26 13:15:00,skip_max_positions,TTD,1330,53.68,110248.2,5,,
2026-05-26 13:15:00,skip_max_positions,TOST,1331,53.68,110248.2,5,,
2026-05-26 13:35:00,skip_max_positions,AEHR,1332,53.68,109852.52,5,,
2026-05-26 13:35:00,skip_max_positions,COHR,1333,53.68,109852.52,5,,
2026-05-26 13:40:00,skip_max_positions,LAC,1334,53.68,109897.0,5,,
2026-05-26 13:40:00,skip_max_positions,RBLX,1335,53.68,109897.0,5,,
2026-05-26 13:45:00,skip_max_positions,NNE,1336,53.68,109873.61,5,,
2026-05-26 14:15:00,skip_max_positions,PLUG,1337,53.68,110331.25,5,,
2026-05-26 14:25:00,skip_max_positions,IONQ,1338,53.68,110089.5,5,,
2026-05-26 14:40:00,exit,BBAI,1276,21742.63,109539.39,4,-0.01547,False
2026-05-26 14:40:00,exit,JOBY,1277,44191.79,109539.39,3,0.01904,True
2026-05-26 14:40:00,exit,UEC,1278,66068.69,109539.39,2,-0.0068,False
2026-05-26 14:40:00,exit,SE,1279,87813.45,109539.39,1,-0.01312,False
2026-05-26 14:45:00,exit,SOUN,1280,109539.39,109539.39,0,-0.01134,False
2026-05-26 14:45:00,entry,ELF,1339,87631.51,109539.39,1,,
2026-05-26 14:55:00,entry,GH,1340,65727.78,109518.67,2,,
2026-05-26 15:05:00,entry,NET,1341,43810.74,109585.21,3,,
2026-05-26 15:10:00,entry,MRVL,1342,21858.66,109760.37,4,,
2026-05-26 15:10:00,skip_no_cash,MPWR,1343,21858.66,109714.9,4,,
2026-05-26 15:10:00,skip_no_cash,CRDO,1344,21858.66,109714.9,4,,
2026-05-26 15:10:00,skip_no_cash,ARQQ,1345,21858.66,109714.9,4,,
2026-05-26 15:10:00,skip_no_cash,JOBY,1346,21858.66,109714.9,4,,
2026-05-26 15:15:00,skip_no_cash,DOCN,1347,21858.66,109741.39,4,,
2026-05-26 15:20:00,skip_no_cash,LSCC,1348,21858.66,109800.17,4,,
2026-05-26 15:30:00,skip_no_cash,DNN,1349,21858.66,109831.69,4,,
2026-05-26 15:40:00,skip_no_cash,MU,1350,21858.66,110081.25,4,,
2026-05-26 15:55:00,exit,ELF,1339,44297.14,110184.03,3,0.02422,True
2026-05-26 15:55:00,exit,GH,1340,66370.33,110184.03,2,0.00774,False
2026-05-26 15:55:00,exit,NET,1341,88162.16,110184.03,1,-0.00571,False
2026-05-26 15:55:00,exit,MRVL,1342,110184.03,110184.03,0,0.00318,False
2026-05-27 10:10:00,entry,UPST,1351,88147.22,110184.03,1,,
2026-05-27 10:25:00,entry,CORZ,1352,66170.19,109885.18,2,,
2026-05-27 10:40:00,entry,AEHR,1353,44119.33,110254.31,3,,
2026-05-27 10:40:00,entry,HIVE,1354,22075.77,110217.79,4,,
2026-05-27 10:40:00,entry,SOUN,1355,15.73,110300.21,5,,
2026-05-27 10:40:00,skip_max_positions,AI,1356,15.73,110313.94,5,,
2026-05-27 10:40:00,skip_max_positions,MARA,1357,15.73,110313.94,5,,
2026-05-27 10:40:00,skip_max_positions,DNN,1358,15.73,110313.94,5,,
2026-05-27 10:40:00,skip_max_positions,BLDP,1359,15.73,110313.94,5,,
2026-05-27 10:40:00,skip_max_positions,LAC,1360,15.73,110313.94,5,,
2026-05-27 10:40:00,skip_max_positions,SERV,1361,15.73,110313.94,5,,
2026-05-27 10:40:00,skip_max_positions,DDOG,1362,15.73,110313.94,5,,
2026-05-27 10:40:00,skip_max_positions,NET,1363,15.73,110313.94,5,,
2026-05-27 10:40:00,skip_max_positions,UWM,1364,15.73,110313.94,5,,
2026-05-27 10:45:00,skip_max_positions,COIN,1365,15.73,110038.84,5,,
2026-05-27 10:45:00,skip_max_positions,LI,1366,15.73,110038.84,5,,
2026-05-27 10:50:00,exit,UPST,1351,21710.99,110298.33,4,-0.0155,False
2026-05-27 10:55:00,skip_no_cash,PACB,1367,21710.99,109995.65,4,,
2026-05-27 11:00:00,skip_no_cash,TTD,1368,21710.99,109965.26,4,,
2026-05-27 11:05:00,skip_no_cash,ELF,1369,21710.99,110050.94,4,,
2026-05-27 11:05:00,skip_no_cash,W,1370,21710.99,110050.94,4,,
2026-05-27 11:10:00,skip_no_cash,LEU,1371,21710.99,110636.07,4,,
2026-05-27 11:15:00,skip_no_cash,HOOD,1372,21710.99,110165.8,4,,
2026-05-27 11:15:00,skip_no_cash,ENPH,1373,21710.99,110165.8,4,,
2026-05-27 11:15:00,skip_no_cash,XPEV,1374,21710.99,110165.8,4,,
2026-05-27 11:20:00,skip_no_cash,NU,1375,21710.99,109870.73,4,,
2026-05-27 11:30:00,skip_no_cash,PLTR,1376,21710.99,110520.84,4,,
2026-05-27 11:30:00,skip_no_cash,FROG,1377,21710.99,110520.84,4,,
2026-05-27 11:30:00,skip_no_cash,ESTC,1378,21710.99,110520.84,4,,
2026-05-27 11:30:00,skip_no_cash,GTLB,1379,21710.99,110520.84,4,,
2026-05-27 11:35:00,skip_no_cash,PATH,1380,21710.99,109742.5,4,,
2026-05-27 11:35:00,skip_no_cash,ETSY,1381,21710.99,109742.5,4,,
2026-05-27 11:35:00,skip_no_cash,ENVX,1382,21710.99,109742.5,4,,
2026-05-27 11:35:00,skip_no_cash,LUNR,1383,21710.99,109742.5,4,,
2026-05-27 11:35:00,skip_no_cash,LCID,1384,21710.99,109742.5,4,,
2026-05-27 11:35:00,skip_no_cash,CHPT,1385,21710.99,109742.5,4,,
2026-05-27 11:35:00,skip_no_cash,TOST,1386,21710.99,109742.5,4,,
2026-05-27 11:35:00,skip_no_cash,RBLX,1387,21710.99,109742.5,4,,
2026-05-27 11:40:00,skip_no_cash,BBAI,1388,21710.99,109744.93,4,,
2026-05-27 11:40:00,skip_no_cash,DKNG,1389,21710.99,109744.93,4,,
2026-05-27 11:45:00,exit,AEHR,1353,42808.23,109277.07,3,-0.04325,False
2026-05-27 12:00:00,entry,SDGR,1390,20855.19,109765.22,4,,
2026-05-27 12:00:00,skip_no_cash,RUN,1391,20855.19,109806.32,4,,
2026-05-27 12:00:00,skip_no_cash,CSCO,1392,20855.19,109806.32,4,,
2026-05-27 12:00:00,skip_no_cash,APP,1393,20855.19,109806.32,4,,
2026-05-27 12:00:00,skip_no_cash,TEM,1394,20855.19,109806.32,4,,
2026-05-27 12:05:00,skip_no_cash,IONQ,1395,20855.19,109808.18,4,,
2026-05-27 12:05:00,skip_no_cash,CCJ,1396,20855.19,109808.18,4,,
2026-05-27 12:05:00,skip_no_cash,PLUG,1397,20855.19,109808.18,4,,
2026-05-27 12:20:00,skip_no_cash,RDDT,1398,20855.19,110149.13,4,,
2026-05-27 12:20:00,skip_no_cash,ALB,1399,20855.19,110149.13,4,,
2026-05-27 12:20:00,skip_no_cash,HIMS,1400,20855.19,110149.13,4,,
2026-05-27 12:25:00,skip_no_cash,NIO,1401,20855.19,110090.03,4,,
2026-05-27 12:25:00,skip_no_cash,ROKU,1402,20855.19,110090.03,4,,
2026-05-27 12:45:00,exit,SDGR,1390,42569.88,109967.52,3,-0.01086,False
2026-05-27 12:55:00,entry,ASTS,1403,20464.8,110525.39,4,,
2026-05-27 13:00:00,skip_no_cash,QS,1404,20464.8,110316.86,4,,
2026-05-27 13:00:00,skip_no_cash,ACHR,1405,20464.8,110316.86,4,,
2026-05-27 13:25:00,skip_no_cash,BE,1406,20464.8,110746.07,4,,
2026-05-27 13:25:00,skip_no_cash,RKLB,1407,20464.8,110746.07,4,,
2026-05-27 13:25:00,skip_no_cash,COHR,1408,20464.8,110746.07,4,,
2026-05-27 13:25:00,skip_no_cash,RIOT,1409,20464.8,110746.07,4,,
2026-05-27 13:25:00,skip_no_cash,CLSK,1410,20464.8,110746.07,4,,
2026-05-27 13:25:00,skip_no_cash,CIFR,1411,20464.8,110746.07,4,,
2026-05-27 13:25:00,skip_no_cash,QUBT,1412,20464.8,110746.07,4,,
2026-05-27 13:25:00,skip_no_cash,JOBY,1413,20464.8,110746.07,4,,
2026-05-27 13:25:00,skip_no_cash,UEC,1414,20464.8,110746.07,4,,
2026-05-27 13:55:00,skip_no_cash,OKLO,1415,20464.8,110521.54,4,,
2026-05-27 14:15:00,skip_no_cash,RGTI,1416,20464.8,111547.12,4,,
2026-05-27 14:15:00,skip_no_cash,QCOM,1417,20464.8,111547.12,4,,
2026-05-27 14:15:00,skip_no_cash,IREN,1418,20464.8,111547.12,4,,
2026-05-27 14:15:00,skip_no_cash,HUT,1419,20464.8,111547.12,4,,
2026-05-27 14:25:00,exit,CORZ,1352,43220.22,111765.55,3,0.03542,True
2026-05-27 14:30:00,exit,HIVE,1354,67671.64,111824.81,2,0.10923,True
2026-05-27 14:35:00,entry,SMCI,1420,45358.14,111567.52,3,,
2026-05-27 14:35:00,entry,BTDR,1421,23049.91,111541.15,4,,
2026-05-27 14:40:00,exit,SOUN,1355,45109.95,111889.78,3,0.0,False
2026-05-27 14:50:00,entry,NTLA,1422,22714.63,111976.61,4,,
2026-05-27 14:55:00,entry,RXRX,1423,435.25,111396.91,5,,
2026-05-27 14:55:00,skip_max_positions,CRSP,1424,435.25,111257.88,5,,
2026-05-27 15:00:00,skip_max_positions,GH,1425,435.25,111242.93,5,,
2026-05-27 15:15:00,skip_max_positions,ALAB,1426,435.25,111296.75,5,,
2026-05-27 15:15:00,skip_max_positions,SOUN,1427,435.25,111296.75,5,,
2026-05-27 15:20:00,skip_max_positions,DOCN,1428,435.25,111255.38,5,,
2026-05-27 15:20:00,skip_max_positions,CRDO,1429,435.25,111255.38,5,,
2026-05-27 15:25:00,skip_max_positions,SNDK,1430,435.25,111152.89,5,,
2026-05-27 15:25:00,skip_max_positions,MRVL,1431,435.25,111152.89,5,,
2026-05-27 15:25:00,skip_max_positions,BLNK,1432,435.25,111152.89,5,,
2026-05-27 15:30:00,skip_max_positions,CORZ,1433,435.25,111385.0,5,,
2026-05-27 15:40:00,skip_max_positions,LSCC,1434,435.25,111696.8,5,,
2026-05-27 15:40:00,skip_max_positions,WOLF,1435,435.25,111696.8,5,,
2026-05-27 15:40:00,skip_max_positions,MARA,1436,435.25,111696.8,5,,
2026-05-27 15:55:00,exit,ASTS,1403,22684.54,111454.38,4,0.00652,False
2026-05-27 15:55:00,exit,SMCI,1420,45059.57,111454.38,3,0.00276,False
2026-05-27 15:55:00,exit,BTDR,1421,67334.82,111454.38,2,-0.00148,False
2026-05-27 15:55:00,exit,NTLA,1422,89418.29,111454.38,1,-0.01392,False
2026-05-27 15:55:00,exit,RXRX,1423,111454.38,111454.38,0,-0.01092,False
2026-05-28 10:20:00,entry,LAES,1437,89163.5,111454.38,1,,
2026-05-28 10:40:00,entry,CLSK,1438,66860.09,111517.08,2,,
2026-05-28 10:40:00,entry,CORZ,1439,44559.16,111504.61,3,,
2026-05-28 10:40:00,entry,CCJ,1440,22246.89,111561.36,4,,
2026-05-28 10:45:00,skip_no_cash,SOUN,1441,22246.89,111723.07,4,,
2026-05-28 10:45:00,skip_no_cash,RGTI,1442,22246.89,111723.07,4,,
2026-05-28 10:45:00,skip_no_cash,IONQ,1443,22246.89,111723.07,4,,
2026-05-28 10:45:00,skip_no_cash,QBTS,1444,22246.89,111723.07,4,,
2026-05-28 10:45:00,skip_no_cash,NNE,1445,22246.89,111723.07,4,,
2026-05-28 10:45:00,skip_no_cash,LAC,1446,22246.89,111723.07,4,,
2026-05-28 10:45:00,skip_no_cash,TEM,1447,22246.89,111723.07,4,,
2026-05-28 10:50:00,skip_no_cash,HOOD,1448,22246.89,111727.17,4,,
2026-05-28 10:50:00,skip_no_cash,OKLO,1449,22246.89,111727.17,4,,
2026-05-28 10:50:00,skip_no_cash,BLNK,1450,22246.89,111727.17,4,,
2026-05-28 10:50:00,skip_no_cash,NET,1451,22246.89,111727.17,4,,
2026-05-28 10:50:00,skip_no_cash,SOFI,1452,22246.89,111727.17,4,,
2026-05-28 10:55:00,skip_no_cash,TMDX,1453,22246.89,111832.45,4,,
2026-05-28 10:55:00,skip_no_cash,OPEN,1454,22246.89,111832.45,4,,
2026-05-28 10:55:00,skip_no_cash,HIVE,1455,22246.89,111832.45,4,,
2026-05-28 10:55:00,skip_no_cash,ENVX,1456,22246.89,111832.45,4,,
2026-05-28 11:00:00,skip_no_cash,ELF,1457,22246.89,112559.41,4,,
2026-05-28 11:00:00,skip_no_cash,SNOW,1458,22246.89,112559.41,4,,
2026-05-28 11:00:00,skip_no_cash,W,1459,22246.89,112559.41,4,,
2026-05-28 11:05:00,skip_no_cash,CELH,1460,22246.89,112765.28,4,,
2026-05-28 11:10:00,skip_no_cash,UEC,1461,22246.89,112746.81,4,,
2026-05-28 11:10:00,skip_no_cash,DNN,1462,22246.89,112746.81,4,,
2026-05-28 11:10:00,skip_no_cash,RXRX,1463,22246.89,112746.81,4,,
2026-05-28 11:10:00,skip_no_cash,GH,1464,22246.89,112746.81,4,,
2026-05-28 11:15:00,skip_no_cash,FSLR,1465,22246.89,113027.4,4,,
2026-05-28 11:20:00,skip_no_cash,LCID,1466,22246.89,112925.72,4,,
2026-05-28 11:20:00,skip_no_cash,ETSY,1467,22246.89,112925.72,4,,
2026-05-28 11:20:00,skip_no_cash,FUBO,1468,22246.89,112925.72,4,,
2026-05-28 11:25:00,skip_no_cash,SEDG,1469,22246.89,113257.62,4,,
2026-05-28 11:25:00,skip_no_cash,SDGR,1470,22246.89,113257.62,4,,
2026-05-28 11:30:00,skip_no_cash,DNA,1471,22246.89,113347.4,4,,
2026-05-28 11:35:00,skip_no_cash,MU,1472,22246.89,113557.46,4,,
2026-05-28 11:35:00,skip_no_cash,MARA,1473,22246.89,113557.46,4,,
2026-05-28 11:45:00,skip_no_cash,APP,1474,22246.89,113511.49,4,,
2026-05-28 11:55:00,skip_no_cash,RDDT,1475,22246.89,113770.79,4,,
2026-05-28 12:00:00,skip_no_cash,QCOM,1476,22246.89,113867.0,4,,
2026-05-28 12:05:00,skip_no_cash,ALAB,1477,22246.89,113913.29,4,,
2026-05-28 12:05:00,skip_no_cash,AI,1478,22246.89,113913.29,4,,
2026-05-28 12:05:00,skip_no_cash,FROG,1479,22246.89,113913.29,4,,
2026-05-28 12:10:00,skip_no_cash,ARM,1480,22246.89,113953.78,4,,
2026-05-28 12:10:00,skip_no_cash,AFRM,1481,22246.89,113953.78,4,,
2026-05-28 12:15:00,skip_no_cash,RIOT,1482,22246.89,113897.05,4,,
2026-05-28 12:30:00,skip_no_cash,SERV,1483,22246.89,113909.29,4,,
2026-05-28 12:35:00,skip_no_cash,CVNA,1484,22246.89,114115.59,4,,
2026-05-28 12:40:00,skip_no_cash,CIFR,1485,22246.89,114044.1,4,,
2026-05-28 12:45:00,skip_no_cash,UPST,1486,22246.89,114029.9,4,,
2026-05-28 12:45:00,skip_no_cash,HUT,1487,22246.89,114029.9,4,,
2026-05-28 12:45:00,skip_no_cash,NTLA,1488,22246.89,114029.9,4,,
2026-05-28 12:45:00,skip_no_cash,PACB,1489,22246.89,114029.9,4,,
2026-05-28 12:50:00,skip_no_cash,SPCE,1490,22246.89,114147.72,4,,
2026-05-28 13:05:00,skip_no_cash,HIMS,1491,22246.89,113724.01,4,,
2026-05-28 13:10:00,skip_no_cash,WOLF,1492,22246.89,113459.04,4,,
2026-05-28 13:10:00,skip_no_cash,CRDO,1493,22246.89,113459.04,4,,
2026-05-28 13:25:00,skip_no_cash,LUNR,1494,22246.89,113183.46,4,,
2026-05-28 13:25:00,skip_no_cash,ESTC,1495,22246.89,113183.46,4,,
2026-05-28 13:25:00,skip_no_cash,ASTS,1496,22246.89,113183.46,4,,
2026-05-28 13:30:00,skip_no_cash,RKLB,1497,22246.89,113029.17,4,,
2026-05-28 13:35:00,skip_no_cash,JOBY,1498,22246.89,113159.74,4,,
2026-05-28 13:40:00,skip_no_cash,BLDP,1499,22246.89,113375.76,4,,
2026-05-28 13:40:00,skip_no_cash,BBAI,1500,22246.89,113375.76,4,,
2026-05-28 13:40:00,skip_no_cash,LEU,1501,22246.89,113375.76,4,,
2026-05-28 13:40:00,skip_no_cash,PLUG,1502,22246.89,113375.76,4,,
2026-05-28 13:40:00,skip_no_cash,CHPT,1503,22246.89,113375.76,4,,
2026-05-28 13:45:00,skip_no_cash,MRVL,1504,22246.89,113395.29,4,,
2026-05-28 13:45:00,skip_no_cash,BEAM,1505,22246.89,113395.29,4,,
2026-05-28 13:50:00,skip_no_cash,SMR,1506,22246.89,113403.5,4,,
2026-05-28 13:50:00,skip_no_cash,TSM,1507,22246.89,113403.5,4,,
2026-05-28 13:50:00,skip_no_cash,ASML,1508,22246.89,113403.5,4,,
2026-05-28 13:50:00,skip_no_cash,ON,1509,22246.89,113403.5,4,,
2026-05-28 13:50:00,skip_no_cash,LRCX,1510,22246.89,113403.5,4,,
2026-05-28 13:50:00,skip_no_cash,KLAC,1511,22246.89,113403.5,4,,
2026-05-28 13:50:00,skip_no_cash,MPWR,1512,22246.89,113403.5,4,,
2026-05-28 13:50:00,skip_no_cash,LSCC,1513,22246.89,113403.5,4,,
2026-05-28 13:50:00,skip_no_cash,ACHR,1514,22246.89,113403.5,4,,
2026-05-28 14:00:00,skip_no_cash,PATH,1515,22246.89,113726.21,4,,
2026-05-28 14:20:00,exit,LAES,1437,45196.77,113907.97,3,0.02956,True
2026-05-28 14:20:00,entry,RUN,1516,22415.18,113907.97,4,,
2026-05-28 14:30:00,skip_no_cash,BE,1517,22415.18,113959.86,4,,
2026-05-28 14:35:00,skip_no_cash,BTDR,1518,22415.18,114000.56,4,,
2026-05-28 14:40:00,exit,CLSK,1438,45242.21,114059.59,3,0.02348,True
2026-05-28 14:40:00,exit,CORZ,1439,67990.29,114059.59,2,0.02005,True
2026-05-28 14:40:00,exit,CCJ,1440,91068.2,114059.59,1,0.03431,True
2026-05-28 14:45:00,entry,SOUN,1519,68262.07,114030.65,2,,
2026-05-28 14:45:00,entry,EDIT,1520,45490.27,113858.98,3,,
2026-05-28 14:45:00,entry,MELI,1521,22718.47,113858.98,4,,
2026-05-28 14:50:00,skip_no_cash,QS,1522,22718.47,113932.0,4,,
2026-05-28 15:00:00,skip_no_cash,AEHR,1523,22718.47,113993.31,4,,
2026-05-28 15:10:00,skip_no_cash,FSLR,1524,22718.47,114265.13,4,,
2026-05-28 15:15:00,skip_no_cash,CRWD,1525,22718.47,114081.59,4,,
2026-05-28 15:25:00,skip_no_cash,RIVN,1526,22718.47,114092.15,4,,
2026-05-28 15:30:00,skip_no_cash,LAES,1527,22718.47,114138.24,4,,
2026-05-28 15:35:00,skip_no_cash,MDB,1528,22718.47,113802.44,4,,
2026-05-28 15:55:00,exit,RUN,1516,45702.63,113691.07,3,0.00889,False
2026-05-28 15:55:00,exit,SOUN,1519,68363.5,113691.07,2,-0.00637,False
2026-05-28 15:55:00,exit,EDIT,1520,90937.0,113691.07,1,-0.00871,False
2026-05-28 15:55:00,exit,MELI,1521,113691.07,113691.07,0,-0.00078,False
2026-05-29 10:40:00,entry,RBLX,1529,90952.86,113691.07,1,,
2026-05-29 10:40:00,entry,LCID,1530,68218.05,113674.01,2,,
2026-05-29 10:40:00,entry,ENVX,1531,45501.03,113585.13,3,,
2026-05-29 10:40:00,entry,MU,1532,22817.36,113418.32,4,,
2026-05-29 10:40:00,entry,NIO,1533,161.93,113277.15,5,,
2026-05-29 10:40:00,skip_max_positions,SE,1534,161.93,113153.12,5,,
2026-05-29 10:40:00,skip_max_positions,GTLB,1535,161.93,113153.12,5,,
2026-05-29 10:45:00,skip_max_positions,TTD,1536,161.93,113866.36,5,,
2026-05-29 11:00:00,skip_max_positions,PATH,1537,161.93,114812.62,5,,
2026-05-29 11:00:00,skip_max_positions,RUN,1538,161.93,114812.62,5,,
2026-05-29 11:00:00,skip_max_positions,DDOG,1539,161.93,114812.62,5,,
2026-05-29 11:00:00,skip_max_positions,NET,1540,161.93,114812.62,5,,
2026-05-29 11:00:00,skip_max_positions,CRWD,1541,161.93,114812.62,5,,
2026-05-29 11:05:00,skip_max_positions,PLTR,1542,161.93,115113.18,5,,
2026-05-29 11:10:00,exit,RBLX,1529,23470.43,115194.25,4,0.02508,True
2026-05-29 11:10:00,entry,CAVA,1543,431.58,115194.25,5,,
2026-05-29 11:30:00,skip_max_positions,PACB,1544,431.58,116113.01,5,,
2026-05-29 11:35:00,skip_max_positions,SOUN,1545,431.58,116225.76,5,,
2026-05-29 11:35:00,skip_max_positions,QBTS,1546,431.58,116225.76,5,,
2026-05-29 11:35:00,skip_max_positions,UEC,1547,431.58,116225.76,5,,
2026-05-29 11:35:00,skip_max_positions,DNN,1548,431.58,116225.76,5,,
2026-05-29 11:35:00,skip_max_positions,SOFI,1549,431.58,116225.76,5,,
2026-05-29 11:40:00,skip_max_positions,HIVE,1550,431.58,116065.73,5,,
2026-05-29 11:40:00,skip_max_positions,XPEV,1551,431.58,116065.73,5,,
2026-05-29 11:40:00,skip_max_positions,RXRX,1552,431.58,116065.73,5,,
2026-05-29 11:40:00,skip_max_positions,BEAM,1553,431.58,116065.73,5,,
2026-05-29 11:55:00,skip_max_positions,SHOP,1554,431.58,116030.9,5,,
2026-05-29 12:00:00,skip_max_positions,FSLR,1555,431.58,116583.16,5,,
2026-05-29 12:00:00,skip_max_positions,OKLO,1556,431.58,116583.16,5,,
2026-05-29 12:05:00,exit,LCID,1530,24072.93,116779.29,4,0.03987,True
2026-05-29 12:05:00,entry,ELF,1557,717.07,116779.29,5,,
2026-05-29 12:10:00,skip_max_positions,IREN,1558,717.07,116726.67,5,,
2026-05-29 12:15:00,skip_max_positions,AFRM,1559,717.07,116797.51,5,,
2026-05-29 12:40:00,skip_max_positions,SNOW,1560,717.07,116439.38,5,,
2026-05-29 12:40:00,skip_max_positions,TOST,1561,717.07,116439.38,5,,
2026-05-29 12:40:00,skip_max_positions,RDDT,1562,717.07,116439.38,5,,
2026-05-29 12:40:00,skip_max_positions,TWLO,1563,717.07,116439.38,5,,
2026-05-29 12:40:00,skip_max_positions,ESTC,1564,717.07,116439.38,5,,
2026-05-29 12:45:00,exit,CAVA,1543,23477.93,116457.06,4,-0.01207,False
2026-05-29 12:45:00,entry,BBAI,1565,186.52,116457.06,5,,
2026-05-29 12:45:00,skip_max_positions,QS,1566,186.52,116457.06,5,,
2026-05-29 12:45:00,skip_max_positions,IONQ,1567,186.52,116457.06,5,,
2026-05-29 12:45:00,skip_max_positions,RKLB,1568,186.52,116457.06,5,,
2026-05-29 12:45:00,skip_max_positions,MARA,1569,186.52,116457.06,5,,
2026-05-29 12:45:00,skip_max_positions,QUBT,1570,186.52,116457.06,5,,
2026-05-29 12:45:00,skip_max_positions,SMR,1571,186.52,116457.06,5,,
2026-05-29 12:45:00,skip_max_positions,LAC,1572,186.52,116457.06,5,,
2026-05-29 12:45:00,skip_max_positions,DOCN,1573,186.52,116457.06,5,,
2026-05-29 12:50:00,skip_max_positions,EDIT,1574,186.52,116569.49,5,,
2026-05-29 12:50:00,skip_max_positions,NU,1575,186.52,116569.49,5,,
2026-05-29 12:55:00,skip_max_positions,ETSY,1576,186.52,116599.08,5,,
2026-05-29 12:55:00,skip_max_positions,ARQQ,1577,186.52,116599.08,5,,
2026-05-29 13:00:00,skip_max_positions,NNE,1578,186.52,116801.72,5,,
2026-05-29 13:05:00,exit,ELF,1557,23328.1,116533.95,4,-0.00917,False
2026-05-29 13:05:00,entry,HOOD,1579,21.31,116533.95,5,,
2026-05-29 13:15:00,exit,ENVX,1531,24558.12,116889.86,4,0.08011,True
2026-05-29 13:20:00,entry,LUNR,1580,1130.31,117139.08,5,,
2026-05-29 13:35:00,skip_max_positions,ARM,1581,1130.31,117254.53,5,,
2026-05-29 13:45:00,skip_max_positions,CHPT,1582,1130.31,116398.01,5,,
2026-05-29 13:45:00,skip_max_positions,SDGR,1583,1130.31,116398.01,5,,
2026-05-29 13:45:00,skip_max_positions,OPEN,1584,1130.31,116398.01,5,,
2026-05-29 14:00:00,exit,LUNR,1580,24107.27,116205.78,4,-0.01924,False
2026-05-29 14:00:00,entry,ACHR,1585,866.12,116205.78,5,,
2026-05-29 14:00:00,skip_max_positions,LEU,1586,866.12,116119.95,5,,
2026-05-29 14:00:00,skip_max_positions,QCOM,1587,866.12,116119.95,5,,
2026-05-29 14:00:00,skip_max_positions,ASTS,1588,866.12,116119.95,5,,
2026-05-29 14:10:00,skip_max_positions,DNA,1589,866.12,116495.59,5,,
2026-05-29 14:10:00,skip_max_positions,PLUG,1590,866.12,116495.59,5,,
2026-05-29 14:10:00,skip_max_positions,AI,1591,866.12,116495.59,5,,
2026-05-29 14:10:00,skip_max_positions,CCJ,1592,866.12,116495.59,5,,
2026-05-29 14:10:00,skip_max_positions,HIMS,1593,866.12,116495.59,5,,
2026-05-29 14:15:00,skip_max_positions,RIVN,1594,866.12,116769.47,5,,
2026-05-29 14:25:00,skip_max_positions,TMDX,1595,866.12,116457.76,5,,
2026-05-29 14:25:00,skip_max_positions,UPST,1596,866.12,116457.76,5,,
2026-05-29 14:30:00,skip_max_positions,FUBO,1597,866.12,116392.88,5,,
2026-05-29 14:35:00,skip_max_positions,NTLA,1598,866.12,116212.87,5,,
2026-05-29 14:40:00,exit,MU,1532,23429.59,115938.19,4,-0.0053,False
2026-05-29 14:40:00,exit,NIO,1533,46601.79,115938.19,3,0.02281,True
2026-05-29 14:40:00,entry,ROKU,1599,23414.16,115938.19,4,,
2026-05-29 14:40:00,entry,GTLB,1600,220.31,115969.23,5,,
2026-05-29 14:45:00,exit,ACHR,1585,23083.84,115510.23,4,-0.01625,False
2026-05-29 14:50:00,exit,HOOD,1579,46020.03,115219.81,3,-0.0159,False
2026-05-29 14:55:00,exit,BBAI,1565,68990.5,115168.85,2,-0.01378,False
2026-05-29 15:10:00,entry,MDB,1601,45945.81,115223.45,3,,
2026-05-29 15:15:00,entry,RIOT,1602,22854.6,115456.01,4,,
2026-05-29 15:15:00,skip_no_cash,CLSK,1603,22854.6,115456.01,4,,
2026-05-29 15:15:00,skip_no_cash,ENVX,1604,22854.6,115456.01,4,,
2026-05-29 15:15:00,skip_no_cash,NIO,1605,22854.6,115456.01,4,,
2026-05-29 15:15:00,skip_no_cash,FROG,1606,22854.6,115456.01,4,,
2026-05-29 15:20:00,skip_no_cash,ENPH,1607,22854.6,115686.25,4,,
2026-05-29 15:30:00,skip_no_cash,WULF,1608,22854.6,116144.82,4,,
2026-05-29 15:55:00,exit,ROKU,1599,45947.35,116164.17,3,-0.00409,False
2026-05-29 15:55:00,exit,GTLB,1600,69420.82,116164.17,2,0.01206,True
2026-05-29 15:55:00,exit,MDB,1601,93225.22,116164.18,1,0.03297,True
2026-05-29 15:55:00,exit,RIOT,1602,116164.17,116164.17,0,-0.00659,False
